version 2
JvmtiExport can_access_local_variables 0
JvmtiExport can_hotswap_or_post_breakpoint 1
JvmtiExport can_post_on_exceptions 0
# 254 ciObject found
instanceKlass com/intellij/util/lang/ZipResourceFile
instanceKlass java/util/DualPivotQuicksort$SortOperation
instanceKlass java/util/DualPivotQuicksort
instanceKlass java/util/concurrent/CompletableFuture$AsynchronousCompletionTask
instanceKlass java/util/concurrent/CompletableFuture$AltResult
instanceKlass com/intellij/openapi/util/io/FileAttributes
instanceKlass com/intellij/util/InsecureHashBuilderKt
instanceKlass com/intellij/util/InsecureHashBuilder$Companion
instanceKlass com/intellij/openapi/editor/ex/PrioritizedDocumentListener
instanceKlass com/intellij/openapi/vfs/impl/GenericZipFile
instanceKlass com/intellij/openapi/editor/event/DocumentListener
instanceKlass com/intellij/util/InsecureHashBuilder
instanceKlass com/intellij/xdebugger/XDebuggerBundle
instanceKlass com/intellij/openapi/editor/ex/DocumentEx
instanceKlass com/intellij/ui/ColorUtil
instanceKlass  @bci com/intellij/openapi/actionSystem/impl/ActionManagerImplKt processSynonymNode (Lcom/intellij/openapi/actionSystem/AnAction;Lcom/intellij/util/xml/dom/XmlElement;Lcom/intellij/ide/plugins/IdeaPluginDescriptor;Lkotlin/jvm/functions/Function0;)V 50 <appendix> member <vmtarget> ; # com/intellij/openapi/actionSystem/impl/ActionManagerImplKt$$Lambda+0x0000000011696ed8
instanceKlass com/intellij/openapi/vfs/impl/AddonlyKeylessHash$KeyValueMapper
instanceKlass com/intellij/openapi/editor/Document
instanceKlass com/intellij/openapi/vfs/impl/ArchiveHandler
instanceKlass  @bci com/intellij/ide/ui/UIThemeKt$createTheme$1 <init> (Lkotlin/jvm/functions/Function1;Ljava/util/Map;Ljava/lang/ClassLoader;)V 21 <appendix> argL0 ; # com/intellij/ide/ui/UIThemeKt$createTheme$1$$Lambda+0x0000000011695a48
instanceKlass com/intellij/openapi/fileEditor/FileDocumentManager
instanceKlass com/intellij/openapi/vfs/SavingRequestor
instanceKlass  @bci com/intellij/openapi/actionSystem/impl/ActionManagerImplKt processOverrideTextNode (Lcom/intellij/openapi/actionSystem/AnAction;Ljava/lang/String;Lcom/intellij/util/xml/dom/XmlElement;Lcom/intellij/ide/plugins/IdeaPluginDescriptor;Lkotlin/jvm/functions/Function0;)V 172 <appendix> member <vmtarget> ; # com/intellij/openapi/actionSystem/impl/ActionManagerImplKt$$Lambda+0x00000000116949a0
instanceKlass com/intellij/openapi/vfs/newvfs/persistent/IPersistentFSRecordsStorage$HeaderForUpdate
instanceKlass org/intellij/plugins/markdown/MarkdownBundle
instanceKlass  @bci com/intellij/ide/ui/UiThemePaletteCheckBoxScope <init> (Lcom/intellij/ide/ui/UIThemeBean;)V 54 <appendix> member <vmtarget> ; # com/intellij/ide/ui/UiThemePaletteCheckBoxScope$$Lambda+0x0000000011693fe8
instanceKlass com/intellij/openapi/vfs/newvfs/persistent/IPersistentFSRecordsStorage$HeaderForRead
instanceKlass com/intellij/ide/ui/UiThemePaletteCheckBoxScope
instanceKlass com/intellij/openapi/vfs/newvfs/persistent/IPersistentFSRecordsStorage$RecordForUpdate
instanceKlass org/jetbrains/kotlin/idea/base/indices/names/KotlinBinaryRootToPackageIndex$Companion
instanceKlass com/intellij/openapi/vfs/newvfs/persistent/IPersistentFSRecordsStorage$RecordForRead
instanceKlass  @bci com/intellij/ide/ui/UiThemePaletteScopeImpl <init> ()V 38 <appendix> member <vmtarget> ; # com/intellij/ide/ui/UiThemePaletteScopeImpl$$Lambda+0x0000000011693450
instanceKlass com/intellij/openapi/vfs/newvfs/persistent/PersistentFSRecordsLockFreeOverMMappedFile
instanceKlass com/intellij/idea/ActionsBundle
instanceKlass com/intellij/ui/svg/SvgAttributePatcher
instanceKlass com/intellij/util/io/Unmappable
instanceKlass com/android/tools/idea/projectsystem/gradle/DisableKotlinGradleTomlVersionCatalogReferencesSearcher
instanceKlass com/intellij/openapi/vfs/newvfs/persistent/PersistentFSRecordsStorage
instanceKlass com/intellij/ide/ui/UiThemePaletteScopeImpl
instanceKlass  @bci com/intellij/openapi/actionSystem/DefaultActionGroup addAction (Lcom/intellij/openapi/actionSystem/AnAction;Lcom/intellij/openapi/actionSystem/Constraints;Lcom/intellij/openapi/actionSystem/ActionManager;)Lcom/intellij/openapi/actionSystem/ActionInGroup; 36 <appendix> member <vmtarget> ; # com/intellij/openapi/actionSystem/DefaultActionGroup$$Lambda+0x0000000011691fc0
instanceKlass com/intellij/ide/ui/UiThemePaletteScope
instanceKlass org/jetbrains/kotlin/idea/base/indices/names/KotlinTopLevelClassLikeDeclarationByPackageShortNameIndex$Companion
instanceKlass com/android/tools/idea/projectsystem/gradle/AndroidStudioSettingsInitializer
instanceKlass com/intellij/serialization/PropertyAccessor
instanceKlass com/intellij/ide/ui/UiThemePaletteScopeManager
instanceKlass com/intellij/ide/debug/ApplicationStateDebugSupport$Companion
instanceKlass com/android/tools/idea/projectsystem/gradle/DisableGradleProjectOpenProcessor
instanceKlass  @bci com/intellij/openapi/actionSystem/Separator <init> ()V 5 <appendix> argL0 ; # com/intellij/openapi/actionSystem/Separator$$Lambda+0x00000000116915b8
instanceKlass com/intellij/ide/debug/ApplicationStateDebugSupport
instanceKlass org/jetbrains/kotlin/idea/base/indices/names/KotlinTopLevelCallableByPackageShortNameIndex$Companion
instanceKlass  @bci com/intellij/openapi/wm/impl/FocusManagerImpl <init> ()V 88 <appendix> argL0 ; # com/intellij/openapi/wm/impl/FocusManagerImpl$$Lambda+0x0000000011690be8
instanceKlass com/intellij/openapi/vfs/newvfs/persistent/PersistentFSRecordsStorageFactory$Companion
instanceKlass  @bci com/intellij/openapi/actionSystem/impl/ActionManagerImplKt processSynonymNode (Lcom/intellij/openapi/actionSystem/AnAction;Lcom/intellij/util/xml/dom/XmlElement;Lcom/intellij/ide/plugins/IdeaPluginDescriptor;Lkotlin/jvm/functions/Function0;)V 96 <appendix> member <vmtarget> ; # com/intellij/openapi/actionSystem/impl/ActionManagerImplKt$$Lambda+0x0000000011690738
instanceKlass  @bci com/intellij/openapi/wm/impl/FocusManagerImpl <init> ()V 77 <appendix> member <vmtarget> ; # com/intellij/openapi/wm/impl/FocusManagerImpl$$Lambda+0x00000000116904d0
instanceKlass com/intellij/openapi/vfs/newvfs/persistent/PersistentFSRecordsStorageFactory
instanceKlass com/android/tools/idea/stats/LowMemoryReporter$OnStartup
instanceKlass com/intellij/ide/ui/UIThemeKt
instanceKlass com/intellij/platform/util/io/storages/StorageFactory
instanceKlass  @bci com/intellij/util/ui/StartupUiUtil addAwtListener (JLcom/intellij/openapi/Disposable;Ljava/awt/event/AWTEventListener;)V 24 <appendix> member <vmtarget> ; # com/intellij/util/ui/StartupUiUtil$$Lambda+0x0000000011689b58
instanceKlass com/android/tools/idea/instrumentation/threading/ThreadingChecker
instanceKlass  @bci org/jetbrains/kotlin/idea/vfilefinder/KlibMetaFileIndex <init> ()V 6 <appendix> argL0 ; # org/jetbrains/kotlin/idea/vfilefinder/KlibMetaFileIndex$$Lambda+0x0000000011686750
instanceKlass  @bci com/intellij/openapi/wm/impl/FocusManagerImpl <init> ()V 63 <appendix> member <vmtarget> ; # com/intellij/openapi/wm/impl/FocusManagerImpl$$Lambda+0x000000001168fc98
instanceKlass  @bci com/intellij/openapi/wm/impl/FrameInfo <init> ()V 7 <appendix> argL0 ; # com/intellij/openapi/wm/impl/FrameInfo$$Lambda+0x000000001168fa38
instanceKlass  @bci com/intellij/openapi/vfs/newvfs/persistent/FSRecordsImpl <clinit> ()V 155 <appendix> argL0 ; # com/intellij/openapi/vfs/newvfs/persistent/FSRecordsImpl$$Lambda+0x000000001168f7d8
instanceKlass org/jetbrains/kotlin/idea/vfilefinder/KlibMetaFileIndex$Companion
instanceKlass com/intellij/openapi/wm/impl/FocusManagerImpl$AppListener
instanceKlass com/intellij/openapi/application/ApplicationActivationListener
instanceKlass com/intellij/util/containers/RefKeyRefValueHashMap$ValueReference
instanceKlass com/intellij/util/containers/RefKeyRefValueHashMap
instanceKlass  @bci org/jetbrains/kotlin/idea/vfilefinder/KotlinStdlibIndex <init> ()V 6 <appendix> argL0 ; # org/jetbrains/kotlin/idea/vfilefinder/KotlinStdlibIndex$$Lambda+0x0000000011685fc8
instanceKlass com/android/tools/idea/startup/AndroidStudioInitializer
instanceKlass com/android/tools/idea/gradle/structure/PsdActionsInitializer
instanceKlass com/intellij/openapi/vfs/DiskQueryRelay
instanceKlass org/jetbrains/kotlin/name/Name
instanceKlass  @bci com/intellij/openapi/vfs/newvfs/persistent/FSRecordsImpl <clinit> ()V 147 <appendix> argL0 ; # com/intellij/openapi/vfs/newvfs/persistent/FSRecordsImpl$$Lambda+0x000000001168d7d8
instanceKlass org/jetbrains/kotlin/name/FqNameUnsafe$Companion
instanceKlass com/intellij/execution/ui/UIExperiment
instanceKlass com/intellij/openapi/vfs/newvfs/persistent/FSRecordsImpl$ErrorHandler
instanceKlass org/jetbrains/kotlin/name/FqNameUnsafe
instanceKlass com/intellij/util/containers/ConcurrentPackedBitsArrayImpl
instanceKlass com/android/tools/idea/gradle/adtimport/AdtImportInitializer
instanceKlass com/intellij/util/containers/ConcurrentPackedBitsArray
instanceKlass com/android/cliserver/CliIntegrationService$CliIntegrationServiceInitializer
instanceKlass org/jetbrains/kotlin/name/FqName$Companion
instanceKlass com/intellij/util/containers/HashSetQueue$QueueEntry
instanceKlass com/intellij/openapi/wm/impl/WindowManagerImpl$3
instanceKlass com/intellij/openapi/wm/IdeFocusManager
instanceKlass com/android/tools/idea/startup/AndroidStudioActionCustomizer
instanceKlass com/intellij/openapi/wm/FocusRequestor
instanceKlass com/intellij/openapi/project/ProjectCloseListener$Companion
instanceKlass com/intellij/util/containers/HashSetQueue$PositionalIterator
instanceKlass org/jetbrains/kotlin/idea/vfilefinder/KotlinStdlibIndex$Companion
instanceKlass com/intellij/openapi/project/ProjectCloseListener
instanceKlass com/intellij/openapi/vfs/newvfs/persistent/PersistentFSTreeAccessor
instanceKlass com/intellij/openapi/actionSystem/impl/AddShortcutOperation
instanceKlass  @bci org/jetbrains/kotlin/idea/vfilefinder/KotlinBuiltInsMetadataIndex <init> ()V 11 <appendix> argL0 ; # org/jetbrains/kotlin/idea/vfilefinder/KotlinBuiltInsMetadataIndex$$Lambda+0x0000000011684ef8
instanceKlass com/intellij/openapi/actionSystem/impl/KeymapShortcutOperation
instanceKlass java/net/spi/URLStreamHandlerProvider
instanceKlass com/android/ProgressManagerAdapter
instanceKlass com/intellij/openapi/wm/impl/WindowManagerImpl$2
instanceKlass jdk/internal/misc/ThreadTracker
instanceKlass com/intellij/openapi/vfs/newvfs/FileAttribute
instanceKlass java/net/URL$ThreadTrackHolder
instanceKlass org/jetbrains/kotlin/idea/vfilefinder/KotlinBuiltInsMetadataIndex$Companion
instanceKlass com/intellij/ide/ApplicationInitializedListenerJavaShim
instanceKlass com/intellij/openapi/wm/impl/TitleInfoProvider$TitleInfoProviderListener
instanceKlass org/jetbrains/kotlin/idea/vfilefinder/KotlinJvmModuleAnnotationsIndex$VALUE_EXTERNALIZER$1
instanceKlass  @bci com/intellij/openapi/actionSystem/impl/KeymapShortcutOperationKt processRemoveAndReplace (Lcom/intellij/util/xml/dom/XmlElement;Ljava/lang/String;Ljava/lang/String;Lcom/intellij/openapi/actionSystem/Shortcut;Ljava/util/Map;)V 8 <appendix> member <vmtarget> ; # com/intellij/openapi/actionSystem/impl/KeymapShortcutOperationKt$$Lambda+0x0000000011680c80
instanceKlass com/intellij/openapi/wm/impl/TitleInfoProvider$Companion
# instanceKlass java/lang/invoke/LambdaForm$MH+0x0000000011689000
instanceKlass org/jetbrains/android/AndroidPlugin$ActionCustomizer
instanceKlass java/util/Vector$Itr
instanceKlass javax/crypto/CryptoPolicyParser$CryptoPermissionEntry
instanceKlass javax/crypto/CryptoPolicyParser$GrantEntry
instanceKlass java/io/StreamTokenizer
instanceKlass javax/crypto/CryptoPolicyParser
instanceKlass java/nio/file/Files$1
instanceKlass sun/nio/fs/WindowsFileSystem$1
instanceKlass java/nio/file/PathMatcher
instanceKlass sun/nio/fs/Globs
instanceKlass org/jetbrains/kotlin/idea/vfilefinder/KotlinJvmModuleAnnotationsIndex$Companion
instanceKlass com/intellij/openapi/vfs/newvfs/persistent/InvertedNameIndex
instanceKlass com/intellij/openapi/wm/impl/TitleInfoProvider
instanceKlass com/intellij/openapi/util/io/ByteSequence
instanceKlass org/jetbrains/kotlin/idea/vfilefinder/KotlinPackageSourcesMemberNamesIndex$Companion
instanceKlass  @bci com/intellij/openapi/wm/impl/WindowManagerImpl <init> ()V 79 <appendix> member <vmtarget> ; # com/intellij/openapi/wm/impl/WindowManagerImpl$$Lambda+0x0000000011670800
instanceKlass javax/crypto/JceSecurity
instanceKlass  @bci com/intellij/openapi/actionSystem/impl/KeymapShortcutOperationKt processRemoveAndReplace (Lcom/intellij/util/xml/dom/XmlElement;Ljava/lang/String;Ljava/lang/String;Lcom/intellij/openapi/actionSystem/Shortcut;Ljava/util/Map;)V 3 <appendix> argL0 ; # com/intellij/openapi/actionSystem/impl/KeymapShortcutOperationKt$$Lambda+0x0000000011671ba0
instanceKlass com/intellij/openapi/wm/impl/FrameInfoHelper$Companion
instanceKlass com/intellij/openapi/vfs/AsyncFileListener$ChangeApplier
instanceKlass org/jetbrains/kotlin/idea/vfilefinder/KotlinModuleMappingIndex$VALUE_EXTERNALIZER$1
instanceKlass com/intellij/openapi/fileTypes/impl/FileTypeDetectionService
instanceKlass com/intellij/openapi/wm/impl/FrameInfoHelper
instanceKlass org/jetbrains/kotlin/idea/vfilefinder/KotlinModuleMappingIndex$Companion$STRING_KEY_DESCRIPTOR$1
instanceKlass com/intellij/openapi/keymap/KeymapTextContext
instanceKlass com/intellij/openapi/vfs/newvfs/persistent/IPersistentFSRecordsStorage
instanceKlass com/intellij/openapi/wm/impl/WindowWatcher
instanceKlass sun/security/jca/ProviderList$ServiceIterator
instanceKlass com/intellij/openapi/vfs/newvfs/persistent/FSRecordsImpl
instanceKlass sun/security/jca/ServiceId
instanceKlass javax/crypto/Cipher$Transform
instanceKlass org/jetbrains/kotlin/idea/vfilefinder/KotlinModuleMappingIndex$Companion
instanceKlass com/intellij/openapi/keymap/KeymapUtil
instanceKlass com/intellij/openapi/fileTypes/impl/ConflictingFileTypeMappingTracker
instanceKlass com/intellij/ui/DisposableWindow
instanceKlass com/intellij/openapi/actionSystem/UiDataProvider
instanceKlass com/intellij/openapi/wm/IdeFrame
instanceKlass com/intellij/openapi/vfs/newvfs/persistent/FSRecords
instanceKlass com/intellij/openapi/actionSystem/impl/KeymapShortcutOperationKt
instanceKlass org/jetbrains/kotlin/idea/vfilefinder/KotlinMetadataFilePackageIndex$Companion
instanceKlass javax/crypto/Cipher
instanceKlass  @bci org/jetbrains/kotlin/idea/vfilefinder/KotlinMetadataFileIndexBase <init> (Lkotlin/jvm/functions/Function1;)V 13 <appendix> member <vmtarget> ; # org/jetbrains/kotlin/idea/vfilefinder/KotlinMetadataFileIndexBase$$Lambda+0x000000001166e648
instanceKlass sun/security/ssl/SSLCipher$StreamWriteCipherGenerator
instanceKlass sun/security/ssl/SSLCipher$StreamReadCipherGenerator
instanceKlass com/intellij/openapi/fileTypes/impl/RemovedMappingTracker
instanceKlass sun/security/ssl/SSLCipher$NullWriteCipherGenerator
instanceKlass sun/security/ssl/SSLCipher$WriteCipherGenerator
instanceKlass com/intellij/openapi/wm/WindowManager
instanceKlass sun/security/ssl/SSLCipher$NullReadCipherGenerator
instanceKlass sun/security/ssl/SSLCipher$ReadCipherGenerator
instanceKlass org/jetbrains/kotlin/name/ClassId
instanceKlass io/opentelemetry/sdk/metrics/SdkObservableInstrument
instanceKlass com/intellij/openapi/fileTypes/impl/IgnoredFileCache$1
instanceKlass  @bci io/opentelemetry/sdk/metrics/internal/state/CallbackRegistration <init> (Ljava/util/List;Ljava/lang/Runnable;)V 88 <appendix> argL0 ; # io/opentelemetry/sdk/metrics/internal/state/CallbackRegistration$$Lambda+0x0000000011674000
instanceKlass  @bci com/intellij/openapi/actionSystem/impl/ActionManagerImplKt getAction$default (Ljava/lang/String;ZLcom/intellij/openapi/actionSystem/impl/ActionRegistrar;Lkotlin/jvm/functions/Function1;ILjava/lang/Object;)Lcom/intellij/openapi/actionSystem/AnAction; 9 <appendix> member <vmtarget> ; # com/intellij/openapi/actionSystem/impl/ActionManagerImplKt$$Lambda+0x000000001166bbc0
instanceKlass  @bci io/opentelemetry/sdk/metrics/internal/state/CallbackRegistration <init> (Ljava/util/List;Ljava/lang/Runnable;)V 35 <appendix> argL0 ; # io/opentelemetry/sdk/metrics/internal/state/CallbackRegistration$$Lambda+0x000000001166b620
instanceKlass com/intellij/util/messages/MessageBusConnection
instanceKlass org/jetbrains/kotlin/idea/vfilefinder/KotlinMetadataFileIndex$Companion
instanceKlass io/opentelemetry/sdk/metrics/internal/state/CallbackRegistration
instanceKlass  @bci com/intellij/openapi/fileTypes/impl/FileTypeManagerImpl <init> (Lkotlinx/coroutines/CoroutineScope;)V 53 <appendix> member <vmtarget> ; # com/intellij/openapi/fileTypes/impl/FileTypeManagerImpl$$Lambda+0x000000001166aef8
instanceKlass com/intellij/diagnostic/CrashInfo
instanceKlass  @bci com/intellij/openapi/vfs/newvfs/impl/VfsData setupOTelMonitoring ()Lio/opentelemetry/api/metrics/BatchCallback; 78 <appendix> member <vmtarget> ; # com/intellij/openapi/vfs/newvfs/impl/VfsData$$Lambda+0x000000001166a808
instanceKlass com/intellij/openapi/fileTypes/impl/IgnoredFileCache
instanceKlass org/jetbrains/kotlin/idea/vfilefinder/KotlinJavaScriptMetaFileIndexKt
instanceKlass  @cpi com/intellij/openapi/vfs/newvfs/impl/VfsData 507 form vmentry <vmtarget> ; # java/lang/invoke/LambdaForm$DMH+0x0000000011670400
instanceKlass org/jetbrains/kotlin/idea/vfilefinder/KotlinJavaScriptMetaFileIndex$Companion
instanceKlass com/intellij/openapi/util/text/StringsKmp
instanceKlass io/opentelemetry/sdk/metrics/data/SumData
instanceKlass io/opentelemetry/sdk/metrics/data/LongPointData
instanceKlass  @bci org/jetbrains/kotlin/idea/vfilefinder/KotlinFileIndexBase indexer (Lkotlin/jvm/functions/Function1;)Lcom/intellij/util/indexing/DataIndexer; 8 <appendix> member <vmtarget> ; # org/jetbrains/kotlin/idea/vfilefinder/KotlinFileIndexBase$$Lambda+0x000000001166c9d8
instanceKlass  @bci com/intellij/util/containers/LockFreeCopyOnWriteArrayList sort (Ljava/util/Comparator;)V 2 <appendix> member <vmtarget> ; # com/intellij/util/containers/LockFreeCopyOnWriteArrayList$$Lambda+0x00000000116699e0
instanceKlass io/opentelemetry/sdk/metrics/internal/aggregator/AbstractSumAggregator
instanceKlass  @bci com/intellij/openapi/fileTypes/impl/FileTypeAssocTable addAssociation (Lcom/intellij/openapi/fileTypes/FileNameMatcher;Ljava/lang/Object;)Ljava/lang/Object; 173 <appendix> argL0 ; # com/intellij/openapi/fileTypes/impl/FileTypeAssocTable$$Lambda+0x0000000011669480
instanceKlass  @bci org/jetbrains/kotlin/idea/vfilefinder/KotlinClassFileIndex <init> ()V 6 <appendix> argL0 ; # org/jetbrains/kotlin/idea/vfilefinder/KotlinClassFileIndex$$Lambda+0x000000001166c778
instanceKlass  @bci java/util/Comparator comparing (Ljava/util/function/Function;Ljava/util/Comparator;)Ljava/util/Comparator; 12 <appendix> member <vmtarget> ; # java/util/Comparator$$Lambda+0x00000000114fdc70
instanceKlass org/jetbrains/kotlin/name/FqName
instanceKlass  @bci io/opentelemetry/sdk/metrics/internal/view/SumAggregation createAggregator (Lio/opentelemetry/sdk/metrics/internal/descriptor/InstrumentDescriptor;Lio/opentelemetry/sdk/metrics/internal/exemplar/ExemplarFilter;Lio/opentelemetry/sdk/common/export/MemoryMode;)Lio/opentelemetry/sdk/metrics/internal/aggregator/Aggregator; 37 <appendix> member <vmtarget> ; # io/opentelemetry/sdk/metrics/internal/view/SumAggregation$$Lambda+0x0000000011668f40
instanceKlass  @cpi java/util/Comparator 256 form vmentry <vmtarget> ; # java/lang/invoke/LambdaForm$DMH+0x0000000011670000
instanceKlass io/opentelemetry/sdk/metrics/internal/view/SumAggregation$1
instanceKlass io/opentelemetry/sdk/metrics/internal/view/SumAggregation
instanceKlass io/opentelemetry/sdk/metrics/SdkLongCounter$SdkLongCounterBuilder
instanceKlass  @bci com/intellij/openapi/fileTypes/impl/FileTypeAssocTable addAssociation (Lcom/intellij/openapi/fileTypes/FileNameMatcher;Ljava/lang/Object;)Ljava/lang/Object; 162 <appendix> argL0 ; # com/intellij/openapi/fileTypes/impl/FileTypeAssocTable$$Lambda+0x0000000011668810
instanceKlass org/jetbrains/kotlin/idea/vfilefinder/KotlinClassFileIndex$Companion
instanceKlass com/intellij/openapi/util/Condition$3
instanceKlass io/opentelemetry/sdk/metrics/internal/state/MutableMeasurement
instanceKlass  @bci com/intellij/openapi/actionSystem/impl/ActionManagerImplKt addToGroup (Lcom/intellij/openapi/actionSystem/AnAction;Lcom/intellij/openapi/actionSystem/AnAction;Lcom/intellij/openapi/actionSystem/Constraints;Lcom/intellij/ide/plugins/IdeaPluginDescriptor;Lcom/intellij/openapi/actionSystem/impl/ActionManagerState;Z)V 148 <appendix> member <vmtarget> ; # com/intellij/openapi/actionSystem/impl/ActionManagerImplKt$$Lambda+0x0000000011668000
instanceKlass com/intellij/openapi/command/impl/cmd/CmdHistory
instanceKlass io/opentelemetry/sdk/metrics/internal/state/Measurement
instanceKlass com/intellij/openapi/command/impl/cmd/CmdIdGenerator
instanceKlass io/opentelemetry/sdk/metrics/internal/state/SdkObservableMeasurement
instanceKlass  @bci com/intellij/openapi/actionSystem/impl/ActionManagerImplKt addToGroup (Lcom/intellij/openapi/actionSystem/AnAction;Lcom/intellij/openapi/actionSystem/AnAction;Lcom/intellij/openapi/actionSystem/Constraints;Lcom/intellij/ide/plugins/IdeaPluginDescriptor;Lcom/intellij/openapi/actionSystem/impl/ActionManagerState;Z)V 143 <appendix> argL0 ; # com/intellij/openapi/actionSystem/impl/ActionManagerImplKt$$Lambda+0x0000000011665508
instanceKlass com/intellij/openapi/util/Condition$2
instanceKlass com/intellij/openapi/command/impl/cmd/CmdIdService$Companion
instanceKlass com/intellij/openapi/util/Condition$1
instanceKlass com/intellij/openapi/actionSystem/ActionInGroup
instanceKlass  @bci com/intellij/openapi/fileTypes/impl/FileTypeAssocTable addAssociation (Lcom/intellij/openapi/fileTypes/FileNameMatcher;Ljava/lang/Object;)Ljava/lang/Object; 97 <appendix> member <vmtarget> ; # com/intellij/openapi/fileTypes/impl/FileTypeAssocTable$$Lambda+0x0000000011667810
instanceKlass com/intellij/openapi/fileTypes/ExactFileNameMatcher
instanceKlass  @bci io/opentelemetry/sdk/metrics/internal/state/MetricStorageRegistry register (Lio/opentelemetry/sdk/metrics/internal/state/MetricStorage;)Lio/opentelemetry/sdk/metrics/internal/state/MetricStorage; 21 <appendix> member <vmtarget> ; # io/opentelemetry/sdk/metrics/internal/state/MetricStorageRegistry$$Lambda+0x00000000116672e8
instanceKlass com/intellij/openapi/command/impl/cmd/CmdIdService
instanceKlass com/intellij/openapi/fileTypes/WildcardFileNameMatcher$SuffixMatcher
instanceKlass org/jetbrains/kotlin/idea/vfilefinder/KotlinPartialPackageNamesIndex$Companion
instanceKlass com/intellij/openapi/fileTypes/WildcardFileNameMatcher$MaskMatcher
instanceKlass com/intellij/openapi/fileTypes/WildcardFileNameMatcher
instanceKlass io/opentelemetry/sdk/metrics/internal/state/ArrayBasedStack
instanceKlass  @bci io/opentelemetry/sdk/metrics/internal/state/AsynchronousMetricStorage <init> (Lio/opentelemetry/sdk/metrics/internal/export/RegisteredReader;Lio/opentelemetry/sdk/metrics/internal/descriptor/MetricDescriptor;Lio/opentelemetry/sdk/metrics/internal/aggregator/Aggregator;Lio/opentelemetry/sdk/metrics/internal/view/AttributesProcessor;I)V 102 <appendix> member <vmtarget> ; # io/opentelemetry/sdk/metrics/internal/state/AsynchronousMetricStorage$$Lambda+0x0000000011666498
instanceKlass com/intellij/openapi/command/impl/ForeignCommandProcessor$Companion
instanceKlass io/opentelemetry/sdk/metrics/internal/state/ObjectPool
instanceKlass com/intellij/openapi/fileTypes/ExtensionFileNameMatcher
instanceKlass io/opentelemetry/sdk/metrics/data/GaugeData
instanceKlass io/opentelemetry/sdk/metrics/data/Data
instanceKlass io/opentelemetry/sdk/metrics/data/DoublePointData
instanceKlass io/opentelemetry/sdk/metrics/data/PointData
instanceKlass  @bci com/intellij/openapi/actionSystem/impl/ActionManagerImplKt addToGroup (Lcom/intellij/openapi/actionSystem/AnAction;Lcom/intellij/openapi/actionSystem/AnAction;Lcom/intellij/openapi/actionSystem/Constraints;Lcom/intellij/ide/plugins/IdeaPluginDescriptor;Lcom/intellij/openapi/actionSystem/impl/ActionManagerState;Z)V 97 <appendix> member <vmtarget> ; # com/intellij/openapi/actionSystem/impl/ActionManagerImplKt$$Lambda+0x0000000011662678
instanceKlass com/intellij/openapi/command/impl/ForeignCommandProcessor
instanceKlass  @bci org/jetbrains/kotlin/idea/versions/KotlinJsMetadataVersionIndex <init> ()V 6 <appendix> member <vmtarget> ; # org/jetbrains/kotlin/idea/versions/KotlinJsMetadataVersionIndex$$Lambda+0x000000001165d7a8
instanceKlass  @bci com/intellij/openapi/actionSystem/impl/ActionManagerImplKt addToGroup (Lcom/intellij/openapi/actionSystem/AnAction;Lcom/intellij/openapi/actionSystem/AnAction;Lcom/intellij/openapi/actionSystem/Constraints;Lcom/intellij/ide/plugins/IdeaPluginDescriptor;Lcom/intellij/openapi/actionSystem/impl/ActionManagerState;Z)V 3 <appendix> member <vmtarget> ; # com/intellij/openapi/actionSystem/impl/ActionManagerImplKt$$Lambda+0x0000000011661f50
instanceKlass io/opentelemetry/sdk/metrics/internal/aggregator/AggregatorHandle
instanceKlass com/intellij/openapi/actionSystem/Anchor
instanceKlass io/opentelemetry/sdk/metrics/internal/aggregator/DoubleLastValueAggregator
instanceKlass com/intellij/openapi/actionSystem/Constraints
instanceKlass org/jetbrains/kotlin/idea/versions/KotlinJsMetadataVersionIndex$Companion
instanceKlass  @bci com/intellij/openapi/actionSystem/impl/ActionManagerImpl processActionElement (Ljava/lang/String;ZLcom/intellij/util/xml/dom/XmlElement;Lcom/intellij/openapi/actionSystem/impl/ActionRegistrar;Lcom/intellij/ide/plugins/IdeaPluginDescriptorImpl;Lkotlin/jvm/functions/Function0;Ljava/util/Map;Ljava/lang/ClassLoader;)Lcom/intellij/openapi/actionSystem/AnAction; 153 <appendix> member <vmtarget> ; # com/intellij/openapi/actionSystem/impl/ActionManagerImpl$$Lambda+0x00000000116610d8
instanceKlass org/jetbrains/jps/plugin/JpsPluginManager
instanceKlass  @bci com/intellij/diagnostic/PerformanceWatcherImplKt collectCrashInfo (Ljava/lang/String;J)Lcom/intellij/diagnostic/CrashInfo; 73 <appendix> member <vmtarget> ; # com/intellij/diagnostic/PerformanceWatcherImplKt$$Lambda+0x0000000011660718
instanceKlass com/intellij/openapi/project/ProjectType
instanceKlass  @cpi com/intellij/diagnostic/PerformanceWatcherImplKt 612 form vmentry <vmtarget> ; # java/lang/invoke/LambdaForm$DMH+0x0000000011664000
instanceKlass  @bci io/opentelemetry/sdk/metrics/internal/view/LastValueAggregation createAggregator (Lio/opentelemetry/sdk/metrics/internal/descriptor/InstrumentDescriptor;Lio/opentelemetry/sdk/metrics/internal/exemplar/ExemplarFilter;Lio/opentelemetry/sdk/common/export/MemoryMode;)Lio/opentelemetry/sdk/metrics/internal/aggregator/Aggregator; 56 <appendix> member <vmtarget> ; # io/opentelemetry/sdk/metrics/internal/view/LastValueAggregation$$Lambda+0x0000000011660260
instanceKlass  @bci org/jetbrains/kotlin/idea/versions/KotlinJvmMetadataVersionIndex <init> ()V 18 <appendix> member <vmtarget> ; # org/jetbrains/kotlin/idea/versions/KotlinJvmMetadataVersionIndex$$Lambda+0x000000001165d000
instanceKlass io/opentelemetry/sdk/metrics/internal/exemplar/ExemplarReservoir
instanceKlass com/intellij/openapi/actionSystem/ActionStubBase
instanceKlass  @bci org/jetbrains/kotlin/idea/versions/KotlinJvmMetadataVersionIndex <init> ()V 5 <appendix> argL0 ; # org/jetbrains/kotlin/idea/versions/KotlinJvmMetadataVersionIndex$$Lambda+0x000000001165cd40
instanceKlass  @bci sun/security/util/DisabledAlgorithmConstraints checkDisabledPatterns (Ljava/lang/String;)Z 17 <appendix> member <vmtarget> ; # sun/security/util/DisabledAlgorithmConstraints$$Lambda+0x00000000114fd738
instanceKlass io/opentelemetry/sdk/metrics/internal/view/LastValueAggregation$1
instanceKlass com/intellij/openapi/command/impl/StacksHolderBase
instanceKlass org/jetbrains/kotlin/idea/versions/KotlinJvmMetadataVersionIndex$Companion
instanceKlass  @bci com/intellij/openapi/actionSystem/impl/ActionManagerImplKt configureGroupDescriptionAndIcon (Lcom/intellij/openapi/actionSystem/Presentation;Ljava/lang/String;Ljava/lang/String;Lcom/intellij/openapi/actionSystem/ActionGroup;Lkotlin/jvm/functions/Function0;Ljava/lang/String;Ljava/lang/ClassLoader;Ljava/lang/String;Lcom/intellij/ide/plugins/IdeaPluginDescriptorImpl;Ljava/lang/String;)V 129 <appendix> member <vmtarget> ; # com/intellij/openapi/actionSystem/impl/ActionManagerImplKt$$Lambda+0x000000001165e9c0
instanceKlass io/opentelemetry/sdk/metrics/internal/exemplar/AlwaysOffFilter
instanceKlass io/opentelemetry/sdk/metrics/internal/descriptor/MetricDescriptor
instanceKlass  @bci com/intellij/openapi/actionSystem/impl/ActionManagerImplKt configureGroupDescriptionAndIcon (Lcom/intellij/openapi/actionSystem/Presentation;Ljava/lang/String;Ljava/lang/String;Lcom/intellij/openapi/actionSystem/ActionGroup;Lkotlin/jvm/functions/Function0;Ljava/lang/String;Ljava/lang/ClassLoader;Ljava/lang/String;Lcom/intellij/ide/plugins/IdeaPluginDescriptorImpl;Ljava/lang/String;)V 77 <appendix> member <vmtarget> ; # com/intellij/openapi/actionSystem/impl/ActionManagerImplKt$$Lambda+0x000000001165e000
instanceKlass java/lang/reflect/AnnotatedType
instanceKlass io/opentelemetry/sdk/metrics/internal/state/AsynchronousMetricStorage
instanceKlass java/lang/Class$EnclosingMethodInfo
instanceKlass org/jetbrains/jps/service/JpsServiceManager$InstanceHolder
instanceKlass kotlin/coroutines/jvm/internal/ModuleNameRetriever$Cache
instanceKlass org/jetbrains/jps/service/JpsServiceManager
instanceKlass kotlin/coroutines/jvm/internal/ModuleNameRetriever
instanceKlass sun/security/util/DisabledAlgorithmConstraints$Constraints$Holder
instanceKlass com/intellij/openapi/command/impl/UndoCapabilities$Default
instanceKlass org/jetbrains/jps/model/fileTypes/FileNameMatcherFactory
instanceKlass com/intellij/openapi/command/impl/UndoSharedState
instanceKlass io/opentelemetry/sdk/metrics/internal/view/DropAggregation
instanceKlass io/opentelemetry/sdk/metrics/internal/aggregator/Aggregator
instanceKlass io/opentelemetry/sdk/metrics/internal/view/LastValueAggregation
instanceKlass org/jetbrains/org/objectweb/asm/ClassVisitor
instanceKlass io/opentelemetry/sdk/metrics/internal/view/DefaultAggregation$1
instanceKlass sun/security/util/DisabledAlgorithmConstraints$Constraint
instanceKlass java/util/Collections$UnmodifiableMap$UnmodifiableEntrySet$UnmodifiableEntry
instanceKlass com/intellij/openapi/command/undo/UndoableAction
instanceKlass  @bci java/util/Collections$UnmodifiableMap$UnmodifiableEntrySet entryConsumer (Ljava/util/function/Consumer;)Ljava/util/function/Consumer; 1 <appendix> member <vmtarget> ; # java/util/Collections$UnmodifiableMap$UnmodifiableEntrySet$$Lambda+0x00000000114fa998
instanceKlass sun/security/util/DisabledAlgorithmConstraints$Constraints
instanceKlass  @bci io/opentelemetry/api/internal/ConfigUtil getString (Ljava/lang/String;Ljava/lang/String;)Ljava/lang/String; 80 <appendix> argL0 ; # io/opentelemetry/api/internal/ConfigUtil$$Lambda+0x0000000011659898
instanceKlass com/intellij/openapi/fileEditor/impl/CurrentEditorProvider
instanceKlass  @bci io/opentelemetry/api/internal/ConfigUtil getString (Ljava/lang/String;Ljava/lang/String;)Ljava/lang/String; 70 <appendix> member <vmtarget> ; # io/opentelemetry/api/internal/ConfigUtil$$Lambda+0x00000000116593c0
instanceKlass java/util/Collections$UnmodifiableMap$UnmodifiableEntrySet$UnmodifiableEntrySetSpliterator
instanceKlass com/intellij/openapi/command/impl/UndoCapabilities
instanceKlass  @bci io/opentelemetry/api/internal/ConfigUtil getString (Ljava/lang/String;Ljava/lang/String;)Ljava/lang/String; 27 <appendix> argL0 ; # io/opentelemetry/api/internal/ConfigUtil$$Lambda+0x0000000011658c28
instanceKlass  @bci io/opentelemetry/api/internal/ConfigUtil getString (Ljava/lang/String;Ljava/lang/String;)Ljava/lang/String; 17 <appendix> member <vmtarget> ; # io/opentelemetry/api/internal/ConfigUtil$$Lambda+0x0000000011658990
instanceKlass sun/security/util/AlgorithmDecomposer
instanceKlass io/opentelemetry/api/internal/ConfigUtil
instanceKlass io/opentelemetry/sdk/metrics/internal/debug/DebugConfig
instanceKlass sun/security/util/AbstractAlgorithmConstraints
instanceKlass io/opentelemetry/sdk/metrics/internal/descriptor/InstrumentDescriptor
instanceKlass com/intellij/psi/impl/java/JavaFunctionalExpressionIndex$1
instanceKlass sun/security/ssl/SSLAlgorithmConstraints
instanceKlass java/security/AlgorithmConstraints
instanceKlass com/intellij/openapi/command/undo/UndoManager
instanceKlass io/opentelemetry/sdk/metrics/internal/descriptor/Advice$AdviceBuilder
instanceKlass kotlin/coroutines/jvm/internal/DebugMetadata
instanceKlass io/opentelemetry/sdk/metrics/internal/descriptor/Advice
instanceKlass kotlin/coroutines/jvm/internal/DebugMetadataKt
instanceKlass com/intellij/psi/tree/ILazyParseableElementTypeBase
instanceKlass sun/security/ssl/SSLLogger
instanceKlass com/intellij/openapi/fileTypes/impl/copy1/IgnoredPatternSet
instanceKlass io/opentelemetry/sdk/metrics/InstrumentBuilder
instanceKlass com/intellij/util/containers/CharSequenceHashingStrategy
instanceKlass io/opentelemetry/sdk/metrics/SdkDoubleGauge$SdkDoubleGaugeBuilder
instanceKlass  @bci com/intellij/openapi/fileTypes/impl/FileTypeAssocTableUtil newScalableFileTypeAssocTable ()Lcom/intellij/openapi/fileTypes/impl/FileTypeAssocTable; 4 <appendix> argL0 ; # com/intellij/openapi/fileTypes/impl/FileTypeAssocTableUtil$$Lambda+0x00000000116550b8
instanceKlass com/intellij/psi/tree/IElementType
instanceKlass  @bci io/opentelemetry/sdk/metrics/SdkMeter <init> (Lio/opentelemetry/sdk/metrics/internal/state/MeterProviderSharedState;Lio/opentelemetry/sdk/common/InstrumentationScopeInfo;Ljava/util/List;Lio/opentelemetry/sdk/metrics/internal/MeterConfig;)V 57 <appendix> argL0 ; # io/opentelemetry/sdk/metrics/SdkMeter$$Lambda+0x0000000011654bd0
instanceKlass com/intellij/openapi/fileTypes/impl/FileTypeAssocTable$ConcurrentCharSequenceMapBuilder
instanceKlass io/opentelemetry/sdk/metrics/internal/state/MetricStorageRegistry
instanceKlass com/intellij/openapi/fileTypes/impl/FileTypeAssocTable
instanceKlass  @bci java/util/function/Function identity ()Ljava/util/function/Function; 0 <appendix> argL0 ; # java/util/function/Function$$Lambda+0x00000000114f6d08
instanceKlass io/opentelemetry/api/metrics/DefaultMeter$NoopObservableLongMeasurement
instanceKlass io/opentelemetry/api/metrics/DefaultMeter$NoopObservableDoubleMeasurement
instanceKlass com/intellij/diagnostic/PerformanceWatcherImpl$2
instanceKlass io/opentelemetry/api/metrics/DefaultMeter$1
instanceKlass io/opentelemetry/api/metrics/DefaultMeter$NoopDoubleGauge
instanceKlass io/opentelemetry/api/metrics/DefaultMeter$NoopLongGauge
instanceKlass com/intellij/openapi/fileTypes/impl/FileTypeAssocTableUtil
instanceKlass com/intellij/util/text/StringSearcher
instanceKlass io/opentelemetry/api/metrics/DefaultMeter$NoopLongGaugeBuilder$1
instanceKlass  @bci com/intellij/openapi/fileTypes/ex/FileTypeIdentifiableByVirtualFile <clinit> ()V 7 <appendix> argL0 ; # com/intellij/openapi/fileTypes/ex/FileTypeIdentifiableByVirtualFile$$Lambda+0x00000000116523d8
instanceKlass io/opentelemetry/api/metrics/LongGauge
instanceKlass io/opentelemetry/api/metrics/ObservableLongGauge
instanceKlass io/opentelemetry/api/metrics/DefaultMeter$NoopLongGaugeBuilder
instanceKlass com/intellij/openapi/fileTypes/ex/FileTypeIdentifiableByVirtualFile
instanceKlass io/opentelemetry/api/metrics/DefaultMeter$NoopDoubleGaugeBuilder$1
instanceKlass com/intellij/openapi/fileTypes/FileTypeRegistry$1
instanceKlass io/opentelemetry/api/metrics/DoubleGauge
instanceKlass io/opentelemetry/api/metrics/LongGaugeBuilder
instanceKlass io/opentelemetry/api/metrics/ObservableDoubleGauge
instanceKlass com/intellij/openapi/fileTypes/FileTypeListener
instanceKlass io/opentelemetry/api/metrics/DefaultMeter$NoopDoubleGaugeBuilder
instanceKlass com/intellij/diagnostic/PerformanceWatcherImplKt
instanceKlass io/opentelemetry/api/metrics/DefaultMeter$NoopLongHistogram
instanceKlass  @bci com/intellij/openapi/fileTypes/FileTypeRegistry <clinit> ()V 0 <appendix> argL0 ; # com/intellij/openapi/fileTypes/FileTypeRegistry$$Lambda+0x0000000011650000
instanceKlass io/opentelemetry/api/metrics/LongHistogram
instanceKlass com/intellij/ide/ui/customization/UIThemeCustomizerImpl
instanceKlass io/opentelemetry/api/metrics/DefaultMeter$NoopLongHistogramBuilder
instanceKlass  @bci com/intellij/psi/impl/java/stubs/index/JavaSourceModuleNameIndex <init> ()V 5 <appendix> argL0 ; # com/intellij/psi/impl/java/stubs/index/JavaSourceModuleNameIndex$$Lambda+0x000000001164d000
instanceKlass io/opentelemetry/api/metrics/DefaultMeter$NoopDoubleHistogram
instanceKlass io/opentelemetry/api/metrics/LongHistogramBuilder
instanceKlass javax/net/ssl/SSLContextSpi
instanceKlass io/opentelemetry/api/metrics/DoubleHistogram
instanceKlass io/opentelemetry/api/metrics/DefaultMeter$NoopDoubleHistogramBuilder
instanceKlass com/intellij/openapi/fileTypes/FileTypeConsumer
instanceKlass io/opentelemetry/api/metrics/DefaultMeter$NoopDoubleUpDownCounterBuilder$2
instanceKlass io/opentelemetry/api/metrics/DefaultMeter$NoopDoubleUpDownCounter
instanceKlass  @bci com/intellij/psi/impl/java/stubs/index/JavaAutoModuleNameIndex <init> ()V 27 <appendix> argL0 ; # com/intellij/psi/impl/java/stubs/index/JavaAutoModuleNameIndex$$Lambda+0x000000001164c290
instanceKlass io/opentelemetry/api/metrics/ObservableDoubleUpDownCounter
instanceKlass io/opentelemetry/api/metrics/DoubleUpDownCounter
instanceKlass com/intellij/ide/ui/customization/UIThemeCustomizer
instanceKlass com/android/ide/common/util/JdkPathOpener
instanceKlass com/intellij/util/indexing/FileContent
instanceKlass io/opentelemetry/api/metrics/DefaultMeter$NoopDoubleUpDownCounterBuilder
instanceKlass com/intellij/openapi/fileTypes/impl/AbstractFileTypeBase
instanceKlass com/intellij/openapi/fileTypes/PlainTextLikeFileType
instanceKlass  @bci com/intellij/diagnostic/PerformanceWatcherImpl <init> (Lkotlinx/coroutines/CoroutineScope;)V 85 <appendix> argL0 ; # com/intellij/diagnostic/PerformanceWatcherImpl$$Lambda+0x000000001164ad20
instanceKlass io/opentelemetry/api/metrics/DefaultMeter$NoopLongUpDownCounterBuilder$2
instanceKlass com/intellij/openapi/fileTypes/impl/CustomSyntaxTableFileType
instanceKlass com/android/ide/common/util/FileSystemRegistry
instanceKlass  @bci com/intellij/diagnostic/PerformanceWatcherImpl <init> (Lkotlinx/coroutines/CoroutineScope;)V 73 <appendix> argL0 ; # com/intellij/diagnostic/PerformanceWatcherImpl$$Lambda+0x000000001164a600
instanceKlass com/intellij/ide/highlighter/ArchiveFileType
instanceKlass  @bci com/intellij/diagnostic/PerformanceWatcherImpl <init> (Lkotlinx/coroutines/CoroutineScope;)V 61 <appendix> argL0 ; # com/intellij/diagnostic/PerformanceWatcherImpl$$Lambda+0x0000000011649e30
instanceKlass io/opentelemetry/api/metrics/DefaultMeter$NoopLongUpDownCounter
instanceKlass com/intellij/ide/ui/OsDefaultValue
instanceKlass com/intellij/openapi/fileTypes/ex/ExternalizableFileType
instanceKlass com/intellij/openapi/util/registry/RegistryValue
instanceKlass io/opentelemetry/api/metrics/DoubleUpDownCounterBuilder
instanceKlass com/android/tools/idea/util/VirtualFileSystemOpener
instanceKlass io/opentelemetry/api/metrics/ObservableLongUpDownCounter
instanceKlass com/intellij/psi/search/CodeInsightContextAwareSearchScope
instanceKlass  @bci com/intellij/util/net/ssl/CertificateManager <init> (Lkotlinx/coroutines/CoroutineScope;)V 38 <appendix> member <vmtarget> ; # com/intellij/util/net/ssl/CertificateManager$$Lambda+0x00000000116484f8
instanceKlass com/android/ide/common/util/PathOpener
instanceKlass io/opentelemetry/api/metrics/LongUpDownCounter
instanceKlass io/opentelemetry/api/metrics/DefaultMeter$NoopLongUpDownCounterBuilder
instanceKlass javax/net/ssl/SSLContext
instanceKlass io/opentelemetry/api/metrics/DefaultMeter$NoopDoubleCounterBuilder$1
instanceKlass io/opentelemetry/api/metrics/DefaultMeter$NoopDoubleCounter
instanceKlass io/opentelemetry/api/metrics/ObservableDoubleCounter
instanceKlass  @bci com/intellij/util/net/ssl/CertificateManager <init> (Lkotlinx/coroutines/CoroutineScope;)V 25 <appendix> argL0 ; # com/intellij/util/net/ssl/CertificateManager$$Lambda+0x0000000011645798
instanceKlass io/opentelemetry/api/metrics/DoubleCounter
instanceKlass io/opentelemetry/api/metrics/DefaultMeter$NoopDoubleCounterBuilder
instanceKlass javax/net/ssl/X509ExtendedTrustManager
instanceKlass javax/net/ssl/X509TrustManager
instanceKlass javax/net/ssl/TrustManager
instanceKlass io/opentelemetry/api/metrics/DefaultMeter$NoopLongCounterBuilder$1
instanceKlass io/opentelemetry/api/metrics/DefaultMeter$NoopLongCounter
instanceKlass io/opentelemetry/api/metrics/DoubleCounterBuilder
instanceKlass io/opentelemetry/api/metrics/ObservableLongCounter
instanceKlass io/opentelemetry/api/metrics/LongCounter
instanceKlass io/opentelemetry/api/metrics/DefaultMeter$NoopLongCounterBuilder
instanceKlass io/opentelemetry/api/metrics/ObservableLongMeasurement
instanceKlass io/opentelemetry/api/metrics/ObservableDoubleMeasurement
instanceKlass io/opentelemetry/api/metrics/DefaultMeter
instanceKlass io/opentelemetry/api/metrics/DefaultMeterProvider$NoopMeterBuilder
instanceKlass com/intellij/util/net/ssl/CertificateManager$Config
instanceKlass io/opentelemetry/api/internal/IncubatingUtil
instanceKlass io/opentelemetry/api/metrics/DefaultMeterProvider
instanceKlass com/intellij/util/net/ssl/CertificateManager$Companion
instanceKlass io/opentelemetry/api/metrics/DoubleHistogramBuilder
instanceKlass io/opentelemetry/api/metrics/LongUpDownCounterBuilder
instanceKlass io/opentelemetry/sdk/metrics/internal/state/WriteableMetricStorage
instanceKlass io/opentelemetry/sdk/metrics/internal/state/MetricStorage
instanceKlass io/opentelemetry/api/metrics/LongCounterBuilder
instanceKlass io/opentelemetry/api/metrics/BatchCallback
instanceKlass io/opentelemetry/api/metrics/DoubleGaugeBuilder
instanceKlass io/opentelemetry/sdk/common/InstrumentationScopeInfoBuilder
instanceKlass  @bci io/opentelemetry/sdk/internal/ComponentRegistry get (Ljava/lang/String;Ljava/lang/String;Ljava/lang/String;Lio/opentelemetry/api/common/Attributes;)Ljava/lang/Object; 157 <appendix> member <vmtarget> ; # io/opentelemetry/sdk/internal/ComponentRegistry$$Lambda+0x00000000116422b8
# instanceKlass java/lang/invoke/LambdaForm$MH+0x0000000011644800
# instanceKlass java/lang/invoke/LambdaForm$MH+0x0000000011644400
instanceKlass com/intellij/util/net/ssl/CertificateManager
instanceKlass io/opentelemetry/sdk/metrics/SdkMeterBuilder
instanceKlass  @bci com/intellij/ide/ui/UIThemeBeanKt readFlatMapFromJson (Lcom/fasterxml/jackson/core/JsonParser;Ljava/util/Map;Lkotlin/jvm/functions/Function2;)V 471 <appendix> argL0 ; # com/intellij/ide/ui/UIThemeBeanKt$$Lambda+0x0000000011641b28
# instanceKlass java/lang/invoke/LambdaForm$MH+0x0000000011644000
instanceKlass com/intellij/platform/diagnostic/telemetry/Scope
instanceKlass com/intellij/platform/diagnostic/telemetry/PlatformScopesKt
instanceKlass com/intellij/platform/ide/bootstrap/ScreenReaderStateManager$1$1
instanceKlass io/opentelemetry/api/GlobalOpenTelemetry$ObfuscatedOpenTelemetry
instanceKlass io/opentelemetry/api/GlobalOpenTelemetry
instanceKlass io/opentelemetry/sdk/OpenTelemetrySdk$ObfuscatedLoggerProvider
instanceKlass io/opentelemetry/sdk/OpenTelemetrySdk$ObfuscatedMeterProvider
instanceKlass io/opentelemetry/sdk/OpenTelemetrySdk$ObfuscatedTracerProvider
instanceKlass  @bci io/opentelemetry/sdk/logs/SdkLoggerProvider <init> (Lio/opentelemetry/sdk/resources/Resource;Ljava/util/function/Supplier;Ljava/util/List;Lio/opentelemetry/sdk/common/Clock;Lio/opentelemetry/sdk/internal/ScopeConfigurator;)V 33 <appendix> member <vmtarget> ; # io/opentelemetry/sdk/logs/SdkLoggerProvider$$Lambda+0x0000000011640288
instanceKlass io/opentelemetry/sdk/logs/SdkLogger
instanceKlass io/opentelemetry/api/logs/Logger
instanceKlass io/opentelemetry/sdk/logs/LoggerSharedState
instanceKlass io/opentelemetry/sdk/logs/NoopLogRecordProcessor
instanceKlass com/intellij/notification/NotificationListener
instanceKlass io/opentelemetry/sdk/logs/LogRecordProcessor
instanceKlass java/util/concurrent/ThreadLocalRandom$Access$1
instanceKlass jdk/internal/access/JavaUtilConcurrentTLRAccess
instanceKlass com/intellij/openapi/fileTypes/UserFileType
instanceKlass java/util/concurrent/ThreadLocalRandom$Access
instanceKlass com/intellij/diagnostic/JitWatcher
instanceKlass org/jetbrains/android/AndroidPlugin
instanceKlass io/opentelemetry/sdk/logs/internal/LoggerConfig
instanceKlass com/intellij/diagnostic/ApdexData
instanceKlass com/intellij/util/ui/accessibility/ScreenReader
instanceKlass com/intellij/openapi/fileTypes/FileNameMatcher
instanceKlass com/intellij/ide/GeneralSettingsKt
instanceKlass  @bci com/intellij/openapi/application/impl/ApplicationImpl lambda$postInit$16 (Lcom/intellij/openapi/application/impl/ApplicationImpl;)V 11 <appendix> argL0 ; # com/intellij/openapi/application/impl/ApplicationImpl$$Lambda+0x000000001163aae0
instanceKlass  @bci com/intellij/DynamicBundle bundleResolver (Ljava/lang/String;)Ljava/util/function/BiFunction; 10 <appendix> member <vmtarget> ; # com/intellij/DynamicBundle$$Lambda+0x000000001163a868
instanceKlass  @bci com/intellij/ide/IdeEventQueue addPostEventListener (Lkotlin/jvm/functions/Function1;Lcom/intellij/openapi/Disposable;)V 28 <appendix> member <vmtarget> ; # com/intellij/ide/IdeEventQueue$$Lambda+0x000000001163a350
instanceKlass  @bci com/intellij/openapi/progress/util/EternalEventStealer <init> (Lcom/intellij/openapi/Disposable;)V 29 <appendix> member <vmtarget> ; # com/intellij/openapi/progress/util/EternalEventStealer$$Lambda+0x0000000011639b48
instanceKlass com/intellij/openapi/progress/util/EternalEventStealer
instanceKlass com/intellij/serviceContainer/ServiceComponentAdapterKt
instanceKlass com/intellij/serviceContainer/ComponentManagerImpl$WhenMappings
instanceKlass  @bci io/opentelemetry/sdk/logs/SdkLoggerProviderBuilder <init> ()V 23 <appendix> argL0 ; # io/opentelemetry/sdk/logs/SdkLoggerProviderBuilder$$Lambda+0x0000000011636d18
instanceKlass com/intellij/openapi/progress/util/SuvorovProgress
instanceKlass com/intellij/openapi/fileTypes/LanguageFileType
instanceKlass com/intellij/configurationStore/BinaryXmlWriter
instanceKlass com/intellij/openapi/application/impl/ApplicationImpl$11
instanceKlass com/intellij/configurationStore/BinaryXmlOutputterKt
instanceKlass  @bci com/intellij/openapi/application/impl/ApplicationImpl postInit (Lcom/intellij/openapi/application/impl/ApplicationImpl;)V 77 <appendix> member <vmtarget> ; # com/intellij/openapi/application/impl/ApplicationImpl$$Lambda+0x0000000011633178
instanceKlass  @bci com/intellij/ide/IdeEventQueue addPostprocessor (Lcom/intellij/ide/IdeEventQueue$EventDispatcher;Lkotlinx/coroutines/CoroutineScope;)V 36 <appendix> member <vmtarget> ; # com/intellij/ide/IdeEventQueue$$Lambda+0x0000000011632cb0
instanceKlass com/intellij/util/indexing/DefaultFileTypeSpecificInputFilter
instanceKlass com/intellij/util/indexing/FileBasedIndex$FileTypeSpecificInputFilter
instanceKlass  @bci com/intellij/openapi/application/impl/ApplicationImpl postInit (Lcom/intellij/openapi/application/impl/ApplicationImpl;)V 22 <appendix> member <vmtarget> ; # com/intellij/openapi/application/impl/ApplicationImpl$$Lambda+0x0000000011632340
instanceKlass io/opentelemetry/sdk/logs/LogLimits
instanceKlass  @bci com/intellij/util/io/UnsyncByteArrayOutputStream <init> ([B)V 13 <appendix> argL0 ; # com/intellij/util/io/UnsyncByteArrayOutputStream$$Lambda+0x0000000011631e80
instanceKlass com/intellij/util/io/UnsyncByteArrayOutputStream$ByteArrayAllocator
instanceKlass  @bci com/intellij/DynamicBundle resolveResourceBundle (Ljava/lang/ClassLoader;Ljava/lang/String;Ljava/util/Locale;)Ljava/util/ResourceBundle; 41 <appendix> member <vmtarget> ; # com/intellij/DynamicBundle$$Lambda+0x00000000116319d8
instanceKlass  @bci jdk/internal/reflect/MethodHandleBooleanFieldAccessorImpl setBoolean (Ljava/lang/Object;Z)V 41 <adapter> ; # java/lang/invoke/LambdaForm$MH+0x0000000011634000
instanceKlass com/intellij/configurationStore/StateMapKt
instanceKlass  @bci com/intellij/DynamicBundle resolveResourceBundle (Ljava/lang/ClassLoader;Ljava/lang/String;Ljava/util/Locale;)Ljava/util/ResourceBundle; 35 <appendix> member <vmtarget> ; # com/intellij/DynamicBundle$$Lambda+0x0000000011631220
instanceKlass org/jdom/JDOMInterner$2
instanceKlass  @bci com/intellij/DynamicBundle getResourceBundle (Ljava/lang/ClassLoader;Ljava/lang/String;)Ljava/util/ResourceBundle; 64 <appendix> member <vmtarget> ; # com/intellij/DynamicBundle$$Lambda+0x0000000011630d08
instanceKlass org/jdom/JDOMInterner$1
instanceKlass  @bci com/intellij/DynamicBundle getResourceBundle (Ljava/lang/ClassLoader;Ljava/lang/String;)Ljava/util/ResourceBundle; 38 <appendix> argL0 ; # com/intellij/DynamicBundle$$Lambda+0x0000000011630248
instanceKlass com/intellij/ide/ui/MainMenuDisplayMode$Companion
instanceKlass  @bci com/intellij/core/CoreBundle messagePointer (Ljava/lang/String;)Lkotlin/jvm/functions/Function0; 7 <appendix> member <vmtarget> ; # com/intellij/core/CoreBundle$$Lambda+0x000000001162cad8
instanceKlass  @bci com/intellij/openapi/actionSystem/Presentation setFallbackPresentationText (Ljava/util/function/Supplier;)V 24 <appendix> member <vmtarget> ; # com/intellij/openapi/actionSystem/Presentation$$Lambda+0x000000001162dd08
instanceKlass  @bci com/intellij/openapi/actionSystem/Presentation getTextWithMnemonic (Ljava/util/function/Supplier;Z)Ljava/util/function/Supplier; 34 <appendix> member <vmtarget> ; # com/intellij/openapi/actionSystem/Presentation$$Lambda+0x000000001162d4b0
instanceKlass com/intellij/core/CoreBundle
instanceKlass  @bci com/intellij/openapi/actionSystem/impl/ActionManagerImplKt configureGroupDescriptionAndIcon (Lcom/intellij/openapi/actionSystem/Presentation;Ljava/lang/String;Ljava/lang/String;Lcom/intellij/openapi/actionSystem/ActionGroup;Lkotlin/jvm/functions/Function0;Ljava/lang/String;Ljava/lang/ClassLoader;Ljava/lang/String;Lcom/intellij/ide/plugins/IdeaPluginDescriptorImpl;Ljava/lang/String;)V 8 <appendix> member <vmtarget> ; # com/intellij/openapi/actionSystem/impl/ActionManagerImplKt$$Lambda+0x000000001162d000
instanceKlass org/jdom/JDOMInterner
instanceKlass io/opentelemetry/sdk/logs/SdkLoggerProviderBuilder
instanceKlass com/intellij/configurationStore/XmlElementStorageKt
instanceKlass com/intellij/util/ReflectionUtil
instanceKlass  @bci com/intellij/openapi/util/NotNullLazyValue createValue (Lcom/intellij/openapi/util/NotNullFactory;)Lcom/intellij/openapi/util/NotNullLazyValue; 14 <appendix> member <vmtarget> ; # com/intellij/openapi/util/NotNullLazyValue$$Lambda+0x000000001162e268
instanceKlass org/jdom/output/Format$4
instanceKlass org/jdom/output/Format$3
instanceKlass io/opentelemetry/api/logs/LoggerBuilder
instanceKlass org/jdom/output/Format$2
instanceKlass io/opentelemetry/sdk/logs/SdkLoggerProvider
instanceKlass org/jdom/output/Format$1
instanceKlass com/jetbrains/jsonSchema/impl/JsonSchemaFileValuesIndex$1
instanceKlass org/jdom/output/EscapeStrategy
instanceKlass  @bci com/intellij/util/EventDispatcher doCreateMulticaster (Ljava/lang/Class;Ljava/util/Map;Ljava/util/function/Supplier;)Ljava/lang/Object; 54 <appendix> member <vmtarget> ; # com/intellij/util/EventDispatcher$$Lambda+0x000000001162ad08
instanceKlass org/jdom/output/Format
instanceKlass  @bci io/opentelemetry/sdk/trace/SdkTracerProvider <init> (Lio/opentelemetry/sdk/common/Clock;Lio/opentelemetry/sdk/trace/IdGenerator;Lio/opentelemetry/sdk/resources/Resource;Ljava/util/function/Supplier;Lio/opentelemetry/sdk/trace/samplers/Sampler;Ljava/util/List;Lio/opentelemetry/sdk/internal/ScopeConfigurator;)V 30 <appendix> member <vmtarget> ; # io/opentelemetry/sdk/trace/SdkTracerProvider$$Lambda+0x000000001162a830
instanceKlass  @bci com/intellij/openapi/actionSystem/Presentation <clinit> ()V 24 <appendix> argL0 ; # com/intellij/openapi/actionSystem/Presentation$$Lambda+0x000000001162a590
instanceKlass  @bci com/intellij/openapi/util/JDOMUtil <clinit> ()V 30 <appendix> argL0 ; # com/intellij/openapi/util/JDOMUtil$$Lambda+0x000000001162a300
instanceKlass  @bci com/intellij/util/ComponentTreeEventDispatcher <init> (Ljava/awt/Component;Ljava/lang/Class;)V 21 <appendix> member <vmtarget> ; # com/intellij/util/ComponentTreeEventDispatcher$$Lambda+0x000000001162a098
instanceKlass io/opentelemetry/sdk/trace/SdkTracer
instanceKlass io/opentelemetry/api/trace/Tracer
instanceKlass com/intellij/openapi/util/NotNullFactory
instanceKlass com/intellij/util/ComponentTreeEventDispatcher
instanceKlass io/opentelemetry/sdk/trace/TracerSharedState
instanceKlass com/intellij/openapi/util/Factory
instanceKlass com/intellij/platform/syntax/util/lexer/LexerBase
instanceKlass com/intellij/platform/syntax/lexer/Lexer
instanceKlass io/opentelemetry/sdk/trace/internal/TracerConfig
instanceKlass  @bci com/intellij/openapi/actionSystem/Presentation <clinit> ()V 16 <appendix> argL0 ; # com/intellij/openapi/actionSystem/Presentation$$Lambda+0x0000000011628000
instanceKlass  @bci io/opentelemetry/sdk/trace/SdkTracerProviderBuilder <init> ()V 37 <appendix> argL0 ; # io/opentelemetry/sdk/trace/SdkTracerProviderBuilder$$Lambda+0x0000000011625cc8
instanceKlass org/jdom/output/XMLOutputter
instanceKlass com/intellij/openapi/util/registry/RegistryKeyDescriptor
instanceKlass com/intellij/openapi/util/text/TextWithMnemonic
instanceKlass io/opentelemetry/sdk/trace/SpanLimits
instanceKlass  @bci io/opentelemetry/sdk/internal/RandomSupplier platformDefault ()Ljava/util/function/Supplier; 17 <appendix> argL0 ; # io/opentelemetry/sdk/internal/RandomSupplier$$Lambda+0x0000000011627bf0
instanceKlass io/opentelemetry/sdk/internal/RandomSupplier
instanceKlass com/intellij/openapi/fileTypes/FileTypeRegistry
instanceKlass  @bci com/intellij/openapi/util/registry/RegistryKeyBean$Companion addKeysFromPlugins ()V 45 <appendix> member <vmtarget> ; # com/intellij/openapi/util/registry/RegistryKeyBean$Companion$$Lambda+0x0000000011626a40
instanceKlass com/intellij/ide/ui/UISettingsListener
instanceKlass  @bci java/util/regex/CharPredicates ASCII_SPACE ()Ljava/util/regex/Pattern$BmpCharPredicate; 0 <appendix> argL0 ; # java/util/regex/CharPredicates$$Lambda+0x00000000114f4a00
instanceKlass  @bci com/intellij/openapi/actionSystem/Presentation <clinit> ()V 8 <appendix> argL0 ; # com/intellij/openapi/actionSystem/Presentation$$Lambda+0x0000000011623a40
instanceKlass com/intellij/ide/ui/UISettingsStateDefaultsProviderImpl
instanceKlass io/opentelemetry/sdk/trace/IdGenerator
instanceKlass com/intellij/openapi/util/registry/RegistryKeyBean$Companion
instanceKlass com/intellij/ide/ui/UISettingsStateDefaultsProvider$Companion
instanceKlass io/opentelemetry/sdk/trace/samplers/ParentBasedSampler
instanceKlass com/intellij/ide/ui/UISettingsStateDefaultsProvider
instanceKlass io/opentelemetry/sdk/trace/samplers/ParentBasedSamplerBuilder
instanceKlass com/intellij/openapi/util/registry/RegistryKeyBean
instanceKlass com/intellij/ide/ui/UISettingsStateKt
instanceKlass com/intellij/openapi/actionSystem/Presentation
instanceKlass com/intellij/openapi/util/registry/RegistryManagerImpl$defaultValueChangeListener$1
instanceKlass com/intellij/lang/properties/xml/XmlPropertiesIndex$Key
instanceKlass io/opentelemetry/sdk/trace/samplers/Sampler
instanceKlass net/n3/nanoxml/StdXMLReader
instanceKlass com/intellij/openapi/util/JDOMUtil
instanceKlass com/intellij/openapi/util/registry/RegistryManagerImpl
instanceKlass io/opentelemetry/sdk/trace/SdkTracerProviderBuilder
instanceKlass  @bci com/intellij/internal/statistic/utils/PluginInfoDetectorKt <clinit> ()V 125 <appendix> argL0 ; # com/intellij/internal/statistic/utils/PluginInfoDetectorKt$$Lambda+0x000000001161e4e8
instanceKlass io/opentelemetry/api/trace/TracerBuilder
instanceKlass io/opentelemetry/sdk/trace/SdkTracerProvider
instanceKlass com/intellij/openapi/util/TimeoutCachedValue
instanceKlass com/intellij/openapi/util/registry/RegistryManager
instanceKlass com/intellij/internal/statistic/utils/PluginInfo
instanceKlass  @bci com/intellij/platform/diagnostic/telemetry/exporters/IdeaOtlpMeterProvider buildWithIdeLifecycle (Lio/opentelemetry/sdk/metrics/SdkMeterProviderBuilder;)Lio/opentelemetry/sdk/metrics/SdkMeterProvider; 9 <appendix> member <vmtarget> ; # com/intellij/platform/diagnostic/telemetry/exporters/IdeaOtlpMeterProvider$$Lambda+0x000000001161a830
instanceKlass com/intellij/openapi/components/StoredPropertyBase
instanceKlass com/intellij/openapi/components/StoredProperty
instanceKlass com/intellij/openapi/components/ScalarProperty
instanceKlass com/intellij/internal/statistic/utils/PluginInfoDetectorKt
instanceKlass java/util/concurrent/Executors$RunnableAdapter
instanceKlass java/util/concurrent/FutureTask$WaitNode
instanceKlass  @bci jdk/internal/reflect/MethodHandleBooleanFieldAccessorImpl getBoolean (Ljava/lang/Object;)Z 20 <adapter> ; # java/lang/invoke/LambdaForm$MH+0x000000001161d000
instanceKlass com/intellij/serialization/stateProperties/StatePropertyFactoryImpl
instanceKlass com/intellij/openapi/components/StatePropertyFactory
# instanceKlass java/lang/invoke/LambdaForm$MH+0x000000001161c400
instanceKlass io/opentelemetry/sdk/metrics/SdkMeterProvider$SdkCollectionRegistration
# instanceKlass java/lang/invoke/LambdaForm$BMH+0x000000001161c000
instanceKlass io/opentelemetry/sdk/metrics/SdkMeterProvider$LeasedMetricProducer
instanceKlass com/intellij/openapi/components/BaseStateKt
instanceKlass io/opentelemetry/sdk/metrics/export/MetricProducer
instanceKlass com/intellij/openapi/components/BaseState$Companion
instanceKlass com/intellij/internal/statistic/collectors/fus/actions/persistence/ActionsBuiltInAllowedlist
instanceKlass  @bci io/opentelemetry/sdk/metrics/SdkMeterProvider <init> (Ljava/util/List;Ljava/util/IdentityHashMap;Ljava/util/List;Lio/opentelemetry/sdk/common/Clock;Lio/opentelemetry/sdk/resources/Resource;Lio/opentelemetry/sdk/metrics/internal/exemplar/ExemplarFilter;Lio/opentelemetry/sdk/internal/ScopeConfigurator;)V 91 <appendix> member <vmtarget> ; # io/opentelemetry/sdk/metrics/SdkMeterProvider$$Lambda+0x0000000011618250
instanceKlass io/opentelemetry/sdk/metrics/SdkMeter
instanceKlass io/opentelemetry/api/metrics/Meter
instanceKlass com/intellij/internal/statistic/collectors/fus/actions/persistence/ActionsCollectorImpl$Companion
instanceKlass  @bci com/intellij/util/xmlb/BeanBindingKt isPropertySkipped (Lcom/intellij/util/xmlb/SerializationFilter;Lcom/intellij/util/xmlb/NestedBinding;Lcom/intellij/util/xmlb/BeanBinding;Ljava/lang/Object;Z)Z 115 <appendix> member <vmtarget> ; # com/intellij/util/xmlb/BeanBindingKt$$Lambda+0x0000000011612c80
instanceKlass kotlinx/serialization/json/internal/JsonPath$Tombstone
instanceKlass com/intellij/openapi/components/BaseState
instanceKlass kotlinx/serialization/internal/MapLikeDescriptor
instanceKlass com/intellij/ide/ui/customization/CustomizableActionGroupProvider
instanceKlass  @bci com/intellij/ide/ui/UIThemeBeanKt readFlatMapFromJson (Lcom/fasterxml/jackson/core/JsonParser;Ljava/util/Map;Lkotlin/jvm/functions/Function2;)V 418 <appendix> argL0 ; # com/intellij/ide/ui/UIThemeBeanKt$$Lambda+0x0000000011617638
instanceKlass  @bci com/intellij/ide/ui/customization/CustomActionsSchemaKt fillExtGroups (Ljava/util/Map;Ljava/util/Set;)V 52 <appendix> member <vmtarget> ; # com/intellij/ide/ui/customization/CustomActionsSchemaKt$$Lambda+0x00000000116173d0
instanceKlass com/intellij/util/xmlb/SerializationFilterBase
instanceKlass com/intellij/lexer/Lexer
instanceKlass com/intellij/ide/ui/customization/CustomizableActionGroupProvider$CustomizableActionGroupRegistrar
instanceKlass com/intellij/ide/ui/customization/CustomActionsSchemaKt
instanceKlass com/intellij/ide/util/BasePropertyService$MyState$$serializer
instanceKlass com/intellij/ide/actions/ActionsCollector
instanceKlass io/opentelemetry/sdk/internal/ComponentRegistry
instanceKlass  @bci com/intellij/ide/util/BasePropertyService$MyState <clinit> ()V 35 <appendix> argL0 ; # com/intellij/ide/util/BasePropertyService$MyState$$Lambda+0x0000000011614000
instanceKlass com/intellij/configurationStore/statistic/eventLog/LogConfigurationState
instanceKlass com/intellij/lexer/RestartableLexer
instanceKlass  @bci jdk/internal/reflect/MethodHandleFloatFieldAccessorImpl setFloat (Ljava/lang/Object;F)V 41 <adapter> ; # java/lang/invoke/LambdaForm$MH+0x0000000011611800
instanceKlass com/intellij/configurationStore/JdomSerializerImpl
# instanceKlass java/lang/invoke/LambdaForm$MH+0x0000000011611400
instanceKlass io/opentelemetry/sdk/metrics/internal/state/MeterProviderSharedState
# instanceKlass java/lang/invoke/LambdaForm$BMH+0x0000000011611000
instanceKlass  @bci com/intellij/openapi/actionSystem/impl/ActionManagerImplKt registerAction (Ljava/lang/String;Lcom/intellij/openapi/actionSystem/AnAction;Lcom/intellij/openapi/extensions/PluginId;Lcom/intellij/openapi/project/ProjectType;Lcom/intellij/openapi/actionSystem/impl/ActionRegistrar;ILjava/util/List;)V 204 <appendix> member <vmtarget> ; # com/intellij/openapi/actionSystem/impl/ActionManagerImplKt$$Lambda+0x000000001160ee48
# instanceKlass java/lang/invoke/LambdaForm$DMH+0x0000000011610c00
instanceKlass io/opentelemetry/sdk/metrics/internal/view/RegisteredView
instanceKlass  @bci com/intellij/openapi/actionSystem/impl/ActionManagerImplKt registerAction (Ljava/lang/String;Lcom/intellij/openapi/actionSystem/AnAction;Lcom/intellij/openapi/extensions/PluginId;Lcom/intellij/openapi/project/ProjectType;Lcom/intellij/openapi/actionSystem/impl/ActionRegistrar;ILjava/util/List;)V 199 <appendix> argL0 ; # com/intellij/openapi/actionSystem/impl/ActionManagerImplKt$$Lambda+0x000000001160e700
# instanceKlass java/lang/invoke/LambdaForm$MH+0x0000000011610800
instanceKlass com/intellij/configurationStore/JdomSerializer
instanceKlass com/intellij/BundleBase
instanceKlass com/intellij/openapi/actionSystem/impl/ActionManagerStateActionItemDescriptor
# instanceKlass java/lang/invoke/LambdaForm$BMH+0x0000000011610400
instanceKlass io/opentelemetry/sdk/metrics/internal/debug/SourceInfo
instanceKlass  @bci com/intellij/ide/util/BasePropertyService$MyState <clinit> ()V 21 <appendix> argL0 ; # com/intellij/ide/util/BasePropertyService$MyState$$Lambda+0x000000001160d438
instanceKlass com/intellij/openapi/actionSystem/impl/ProxyShortcutSet
# instanceKlass java/lang/invoke/LambdaForm$DMH+0x0000000011610000
instanceKlass com/intellij/html/index/Html5CustomAttributesIndex$1
instanceKlass  @bci com/intellij/openapi/actionSystem/impl/ActionManagerImplKt addToMap (Ljava/lang/String;Lcom/intellij/openapi/actionSystem/AnAction;Lcom/intellij/openapi/actionSystem/AnAction;Lcom/intellij/openapi/project/ProjectType;Lcom/intellij/openapi/actionSystem/impl/ActionRegistrar;)Z 2 <appendix> member <vmtarget> ; # com/intellij/openapi/actionSystem/impl/ActionManagerImplKt$$Lambda+0x000000001160cae8
instanceKlass com/intellij/ide/util/BasePropertyService$MyState$Companion
instanceKlass io/opentelemetry/sdk/metrics/InstrumentSelectorBuilder
instanceKlass io/opentelemetry/sdk/metrics/InstrumentSelector
instanceKlass com/intellij/configurationStore/XmlSerializer
instanceKlass com/intellij/BundleBaseKt
instanceKlass com/intellij/util/xmlb/AccessorBindingWrapper
instanceKlass com/intellij/openapi/actionSystem/impl/ActionManagerImplKt
instanceKlass io/opentelemetry/sdk/internal/RateLimiter
instanceKlass com/intellij/util/xmlb/MultiNodeBinding
instanceKlass io/opentelemetry/sdk/internal/ThrottlingLogger
instanceKlass  @bci java/util/function/BinaryOperator minBy (Ljava/util/Comparator;)Ljava/util/function/BinaryOperator; 6 <appendix> member <vmtarget> ; # java/util/function/BinaryOperator$$Lambda+0x00000000114f3548
instanceKlass  @bci com/intellij/serialization/xml/KotlinAwareBeanBinding resolveInstantiator ()Lkotlin/jvm/functions/Function0; 45 <appendix> member <vmtarget> ; # com/intellij/serialization/xml/KotlinAwareBeanBinding$$Lambda+0x0000000011609698
instanceKlass io/opentelemetry/sdk/metrics/internal/view/DefaultAggregation
instanceKlass com/intellij/util/xmlb/SerializationFilter
instanceKlass io/opentelemetry/sdk/metrics/internal/aggregator/AggregatorFactory
instanceKlass  @bci java/util/Map$Entry comparingByKey ()Ljava/util/Comparator; 0 <appendix> argL0 ; # java/util/Map$Entry$$Lambda+0x00000000114f3270
instanceKlass com/intellij/serialization/xml/KotlinAwareBeanBindingKt
instanceKlass io/opentelemetry/sdk/metrics/Aggregation
instanceKlass com/intellij/util/xmlb/TagBinding
instanceKlass io/opentelemetry/sdk/metrics/ViewBuilder
instanceKlass com/intellij/AbstractBundleKt
instanceKlass com/intellij/openapi/fileTypes/FileType
instanceKlass com/intellij/psi/PsiElement
instanceKlass com/intellij/util/xmlb/XmlSerializerUtil
instanceKlass  @bci com/intellij/openapi/actionSystem/DataKey$Companion create (Ljava/lang/String;)Lcom/intellij/openapi/actionSystem/DataKey; 15 <appendix> member <vmtarget> ; # com/intellij/openapi/actionSystem/DataKey$Companion$$Lambda+0x0000000011607168
instanceKlass com/intellij/openapi/util/Iconable
instanceKlass io/opentelemetry/sdk/metrics/View
instanceKlass com/intellij/DynamicBundle$DynamicBundleInternal
instanceKlass  @bci com/intellij/openapi/actionSystem/DataKey$Companion create (Ljava/lang/String;)Lcom/intellij/openapi/actionSystem/DataKey; 10 <appendix> argL0 ; # com/intellij/openapi/actionSystem/DataKey$Companion$$Lambda+0x0000000011606810
instanceKlass com/intellij/l10n/LocalizationOrder$Companion
instanceKlass com/intellij/openapi/actionSystem/DataKey$Companion
instanceKlass com/intellij/openapi/actionSystem/DataKey
instanceKlass io/opentelemetry/sdk/metrics/internal/view/AttributesProcessor
instanceKlass com/intellij/util/SmartFMap
instanceKlass net/n3/nanoxml/IXMLBuilder
instanceKlass io/opentelemetry/sdk/metrics/internal/view/ViewRegistry
instanceKlass com/intellij/psi/search/SearchScope
instanceKlass com/intellij/openapi/actionSystem/CustomShortcutSet
instanceKlass com/intellij/psi/search/ProjectAwareFileFilter
instanceKlass com/intellij/openapi/vfs/VirtualFileFilter
instanceKlass  @bci io/opentelemetry/sdk/metrics/SdkMeterProvider <init> (Ljava/util/List;Ljava/util/IdentityHashMap;Ljava/util/List;Lio/opentelemetry/sdk/common/Clock;Lio/opentelemetry/sdk/resources/Resource;Lio/opentelemetry/sdk/metrics/internal/exemplar/ExemplarFilter;Lio/opentelemetry/sdk/internal/ScopeConfigurator;)V 41 <appendix> member <vmtarget> ; # io/opentelemetry/sdk/metrics/SdkMeterProvider$$Lambda+0x0000000011602a40
instanceKlass io/opentelemetry/sdk/metrics/internal/export/RegisteredReader
instanceKlass com/intellij/openapi/actionSystem/SeparatorAction
instanceKlass com/intellij/ide/lightEdit/LightEditCompatible
instanceKlass java/util/IdentityHashMap$IdentityHashMapSpliterator
instanceKlass com/intellij/openapi/project/DumbAware
instanceKlass io/opentelemetry/sdk/internal/CurrentJavaVersionSpecific
instanceKlass io/opentelemetry/sdk/internal/JavaVersionSpecific
instanceKlass  @bci io/opentelemetry/sdk/internal/ScopeConfiguratorBuilder build ()Lio/opentelemetry/sdk/internal/ScopeConfigurator; 1 <appendix> member <vmtarget> ; # io/opentelemetry/sdk/internal/ScopeConfiguratorBuilder$$Lambda+0x0000000011600808
instanceKlass com/intellij/openapi/actionSystem/ShortcutSet
instanceKlass  @bci com/intellij/ide/ui/UIThemeBeanKt readFlatMapFromJson (Lcom/fasterxml/jackson/core/JsonParser;Ljava/util/Map;Lkotlin/jvm/functions/Function2;)V 437 <appendix> argL0 ; # com/intellij/ide/ui/UIThemeBeanKt$$Lambda+0x0000000011600368
instanceKlass  @bci io/opentelemetry/sdk/metrics/export/CardinalityLimitSelector defaultCardinalityLimitSelector ()Lio/opentelemetry/sdk/metrics/export/CardinalityLimitSelector; 0 <appendix> argL0 ; # io/opentelemetry/sdk/metrics/export/CardinalityLimitSelector$$Lambda+0x00000000115fda70
instanceKlass com/intellij/openapi/util/io/NullAppendable
instanceKlass  @bci com/intellij/psi/impl/cache/impl/todo/TodoIndex <init> ()V 45 <appendix> argL0 ; # com/intellij/psi/impl/cache/impl/todo/TodoIndex$$Lambda+0x00000000115fd288
instanceKlass  @bci com/intellij/openapi/actionSystem/impl/ActionManagerImpl registerPluginActions (Lcom/intellij/ide/plugins/IdeaPluginDescriptorImpl;Ljava/util/Map;Lcom/intellij/openapi/actionSystem/impl/ActionRegistrar;)V 98 <appendix> member <vmtarget> ; # com/intellij/openapi/actionSystem/impl/ActionManagerImpl$$Lambda+0x00000000115ff9f8
instanceKlass  @bci com/intellij/DynamicBundle lambda$findBundle$2 (Ljava/lang/ClassLoader;Ljava/lang/String;Ljava/util/Locale;Ljava/util/ResourceBundle$Control;Lcom/intellij/DynamicBundle$BundleCacheKey;)Ljava/util/ResourceBundle; 11 <appendix> member <vmtarget> ; # com/intellij/DynamicBundle$$Lambda+0x00000000115ff780
instanceKlass io/opentelemetry/sdk/metrics/export/CardinalityLimitSelector
instanceKlass com/intellij/psi/search/IndexPatternProvider
instanceKlass com/intellij/openapi/components/ReportValue
instanceKlass io/opentelemetry/sdk/metrics/export/PeriodicMetricReader$Scheduled
instanceKlass  @bci com/intellij/DynamicBundle findBundle (Ljava/lang/String;Ljava/lang/ClassLoader;Ljava/util/ResourceBundle$Control;)Ljava/util/ResourceBundle; 75 <appendix> member <vmtarget> ; # com/intellij/DynamicBundle$$Lambda+0x00000000115febd0
instanceKlass io/opentelemetry/sdk/metrics/export/CollectionRegistration$1
instanceKlass com/intellij/openapi/actionSystem/impl/ActionPreInitRegistrar
instanceKlass com/intellij/openapi/actionSystem/impl/ActionRegistrar
instanceKlass com/intellij/util/xmlb/annotations/Transient
instanceKlass com/intellij/util/xmlb/annotations/AbstractCollection
instanceKlass com/intellij/util/xmlb/annotations/XCollection
instanceKlass io/opentelemetry/sdk/metrics/export/PeriodicMetricReaderBuilder
instanceKlass com/intellij/util/xmlb/annotations/XMap
instanceKlass com/intellij/util/xmlb/annotations/MapAnnotation
instanceKlass com/intellij/util/xmlb/annotations/CollectionBean
instanceKlass com/intellij/util/xmlb/annotations/Text
instanceKlass com/intellij/openapi/actionSystem/impl/ActionManagerState
instanceKlass com/intellij/DynamicBundle$BundleCacheKey
instanceKlass io/opentelemetry/sdk/metrics/export/PeriodicMetricReader
instanceKlass io/opentelemetry/sdk/metrics/export/MetricReader
instanceKlass  @bci com/intellij/DynamicBundle findBundle (Ljava/lang/String;Ljava/lang/ClassLoader;Ljava/util/ResourceBundle$Control;)Ljava/util/ResourceBundle; 45 <appendix> argL0 ; # com/intellij/DynamicBundle$$Lambda+0x00000000115f9b08
instanceKlass com/intellij/psi/impl/cache/impl/todo/TodoIndex$1
instanceKlass com/intellij/openapi/actionSystem/ex/ActionManagerEx$Companion
instanceKlass org/jetbrains/kotlin/idea/actions/KotlinActionsManager
instanceKlass  @bci com/intellij/util/indexing/TodoIndexId <clinit> ()V 10 <appendix> argL0 ; # com/intellij/util/indexing/TodoIndexId$$Lambda+0x00000000115f9660
instanceKlass com/intellij/util/indexing/TodoIndexId
instanceKlass com/intellij/configurationStore/statistic/eventLog/LogDefaultConfigurationState
instanceKlass com/intellij/configurationStore/statistic/eventLog/LogRequest
instanceKlass com/intellij/configurationStore/statistic/eventLog/FeatureUsageSettingsEvents$2
instanceKlass com/intellij/framework/detection/impl/FrameworkDetectionIndexListener
instanceKlass javax/swing/plaf/BorderUIResource
instanceKlass com/intellij/util/LazyInitializer$LazyValue
instanceKlass com/intellij/util/LazyInitializer
# instanceKlass com/intellij/application/options/PathMacrosCollector$Companion$$Lambda+0x00000000115f1ce0
instanceKlass com/intellij/application/options/PathMacroProtocolHolder
instanceKlass  @bci com/intellij/ui/border/CustomLineBorder <init> (Ljava/awt/Color;Ljava/awt/Insets;Z)V 28 <appendix> argL0 ; # com/intellij/ui/border/CustomLineBorder$$Lambda+0x00000000115f1530
# instanceKlass com/intellij/application/options/PathMacrosCollector$Companion$$Lambda+0x00000000115f1000
instanceKlass com/intellij/configurationStore/statistic/eventLog/ConfigurationStateExtractor
instanceKlass com/intellij/util/ui/UpdateScaleHelper
instanceKlass  @bci com/intellij/application/options/PathMacrosCollector$Companion getMacroNames$default (Lcom/intellij/application/options/PathMacrosCollector$Companion;Lorg/jdom/Element;Lcom/intellij/openapi/application/PathMacroFilter;Lkotlin/jvm/functions/Function0;ILjava/lang/Object;)Ljava/util/Set; 7 <appendix> argL0 ; # com/intellij/application/options/PathMacrosCollector$Companion$$Lambda+0x00000000115f36f8
# instanceKlass com/intellij/application/options/PathMacrosCollector$Companion$$Lambda+0x00000000115f3498
instanceKlass com/intellij/ui/border/CustomLineBorder
instanceKlass com/intellij/configurationStore/statistic/eventLog/FeatureUsageSettingsEventPrinter
instanceKlass com/intellij/openapi/util/ThreadLocalCachedIntArray
instanceKlass com/intellij/util/ui/JBUI$Borders
instanceKlass  @bci com/github/benmanes/caffeine/cache/BoundedLocalCache clear ()V 11 <appendix> argL0 ; # com/github/benmanes/caffeine/cache/BoundedLocalCache$$Lambda+0x00000000115f2580
instanceKlass com/intellij/psi/impl/cache/impl/id/IdIndex$2
instanceKlass  @bci com/intellij/ui/icons/CachedImageIconKt <clinit> ()V 0 <appendix> argL0 ; # com/intellij/ui/icons/CachedImageIconKt$$Lambda+0x00000000115f6d50
instanceKlass javax/swing/ImageIcon
instanceKlass  @bci com/intellij/configurationStore/ProjectStorePathCustomizerKt <clinit> ()V 0 <appendix> argL0 ; # com/intellij/configurationStore/ProjectStorePathCustomizerKt$$Lambda+0x00000000115f6788
instanceKlass com/intellij/configurationStore/ProjectStorePathCustomizerKt
instanceKlass com/intellij/ui/icons/CachedImageIconKt
instanceKlass com/intellij/configurationStore/StorageImpl
instanceKlass com/intellij/util/indexing/storage/sharding/ShardableIndexExtension
instanceKlass com/intellij/util/indexing/CustomInputMapIndexExtension
instanceKlass com/intellij/util/indexing/CustomInputsIndexFileBasedIndexExtension
instanceKlass com/intellij/util/ui/JBValue
instanceKlass com/intellij/util/ui/JBUI
instanceKlass com/intellij/openapi/extensions/ExtensionPointPriorityListener
instanceKlass  @bci com/intellij/openapi/extensions/impl/ExtensionPointImpl addListener (Lcom/intellij/openapi/extensions/ExtensionPointListener;)Z 20 <appendix> member <vmtarget> ; # com/intellij/openapi/extensions/impl/ExtensionPointImpl$$Lambda+0x00000000115efad8
instanceKlass  @bci com/intellij/psi/stubs/SerializationManagerImpl <init> (Ljava/util/function/Supplier;ZLkotlinx/coroutines/CoroutineScope;)V 99 <appendix> member <vmtarget> ; # com/intellij/psi/stubs/SerializationManagerImpl$$Lambda+0x00000000115ef458
instanceKlass com/intellij/openapi/keymap/impl/KeymapManagerImpl$2
instanceKlass  @bci com/intellij/psi/stubs/SerializationManagerImpl <init> (Ljava/util/function/Supplier;ZLkotlinx/coroutines/CoroutineScope;)V 74 <appendix> member <vmtarget> ; # com/intellij/psi/stubs/SerializationManagerImpl$$Lambda+0x00000000115eef80
instanceKlass com/intellij/openapi/application/InitialConfigImportState
instanceKlass  @bci com/github/benmanes/caffeine/cache/LocalLoadingCache newMappingFunction (Lcom/github/benmanes/caffeine/cache/CacheLoader;)Ljava/util/function/Function; 1 <appendix> member <vmtarget> ; # com/github/benmanes/caffeine/cache/LocalLoadingCache$$Lambda+0x00000000115ee830
instanceKlass com/intellij/psi/stubs/StubElementRegistryServiceImplKt
instanceKlass com/github/benmanes/caffeine/cache/Scheduler
instanceKlass  @bci com/intellij/configurationStore/schemeManager/SchemeManagerImpl loadSchemes ()Ljava/util/Collection; 57 <appendix> member <vmtarget> ; # com/intellij/configurationStore/schemeManager/SchemeManagerImpl$$Lambda+0x00000000115ed350
instanceKlass com/intellij/util/ui/JBDimension$Size2D
instanceKlass  @bci com/intellij/openapi/extensions/impl/ExtensionPointImpl addChangeListener (Lkotlinx/coroutines/CoroutineScope;Ljava/lang/Runnable;)V 31 <appendix> member <vmtarget> ; # com/intellij/openapi/extensions/impl/ExtensionPointImpl$$Lambda+0x00000000115ec790
instanceKlass  @cpi com/intellij/configurationStore/schemeManager/SchemeManagerImpl 743 form vmentry <vmtarget> ; # java/lang/invoke/LambdaForm$DMH+0x00000000115f0000
instanceKlass com/intellij/ui/scale/Scaler
instanceKlass com/github/benmanes/caffeine/cache/Ticker
instanceKlass  @bci com/intellij/openapi/extensions/impl/ExtensionPointImpl doAddChangeListener (Ljava/lang/Runnable;)Lcom/intellij/openapi/extensions/ExtensionPointAdapter; 14 <appendix> member <vmtarget> ; # com/intellij/openapi/extensions/impl/ExtensionPointImpl$$Lambda+0x00000000115ebdd0
instanceKlass com/github/benmanes/caffeine/cache/LinkedDeque$PeekingIterator
instanceKlass  @bci com/intellij/configurationStore/schemeManager/SchemeManagerImpl loadSchemes ()Ljava/util/Collection; 50 <appendix> member <vmtarget> ; # com/intellij/configurationStore/schemeManager/SchemeManagerImpl$$Lambda+0x00000000115eb928
instanceKlass com/intellij/openapi/extensions/ExtensionPointAdapter
instanceKlass  @bci com/intellij/psi/stubs/SerializationManagerImpl <init> (Ljava/util/function/Supplier;ZLkotlinx/coroutines/CoroutineScope;)V 61 <appendix> member <vmtarget> ; # com/intellij/psi/stubs/SerializationManagerImpl$$Lambda+0x00000000115e9cf8
instanceKlass com/github/benmanes/caffeine/cache/FrequencySketch
instanceKlass com/intellij/configurationStore/schemeManager/SchemeLoader
instanceKlass com/intellij/psi/stubs/StubElementTypeHolderEP
instanceKlass com/intellij/lang/LocalizationState
instanceKlass  @bci com/intellij/util/ui/UnixDesktopEnv getDesktop ()Lcom/intellij/util/ui/UnixDesktopEnv; 27 <appendix> argL0 ; # com/intellij/util/ui/UnixDesktopEnv$$Lambda+0x00000000115e8bf8
instanceKlass  @bci com/intellij/ide/ui/UiThemeParserKt parseMultiValue (Ljava/lang/String;)Lkotlin/sequences/Sequence; 30 <appendix> argL0 ; # com/intellij/ide/ui/UiThemeParserKt$$Lambda+0x00000000115e8e78
instanceKlass  @bci java/util/function/UnaryOperator identity ()Ljava/util/function/UnaryOperator; 0 <appendix> argL0 ; # java/util/function/UnaryOperator$$Lambda+0x00000000114f2550
instanceKlass com/intellij/lang/LocalizationStateServiceImpl
instanceKlass  @bci com/intellij/ide/ui/UiThemeParserKt parseMultiValue (Ljava/lang/String;)Lkotlin/sequences/Sequence; 22 <appendix> argL0 ; # com/intellij/ide/ui/UiThemeParserKt$$Lambda+0x00000000115e5fd8
instanceKlass com/intellij/psi/stubs/Stub
instanceKlass com/intellij/psi/stubs/StubTreeSerializerBase
instanceKlass  @bci com/intellij/openapi/keymap/impl/KeymapImpl <init> (Lcom/intellij/configurationStore/SchemeDataHolder;)V 71 <appendix> argL0 ; # com/intellij/openapi/keymap/impl/KeymapImpl$$Lambda+0x00000000115e5430
instanceKlass  @bci com/intellij/AbstractBundle getResourceBundle (Ljava/lang/ClassLoader;)Ljava/util/ResourceBundle; 40 <appendix> argL0 ; # com/intellij/AbstractBundle$$Lambda+0x00000000115e45d8
instanceKlass  @bci com/intellij/AbstractBundle getResourceBundle (Ljava/lang/ClassLoader;)Ljava/util/ResourceBundle; 35 <appendix> member <vmtarget> ; # com/intellij/AbstractBundle$$Lambda+0x00000000115e3ef0
instanceKlass  @bci com/intellij/openapi/keymap/impl/KeymapImpl <init> (Lcom/intellij/configurationStore/SchemeDataHolder;)V 58 <appendix> argL0 ; # com/intellij/openapi/keymap/impl/KeymapImpl$$Lambda+0x00000000115e3c90
instanceKlass  @bci com/intellij/util/DefaultBundleService <clinit> ()V 10 <appendix> argL0 ; # com/intellij/util/DefaultBundleService$$Lambda+0x00000000115e3a30
instanceKlass com/intellij/openapi/keymap/impl/KeymapImpl$cachedShortcuts$1
instanceKlass com/intellij/util/DefaultBundleService
instanceKlass kotlin/properties/ReadWriteProperty
instanceKlass kotlin/properties/ReadOnlyProperty
instanceKlass com/intellij/util/containers/hash/EqualityPolicy$2
instanceKlass com/intellij/util/containers/ConcurrentRefValueHashMap$ValueReference
instanceKlass  @bci com/github/benmanes/caffeine/cache/BoundedLocalCache <init> (Lcom/github/benmanes/caffeine/cache/Caffeine;Lcom/github/benmanes/caffeine/cache/AsyncCacheLoader;Z)V 156 <appendix> member <vmtarget> ; # com/github/benmanes/caffeine/cache/BoundedLocalCache$$Lambda+0x00000000115e29b0
instanceKlass com/intellij/util/containers/hash/EqualityPolicy$1
instanceKlass com/intellij/util/io/PersistentStringEnumerator$1
instanceKlass  @bci com/intellij/openapi/keymap/impl/KeymapImpl <init> (Lcom/intellij/configurationStore/SchemeDataHolder;)V 45 <appendix> argL0 ; # com/intellij/openapi/keymap/impl/KeymapImpl$$Lambda+0x00000000115e1b40
instanceKlass com/intellij/util/containers/ConcurrentRefValueHashMap
instanceKlass com/intellij/util/io/CachingEnumerator
instanceKlass  @bci com/intellij/openapi/keymap/impl/KeymapImpl <init> (Lcom/intellij/configurationStore/SchemeDataHolder;)V 32 <appendix> argL0 ; # com/intellij/openapi/keymap/impl/KeymapImpl$$Lambda+0x00000000115e11a0
instanceKlass com/intellij/AbstractBundle$Companion
instanceKlass com/intellij/util/io/PersistentBTreeEnumerator$1
instanceKlass com/intellij/util/io/IntToIntBtree$BtreeIndexNodeView
instanceKlass com/github/benmanes/caffeine/cache/StripedBuffer
instanceKlass  @bci com/intellij/openapi/keymap/impl/KeymapImpl <init> (Lcom/intellij/configurationStore/SchemeDataHolder;)V 20 <appendix> member <vmtarget> ; # com/intellij/openapi/keymap/impl/KeymapImpl$$Lambda+0x00000000115e02b8
instanceKlass kotlin/reflect/KMutableProperty$Setter
instanceKlass com/intellij/util/io/IntToIntBtree$BtreeRootNode
instanceKlass com/intellij/AbstractBundle
instanceKlass  @bci com/intellij/ide/ui/IJColorUIResource <init> (Ljava/awt/Color;Ljava/lang/String;)V 14 <appendix> member <vmtarget> ; # com/intellij/ide/ui/IJColorUIResource$$Lambda+0x00000000115dec00
instanceKlass  @bci com/intellij/ui/JBColor background ()Ljava/awt/Color; 0 <appendix> argL0 ; # com/intellij/ui/JBColor$$Lambda+0x00000000115de2f8
instanceKlass com/intellij/openapi/options/ExternalizableSchemeAdapter
instanceKlass com/intellij/openapi/options/ExternalizableScheme
instanceKlass com/intellij/ui/DarculaColors
instanceKlass com/intellij/configurationStore/SerializableScheme
instanceKlass com/intellij/util/io/stats/StorageStatsRegistrar
instanceKlass  @bci com/intellij/ui/JBColor marker (Ljava/lang/String;)Ljava/awt/Color; 14 <appendix> member <vmtarget> ; # com/intellij/ui/JBColor$$Lambda+0x00000000115dc2a0
instanceKlass com/intellij/openapi/keymap/Keymap
instanceKlass com/intellij/openapi/keymap/KeyMapBundle
instanceKlass com/intellij/openapi/options/Scheme
instanceKlass  @bci com/intellij/ui/JBColor <clinit> ()V 27 <appendix> argL0 ; # com/intellij/ui/JBColor$$Lambda+0x00000000115db978
instanceKlass javax/swing/tree/MutableTreeNode
instanceKlass javax/swing/tree/TreeNode
instanceKlass com/github/benmanes/caffeine/cache/Node
instanceKlass  @bci com/intellij/util/io/keyStorage/AppendableStorageBackedByResizableMappedFile <clinit> ()V 0 <appendix> argL0 ; # com/intellij/util/io/keyStorage/AppendableStorageBackedByResizableMappedFile$$Lambda+0x00000000115da858
instanceKlass  @bci com/github/benmanes/caffeine/cache/NodeFactory loadFactory (Ljava/lang/String;)Lcom/github/benmanes/caffeine/cache/NodeFactory; 21 <appendix> argL0 ; # com/github/benmanes/caffeine/cache/NodeFactory$$Lambda+0x00000000115da5d8
instanceKlass com/intellij/util/ui/ComparableColor
instanceKlass com/github/benmanes/caffeine/cache/NodeFactory$DeadStrongKey
instanceKlass com/github/benmanes/caffeine/cache/References$InternalReference
instanceKlass com/github/benmanes/caffeine/cache/NodeFactory$RetiredStrongKey
instanceKlass com/intellij/openapi/keymap/impl/DefaultKeymap$2$1
instanceKlass com/github/benmanes/caffeine/cache/NodeFactory
instanceKlass com/intellij/configurationStore/SchemeDataHolder
instanceKlass com/intellij/util/io/keyStorage/AppendableStorageBackedByResizableMappedFile
instanceKlass sun/font/FontWithDerivedItalic
instanceKlass  @bci com/github/benmanes/caffeine/cache/SSMSA <clinit> ()V 0 <appendix> argL0 ; # com/github/benmanes/caffeine/cache/SSMSA$$Lambda+0x00000000115d3108
instanceKlass com/intellij/openapi/keymap/impl/DefaultKeymapKt
instanceKlass  @bci com/github/benmanes/caffeine/cache/SSMS <clinit> ()V 0 <appendix> argL0 ; # com/github/benmanes/caffeine/cache/SSMS$$Lambda+0x00000000115d2778
instanceKlass com/intellij/openapi/actionSystem/ActionManager
instanceKlass  @bci com/intellij/ide/ui/UIThemeBeanKt readFlatMapFromJson (Lcom/fasterxml/jackson/core/JsonParser;Ljava/util/Map;Lkotlin/jvm/functions/Function2;)V 399 <appendix> member <vmtarget> ; # com/intellij/ide/ui/UIThemeBeanKt$$Lambda+0x00000000115d2240
instanceKlass com/intellij/openapi/keymap/KeymapGroup
instanceKlass  @bci com/github/benmanes/caffeine/cache/SS <clinit> ()V 0 <appendix> argL0 ; # com/github/benmanes/caffeine/cache/SS$$Lambda+0x00000000115d7880
instanceKlass com/intellij/openapi/actionSystem/AnAction
instanceKlass com/intellij/openapi/actionSystem/ActionUpdateThreadAware
instanceKlass com/intellij/openapi/project/PossiblyDumbAware
instanceKlass com/intellij/util/io/InlineKeyDescriptor
instanceKlass com/github/benmanes/caffeine/cache/WriteOrderDeque$WriteOrder
instanceKlass com/github/benmanes/caffeine/cache/Buffer
instanceKlass  @bci com/intellij/openapi/keymap/impl/DefaultKeymap <init> ()V 103 <adapter> ; # java/lang/invoke/LambdaForm$MH+0x00000000115d0c00
instanceKlass com/fasterxml/jackson/core/io/NumberInput
# instanceKlass java/lang/invoke/LambdaForm$DMH+0x00000000115d0800
instanceKlass com/github/benmanes/caffeine/cache/LinkedDeque
instanceKlass sun/font/SunFontManager$TTorT1Filter
instanceKlass  @bci com/intellij/openapi/keymap/impl/DefaultKeymap <init> ()V 103 <appendix> form vmentry <vmtarget> ; # java/lang/invoke/LambdaForm$DMH+0x00000000115d0400
instanceKlass com/github/benmanes/caffeine/cache/Policy$CacheEntry
instanceKlass com/intellij/openapi/keymap/impl/ui/ActionsTreeUtil
instanceKlass com/github/benmanes/caffeine/cache/AccessOrderDeque$AccessOrder
instanceKlass  @bci com/intellij/util/io/DirectBufferWrapper tryLock ()Z 4 <appendix> argL0 ; # com/intellij/util/io/DirectBufferWrapper$$Lambda+0x00000000115d5bc8
instanceKlass  @bci com/intellij/ide/ui/UIThemeBeanKt readFlatMapFromJson (Lcom/fasterxml/jackson/core/JsonParser;Ljava/util/Map;Lkotlin/jvm/functions/Function2;)V 379 <appendix> member <vmtarget> ; # com/intellij/ide/ui/UIThemeBeanKt$$Lambda+0x00000000115d5960
instanceKlass com/intellij/util/io/PagedFileStorageCache$CachedBuffer
instanceKlass  @bci com/intellij/openapi/keymap/impl/DefaultKeymap <init> ()V 103 <appendix> member <vmtarget> ; # com/intellij/openapi/keymap/impl/DefaultKeymap$$Lambda+0x00000000115d54a8
instanceKlass  @cpi com/intellij/openapi/keymap/impl/DefaultKeymap 79 form vmentry <vmtarget> ; # java/lang/invoke/LambdaForm$DMH+0x00000000115d0000
instanceKlass  @bci com/intellij/util/io/FileChannelInterruptsRetryer close ()V 5 <appendix> member <vmtarget> ; # com/intellij/util/io/FileChannelInterruptsRetryer$$Lambda+0x00000000115cec90
instanceKlass com/intellij/platform/diagnostic/telemetry/exporters/meters/TelemetryMeterJsonExporter
instanceKlass com/intellij/platform/diagnostic/telemetry/exporters/IdeaOtlpMeterProviderKt
instanceKlass com/intellij/ide/ui/customization/CustomActionsSchema$Companion
instanceKlass  @bci com/github/benmanes/caffeine/cache/LocalCacheFactory loadFactory (Ljava/lang/String;)Lcom/github/benmanes/caffeine/cache/LocalCacheFactory; 21 <appendix> argL0 ; # com/github/benmanes/caffeine/cache/LocalCacheFactory$$Lambda+0x00000000115ce580
instanceKlass com/intellij/openapi/keymap/impl/BundledKeymapBean
instanceKlass com/intellij/codeWithMe/ClientId$Companion$WhenMappings
instanceKlass com/github/benmanes/caffeine/cache/BLCHeader$PadDrainStatus
instanceKlass com/intellij/platform/diagnostic/telemetry/exporters/meters/CsvMetricsExporterKt
instanceKlass com/intellij/openapi/client/ClientSessionsUtil
instanceKlass com/intellij/openapi/keymap/impl/DefaultKeymap$Companion
instanceKlass  @bci com/intellij/openapi/client/ClientSystemInfo <clinit> ()V 13 <appendix> argL0 ; # com/intellij/openapi/client/ClientSystemInfo$$Lambda+0x00000000115cbee8
instanceKlass com/intellij/ide/ui/customization/CustomActionsSchema
instanceKlass com/intellij/openapi/keymap/impl/DefaultKeymap
instanceKlass com/intellij/openapi/client/ClientSystemInfo$Companion
instanceKlass com/intellij/configurationStore/SchemeExtensionProvider
instanceKlass com/intellij/openapi/util/io/FileUtilRt$2
instanceKlass com/intellij/configurationStore/schemeManager/SchemeCollection
instanceKlass com/intellij/configurationStore/schemeManager/SchemeListManagerKt
instanceKlass  @bci com/intellij/openapi/util/io/FileSetLimiter$1 accept (Ljava/util/Collection;)V 21 <appendix> member <vmtarget> ; # com/intellij/openapi/util/io/FileSetLimiter$1$$Lambda+0x00000000115cac00
instanceKlass com/intellij/configurationStore/schemeManager/SchemeListManager
instanceKlass  @bci com/intellij/openapi/application/impl/ApplicationImpl addLockAcquisitionListener (Lcom/intellij/platform/locking/impl/listeners/LockAcquisitionListener;Lcom/intellij/openapi/Disposable;)V 29 <appendix> member <vmtarget> ; # com/intellij/openapi/application/impl/ApplicationImpl$$Lambda+0x00000000115ca748
instanceKlass  @bci com/intellij/util/SmartList resizeIfNecessary (I)[Ljava/lang/Object; 32 <appendix> argL0 ; # com/intellij/util/SmartList$$Lambda+0x00000000115ca4e8
instanceKlass  @bci com/intellij/util/CoroutineScopeKt disposeOnCompletion (Lcom/intellij/openapi/Disposable;Lkotlinx/coroutines/CoroutineScope;)V 45 <appendix> member <vmtarget> ; # com/intellij/util/CoroutineScopeKt$$Lambda+0x00000000115c9d18
instanceKlass com/intellij/openapi/client/ClientSystemInfo
instanceKlass  @bci com/intellij/util/CoroutineScopeKt disposeOnCompletion (Lcom/intellij/openapi/Disposable;Lkotlinx/coroutines/CoroutineScope;)V 31 <appendix> member <vmtarget> ; # com/intellij/util/CoroutineScopeKt$$Lambda+0x00000000115c9798
instanceKlass com/intellij/openapi/options/SchemeManager
instanceKlass kotlinx/coroutines/DebugStringsKt
instanceKlass  @bci com/intellij/ide/ui/UIThemeBeanKt readFlatMapFromJson (Lcom/fasterxml/jackson/core/JsonParser;Ljava/util/Map;Lkotlin/jvm/functions/Function2;)V 359 <appendix> member <vmtarget> ; # com/intellij/ide/ui/UIThemeBeanKt$$Lambda+0x00000000115c8ff0
instanceKlass com/intellij/util/CoroutineScopeKt
instanceKlass com/intellij/diagnostic/WriteLockMeasurementListener
instanceKlass com/intellij/platform/locking/impl/listeners/LockAcquisitionListener
instanceKlass com/intellij/configurationStore/StorageManagerFileWriteRequestor
instanceKlass com/github/benmanes/caffeine/cache/LocalCacheFactory
instanceKlass com/intellij/openapi/vfs/SafeWriteRequestor
instanceKlass java/text/FieldPosition$Delegate
instanceKlass java/text/Format$FieldDelegate
instanceKlass com/github/benmanes/caffeine/cache/Policy
instanceKlass com/intellij/diagnostic/WriteLockMeasurerImpl
instanceKlass com/github/benmanes/caffeine/cache/LocalCache
instanceKlass kotlinx/coroutines/debug/internal/DebugCoroutineInfoImpl
instanceKlass com/intellij/diagnostic/WriteLockMeasurer
instanceKlass kotlinx/coroutines/debug/internal/DebugProbesImpl$CoroutineOwner
# instanceKlass java/lang/invoke/LambdaForm$MH+0x00000000115c0800
instanceKlass com/github/benmanes/caffeine/cache/BoundedLocalCache$BoundedLocalManualCache
instanceKlass kotlinx/coroutines/debug/internal/Marked
instanceKlass kotlinx/coroutines/debug/internal/ConcurrentWeakMapKt
instanceKlass com/intellij/openapi/vfs/newvfs/impl/VfsData$1
instanceKlass  @bci com/intellij/platform/ide/bootstrap/ApplicationLoader$enableJstack$2 invokeSuspend (Ljava/lang/Object;)Ljava/lang/Object; 39 <appendix> argL0 ; # com/intellij/platform/ide/bootstrap/ApplicationLoader$enableJstack$2$$Lambda+0x00000000115c29b0
instanceKlass  @bci com/intellij/ui/icons/IconUtilKt <clinit> ()V 81 <appendix> argL0 ; # com/intellij/ui/icons/IconUtilKt$$Lambda+0x00000000115c2488
instanceKlass com/intellij/ide/ui/NamedColorValue
# instanceKlass com/jetbrains/Jstack$$$+0x00000000115c0400
instanceKlass javax/swing/Icon
instanceKlass com/github/benmanes/caffeine/cache/CacheLoader
instanceKlass com/intellij/openapi/components/impl/stores/IComponentStoreKt
instanceKlass com/intellij/ide/actions/SearchEverywhereAction$ShortcutTracker
instanceKlass com/intellij/util/containers/ConcurrentBitSetImpl
instanceKlass  @bci com/intellij/configurationStore/Scheme_implKt <clinit> ()V 16 <appendix> argL0 ; # com/intellij/configurationStore/Scheme_implKt$$Lambda+0x00000000115c77a8
instanceKlass com/intellij/util/containers/ConcurrentBitSet
instanceKlass  @bci com/github/benmanes/caffeine/cache/Caffeine <clinit> ()V 0 <appendix> argL0 ; # com/github/benmanes/caffeine/cache/Caffeine$$Lambda+0x00000000115c7308
instanceKlass  @bci com/intellij/configurationStore/Scheme_implKt <clinit> ()V 8 <appendix> argL0 ; # com/intellij/configurationStore/Scheme_implKt$$Lambda+0x00000000115c70a8
instanceKlass com/intellij/ide/actions/runAnything/RunAnythingAction$ShortcutTracker
instanceKlass com/github/benmanes/caffeine/cache/stats/ConcurrentStatsCounter
instanceKlass com/jetbrains/Jstack
instanceKlass com/github/benmanes/caffeine/cache/stats/StatsCounter
instanceKlass  @bci com/intellij/configurationStore/Scheme_implKt <clinit> ()V 0 <appendix> argL0 ; # com/intellij/configurationStore/Scheme_implKt$$Lambda+0x00000000115c64a8
instanceKlass com/jetbrains/JBR$Jstack__Holder
instanceKlass com/intellij/configurationStore/Scheme_implKt
instanceKlass com/github/benmanes/caffeine/cache/LocalLoadingCache
instanceKlass com/intellij/tools/ToolManagerActionTuner
instanceKlass  @bci java/util/stream/SortedOps$RefSortingSink end ()V 48 <appendix> member <vmtarget> ; # java/util/stream/SortedOps$RefSortingSink$$Lambda+0x00000000114efcc0
instanceKlass com/github/benmanes/caffeine/cache/LoadingCache
instanceKlass com/github/benmanes/caffeine/cache/LocalManualCache
instanceKlass kotlin/concurrent/ThreadsKt
instanceKlass com/github/benmanes/caffeine/cache/Cache
instanceKlass com/intellij/ide/ui/AwtColorValue
instanceKlass com/intellij/ide/ui/ColorValue
instanceKlass  @cpi java/util/stream/SortedOps$RefSortingSink 128 form vmentry <vmtarget> ; # java/lang/invoke/LambdaForm$DMH+0x00000000115c0000
instanceKlass com/intellij/openapi/options/SchemeProcessor
instanceKlass com/intellij/ui/ColorHexUtil
instanceKlass com/intellij/codeInsight/intention/impl/IntentionShortcutManager$InitListener
instanceKlass com/intellij/util/containers/ConcurrentIntObjectHashMap$Node
instanceKlass com/intellij/util/containers/IntObjectMap$Entry
instanceKlass com/intellij/ide/ui/UiThemeParserKt
instanceKlass com/intellij/ide/ui/ColorMapKt$WhenMappings
instanceKlass com/intellij/util/containers/ConcurrentIntObjectHashMap
instanceKlass com/intellij/execution/ExecutorRegistryImpl$ExecutorRegistryActionConfigurationTuner
instanceKlass com/intellij/ide/ui/ColorMapKt
instanceKlass com/intellij/ide/ui/UIThemeBeanKt$WhenMappings
instanceKlass  @bci kotlinx/coroutines/debug/internal/DebugProbesImpl startWeakRefCleanerThread ()V 6 <appendix> argL0 ; # kotlinx/coroutines/debug/internal/DebugProbesImpl$$Lambda+0x00000000115be000
instanceKlass com/intellij/platform/ide/impl/presentationAssistant/PresentationAssistantListenerRegistrar
instanceKlass com/intellij/ide/ui/ColorMap
instanceKlass com/intellij/ide/ui/UIThemeBean
instanceKlass java/text/CalendarBuilder
instanceKlass com/intellij/ide/ui/UIThemeBeanKt
instanceKlass com/intellij/openapi/project/impl/SeparateProcessActionsCustomizer
instanceKlass com/intellij/platform/ide/menu/IdeMainMenuActionCustomizer
instanceKlass com/intellij/util/containers/ConcurrentIntKeyRefValueHashMap$IntReference
instanceKlass  @bci com/intellij/ide/ui/UIThemeProvider createTheme$intellij_platform_ide_impl (Lcom/intellij/ide/ui/UITheme;Lkotlin/jvm/functions/Function0;Lkotlin/jvm/functions/Function0;Lcom/intellij/openapi/extensions/PluginDescriptor;)Lcom/intellij/ide/ui/UITheme; 251 <appendix> member <vmtarget> ; # com/intellij/ide/ui/UIThemeProvider$$Lambda+0x00000000115bbae8
instanceKlass kotlinx/coroutines/debug/internal/ConcurrentWeakMap$Core
instanceKlass  @bci com/intellij/openapi/util/io/FileSetLimiter removeOlderFiles ()Lcom/intellij/openapi/util/io/FileSetLimiter; 90 <appendix> argL0 ; # com/intellij/openapi/util/io/FileSetLimiter$$Lambda+0x00000000115bb618
instanceKlass  @bci com/intellij/ide/ui/UIThemeProvider createTheme$intellij_platform_ide_impl (Lcom/intellij/ide/ui/UITheme;Lkotlin/jvm/functions/Function0;Lkotlin/jvm/functions/Function0;Lcom/intellij/openapi/extensions/PluginDescriptor;)Lcom/intellij/ide/ui/UITheme; 238 <appendix> member <vmtarget> ; # com/intellij/ide/ui/UIThemeProvider$$Lambda+0x00000000115bb170
instanceKlass java/util/stream/SortedOps
instanceKlass com/intellij/util/containers/ConcurrentIntKeyRefValueHashMap
instanceKlass com/intellij/util/containers/ConcurrentIntObjectMap
instanceKlass  @bci com/intellij/ide/ui/UIThemeProvider createTheme$intellij_platform_ide_impl (Lcom/intellij/ide/ui/UITheme;Lkotlin/jvm/functions/Function0;Lkotlin/jvm/functions/Function0;Lcom/intellij/openapi/extensions/PluginDescriptor;)Lcom/intellij/ide/ui/UITheme; 223 <appendix> member <vmtarget> ; # com/intellij/ide/ui/UIThemeProvider$$Lambda+0x00000000115ba4e8
instanceKlass com/intellij/openapi/actionSystem/ex/QuickListsManager$QuickListActionCustomizer
instanceKlass java/util/Collections$ReverseComparator2
instanceKlass com/intellij/execution/runToolbar/MyActionConfigurationCustomizer
instanceKlass com/intellij/openapi/actionSystem/impl/ActionConfigurationCustomizer$LightCustomizeStrategy
instanceKlass com/intellij/openapi/project/Project
instanceKlass java/util/Collections$ReverseComparator
instanceKlass  @bci com/intellij/openapi/util/io/FileSetLimiter removeOlderFiles ()Lcom/intellij/openapi/util/io/FileSetLimiter; 59 <appendix> argL0 ; # com/intellij/openapi/util/io/FileSetLimiter$$Lambda+0x00000000115b8fa8
instanceKlass com/intellij/ide/actionMacro/ActionMacroManager$MyActionTuner
instanceKlass com/intellij/openapi/actionSystem/impl/ActionConfigurationCustomizer$AsyncLightCustomizeStrategy
instanceKlass com/intellij/openapi/actionSystem/impl/ActionConfigurationCustomizer$CustomizeStrategy
instanceKlass  @bci com/intellij/openapi/util/io/FileSetLimiter removeOlderFiles ()Lcom/intellij/openapi/util/io/FileSetLimiter; 49 <appendix> member <vmtarget> ; # com/intellij/openapi/util/io/FileSetLimiter$$Lambda+0x00000000115b0d08
instanceKlass com/intellij/openapi/extensions/impl/ExtensionPointImpl$iterator$2
instanceKlass  @bci com/intellij/openapi/util/io/FileSetLimiter removeOlderFiles ()Lcom/intellij/openapi/util/io/FileSetLimiter; 38 <appendix> argL0 ; # com/intellij/openapi/util/io/FileSetLimiter$$Lambda+0x00000000115b0800
instanceKlass com/intellij/openapi/vfs/newvfs/impl/VfsData
instanceKlass java/nio/file/Files$2
instanceKlass com/intellij/openapi/actionSystem/impl/ActionConfigurationCustomizer$Companion
instanceKlass  @bci com/intellij/diagnostic/logs/DebugLogLevel <clinit> ()V 71 <appendix> argL0 ; # com/intellij/diagnostic/logs/DebugLogLevel$$Lambda+0x00000000115b38d8
instanceKlass com/intellij/ide/ui/UITheme$Companion
instanceKlass com/intellij/diagnostic/logs/DebugLogLevel$Companion
instanceKlass com/intellij/openapi/vfs/newvfs/persistent/PersistentFSImpl$1
instanceKlass com/intellij/ide/plugins/DynamicPluginListener$Companion
instanceKlass com/github/benmanes/caffeine/cache/LocalAsyncLoadingCache
instanceKlass com/intellij/ide/plugins/DynamicPluginListener
instanceKlass com/github/benmanes/caffeine/cache/AsyncLoadingCache
instanceKlass com/intellij/configurationStore/ComponentStoreImpl$doInitComponent$2
instanceKlass  @bci com/intellij/ide/ui/laf/UiThemeProviderListManager lambda$0$0$0 (Lcom/intellij/ide/ui/UIThemeProvider;Lcom/intellij/openapi/extensions/LazyExtension;Lcom/intellij/ide/ui/laf/UiThemeProviderListManager;)Lcom/intellij/ide/ui/laf/UIThemeLookAndFeelInfoImpl; 100 <appendix> member <vmtarget> ; # com/intellij/ide/ui/laf/UiThemeProviderListManager$$Lambda+0x00000000115b7330
instanceKlass com/intellij/openapi/vfs/newvfs/AsyncEventSupport$1
instanceKlass  @bci com/intellij/util/xmlb/KotlinxSerializationBindingKt <clinit> ()V 1 <appendix> argL0 ; # com/intellij/util/xmlb/KotlinxSerializationBindingKt$$Lambda+0x00000000115b6e58
instanceKlass com/github/benmanes/caffeine/cache/AsyncCacheLoader
instanceKlass com/intellij/util/xmlb/KotlinxSerializationBindingKt
instanceKlass java/text/DigitList
instanceKlass com/github/benmanes/caffeine/cache/LocalAsyncCache
instanceKlass  @bci com/intellij/ide/ui/laf/UiThemeProviderListManager lambda$0$0$0 (Lcom/intellij/ide/ui/UIThemeProvider;Lcom/intellij/openapi/extensions/LazyExtension;Lcom/intellij/ide/ui/laf/UiThemeProviderListManager;)Lcom/intellij/ide/ui/laf/UIThemeLookAndFeelInfoImpl; 94 <appendix> member <vmtarget> ; # com/intellij/ide/ui/laf/UiThemeProviderListManager$$Lambda+0x00000000115b6508
instanceKlass com/intellij/util/xmlb/JdomAdapter
instanceKlass com/intellij/openapi/options/SchemeManagerFactory$Companion
instanceKlass com/github/benmanes/caffeine/cache/AsyncCache
instanceKlass  @bci com/intellij/openapi/vfs/VirtualFileManager <clinit> ()V 40 <appendix> argL0 ; # com/intellij/openapi/vfs/VirtualFileManager$$Lambda+0x00000000115b5678
instanceKlass  @bci java/util/regex/CharPredicates ASCII_WORD ()Ljava/util/regex/Pattern$BmpCharPredicate; 0 <appendix> argL0 ; # java/util/regex/CharPredicates$$Lambda+0x00000000114ece50
instanceKlass com/intellij/diagnostic/logs/LogLevelConfigurationManager$State$$serializer
instanceKlass com/intellij/ide/ui/laf/UiThemeProviderListManagerKt
instanceKlass com/intellij/application/options/PathMacrosCollector$Companion
instanceKlass com/intellij/openapi/options/SchemeManagerFactory
instanceKlass kotlinx/serialization/internal/PlatformKt
instanceKlass com/intellij/openapi/components/impl/stores/ComponentStorageUtilKt
instanceKlass  @bci com/intellij/openapi/vfs/VirtualFileManager <clinit> ()V 32 <appendix> argL0 ; # com/intellij/openapi/vfs/VirtualFileManager$$Lambda+0x00000000115b4288
instanceKlass org/jdom/AttributeList$ALIterator
instanceKlass  @cpi com/intellij/openapi/vfs/VirtualFileManager 231 form vmentry <vmtarget> ; # java/lang/invoke/LambdaForm$DMH+0x00000000115b0000
instanceKlass org/jdom/ContentList$CLIterator
instanceKlass com/intellij/openapi/keymap/impl/KeymapManagerImpl$Companion
instanceKlass org/jetbrains/jps/model/serialization/PathMacroUtil
instanceKlass java/text/DecimalFormatSymbols
# instanceKlass java/lang/invoke/LambdaForm$DMH+0x00000000115adc00
instanceKlass kotlinx/serialization/SerializersKt__SerializersJvmKt
instanceKlass com/intellij/ide/ui/laf/DefaultNewUiThemeStrategy
instanceKlass com/intellij/ide/ui/laf/DefaultThemeStrategy
instanceKlass com/intellij/openapi/vfs/newvfs/BulkFileListenerBackgroundable
instanceKlass com/intellij/openapi/vfs/newvfs/BulkFileListener
instanceKlass com/intellij/openapi/actionSystem/impl/ActionConfigurationCustomizer
instanceKlass com/intellij/openapi/vfs/VirtualFileManager
instanceKlass com/github/benmanes/caffeine/cache/Expiry
instanceKlass kotlinx/serialization/SerializersKt
instanceKlass com/github/benmanes/caffeine/cache/Weigher
instanceKlass com/intellij/util/xmlb/KotlinxSerializationBinding
instanceKlass  @bci com/intellij/openapi/vfs/newvfs/AsyncEventSupport startListening ()V 5 <appendix> argL0 ; # com/intellij/openapi/vfs/newvfs/AsyncEventSupport$$Lambda+0x00000000115ab280
instanceKlass com/github/benmanes/caffeine/cache/RemovalListener
instanceKlass com/intellij/openapi/keymap/KeymapManager
instanceKlass com/intellij/util/containers/CollectionFactory$1
instanceKlass com/intellij/util/containers/FastUtilHashingStrategies$SerializableHashStrategy
instanceKlass com/intellij/openapi/vfs/newvfs/AsyncEventSupport
instanceKlass kotlin/annotation/MustBeDocumented
instanceKlass kotlinx/serialization/Serializable
instanceKlass kotlinx/coroutines/scheduling/ParallelismCompensationKt
instanceKlass com/intellij/configurationStore/XmlSerializerKt$serializer$1
instanceKlass com/intellij/configurationStore/XmlSerializerKt
instanceKlass com/github/benmanes/caffeine/cache/Caffeine
# instanceKlass java/lang/invoke/LambdaForm$MH+0x00000000115ad800
# instanceKlass java/lang/invoke/LambdaForm$MH+0x00000000115ad400
instanceKlass  @bci com/intellij/util/containers/LockFreeCopyOnWriteArrayList addAll (Ljava/util/Collection;)Z 11 <appendix> member <vmtarget> ; # com/intellij/util/containers/LockFreeCopyOnWriteArrayList$$Lambda+0x00000000115a92e8
instanceKlass  @bci com/intellij/diagnostic/PerformanceWatcherImplKt collectCrashInfo (Ljava/lang/String;J)Lcom/intellij/diagnostic/CrashInfo; 73 <adapter> ; # java/lang/invoke/LambdaForm$MH+0x00000000115ad000
# instanceKlass java/lang/invoke/LambdaForm$DMH+0x00000000115acc00
instanceKlass  @bci com/intellij/ide/ui/laf/UiThemeProviderListManager lambda$0$0 (Lcom/intellij/ide/ui/laf/UiThemeProviderListManager;Lcom/intellij/openapi/extensions/LazyExtension;)Lcom/intellij/ide/ui/laf/LafEntry; 31 <appendix> member <vmtarget> ; # com/intellij/ide/ui/laf/UiThemeProviderListManager$$Lambda+0x00000000115a8e18
# instanceKlass kotlinx/coroutines/BlockingCoroutine$$Lambda+0x00000000115a9080
instanceKlass  @bci com/intellij/diagnostic/PerformanceWatcherImplKt collectCrashInfo (Ljava/lang/String;J)Lcom/intellij/diagnostic/CrashInfo; 73 <appendix> form vmentry <vmtarget> ; # java/lang/invoke/LambdaForm$DMH+0x00000000115ac800
# instanceKlass java/lang/invoke/LambdaForm$DMH+0x00000000115ac400
# instanceKlass kotlinx/coroutines/BlockingCoroutine$$Lambda+0x00000000115a8bb0
instanceKlass  @bci kotlinx/coroutines/BlockingCoroutine joinBlocking ()Ljava/lang/Object; 83 <appendix> member <vmtarget> ; # kotlinx/coroutines/BlockingCoroutine$$Lambda+0x00000000115a8948
instanceKlass  @cpi kotlinx/coroutines/BlockingCoroutine 102 form vmentry <vmtarget> ; # java/lang/invoke/LambdaForm$DMH+0x00000000115ac000
instanceKlass  @bci com/intellij/util/io/FileChannelInterruptsRetryer reopenChannel ()V 5 <appendix> member <vmtarget> ; # com/intellij/util/io/FileChannelInterruptsRetryer$$Lambda+0x00000000115a86e0
instanceKlass com/intellij/util/ThrowableRunnable
instanceKlass com/intellij/util/io/FileChannelInterruptsRetryer
instanceKlass com/intellij/util/containers/CounterCell
instanceKlass  @bci com/intellij/configurationStore/StateMap getState (Ljava/lang/String;Z)Lorg/jdom/Element; 51 <appendix> argL0 ; # com/intellij/configurationStore/StateMap$$Lambda+0x00000000115a19b8
instanceKlass  @bci com/intellij/application/options/PathMacrosImpl loadState (Lorg/jdom/Element;)V 297 <appendix> member <vmtarget> ; # com/intellij/application/options/PathMacrosImpl$$Lambda+0x00000000115a1740
instanceKlass com/intellij/concurrency/ConcurrentHashMap$1
instanceKlass com/intellij/openapi/components/PathMacroMap
instanceKlass com/intellij/openapi/components/impl/stores/ComponentStorageUtil
instanceKlass com/intellij/ui/icons/IconUtilKt$standardDisablingFilter$1
instanceKlass com/intellij/serialization/PropertyCollector$NameAndIsSetter
instanceKlass com/intellij/ui/icons/RgbImageFilterSupplier
instanceKlass  @bci java/util/Comparator thenComparing (Ljava/util/Comparator;)Ljava/util/Comparator; 7 <appendix> member <vmtarget> ; # java/util/Comparator$$Lambda+0x00000000114eb028
instanceKlass  @bci com/intellij/application/options/PathMacrosImpl loadState (Lorg/jdom/Element;)V 292 <appendix> member <vmtarget> ; # com/intellij/application/options/PathMacrosImpl$$Lambda+0x00000000115a7af0
instanceKlass com/intellij/ide/ui/UITheme
instanceKlass com/intellij/concurrency/ConcurrentHashMap$Node
instanceKlass com/intellij/ui/icons/IconUtilKt
instanceKlass  @cpi java/util/Comparator 251 form vmentry <vmtarget> ; # java/lang/invoke/LambdaForm$DMH+0x00000000115a0c00
instanceKlass org/jdom/ContentList$FilterListIterator
instanceKlass  @bci com/intellij/util/io/OpenChannelsCache$ChannelDescriptor <init> (Ljava/nio/file/Path;Z)V 25 <appendix> member <vmtarget> ; # com/intellij/util/io/OpenChannelsCache$ChannelDescriptor$$Lambda+0x00000000115a6268
instanceKlass  @bci org/jdom/AttributeList <clinit> ()V 8 <appendix> argL0 ; # org/jdom/AttributeList$$Lambda+0x00000000115a5fe8
instanceKlass  @bci com/intellij/ide/ui/laf/UiThemeProviderListManager <init> ()V 38 <appendix> member <vmtarget> ; # com/intellij/ide/ui/laf/UiThemeProviderListManager$$Lambda+0x00000000115a5d80
instanceKlass  @bci org/jdom/AttributeList <clinit> ()V 0 <appendix> argL0 ; # org/jdom/AttributeList$$Lambda+0x00000000115a54b8
instanceKlass  @cpi com/intellij/util/io/OpenChannelsCache$ChannelDescriptor 154 form vmentry <vmtarget> ; # java/lang/invoke/LambdaForm$DMH+0x00000000115a0800
instanceKlass com/intellij/ide/ui/laf/LafEntry
instanceKlass org/jdom/filter2/AbstractFilter
instanceKlass com/intellij/ide/ui/UIThemeProvider$Companion
instanceKlass  @bci com/intellij/application/options/PathMacrosImpl loadState (Lorg/jdom/Element;)V 37 <appendix> member <vmtarget> ; # com/intellij/application/options/PathMacrosImpl$$Lambda+0x00000000115a4000
instanceKlass  @bci com/intellij/application/options/PathMacrosImpl loadState (Lorg/jdom/Element;)V 32 <appendix> member <vmtarget> ; # com/intellij/application/options/PathMacrosImpl$$Lambda+0x000000001159fbd0
instanceKlass com/intellij/ide/ui/UIThemeProvider
instanceKlass  @bci com/intellij/openapi/util/IconLoader installPostPathPatcher (Lcom/intellij/openapi/util/IconPathPatcher;)V 7 <appendix> member <vmtarget> ; # com/intellij/openapi/util/IconLoader$$Lambda+0x000000001159f718
instanceKlass com/intellij/openapi/application/PathMacroContributor
instanceKlass com/intellij/ui/icons/IconTransform
instanceKlass com/intellij/concurrency/ConcurrentCollectionFactory
instanceKlass com/intellij/util/io/OpenChannelsCache$ChannelDescriptor
instanceKlass com/intellij/util/containers/CaseInsensitiveStringHashingStrategy
instanceKlass  @bci com/intellij/util/io/DirectBufferWrapper allocateAndLoadFileContent ()Ljava/nio/ByteBuffer; 68 <adapter> ; # java/lang/invoke/LambdaForm$MH+0x00000000115a0400
instanceKlass com/intellij/concurrency/JobSchedulerImpl
instanceKlass org/jdom/Verifier
instanceKlass  @cpi com/github/benmanes/caffeine/cache/SS 26 form vmentry <vmtarget> ; # java/lang/invoke/LambdaForm$DMH+0x00000000115a0000
instanceKlass it/unimi/dsi/fastutil/ints/IntCollections$SynchronizedCollection
instanceKlass com/intellij/openapi/util/IconLoader
instanceKlass it/unimi/dsi/fastutil/ints/IntCollections$UnmodifiableCollection
instanceKlass com/intellij/ide/ui/laf/UiThemeProviderListManager$Companion
instanceKlass it/unimi/dsi/fastutil/ints/IntSets
instanceKlass com/intellij/ide/ui/laf/UiThemeProviderListManager
instanceKlass com/intellij/ui/ExperimentalUIImplKt
instanceKlass  @bci com/intellij/util/io/DirectBufferWrapper allocateAndLoadFileContent ()Ljava/nio/ByteBuffer; 68 <appendix> member <vmtarget> ; # com/intellij/util/io/DirectBufferWrapper$$Lambda+0x00000000115999f0
instanceKlass java/util/ArrayList$SubList$1
instanceKlass  @bci com/intellij/ui/ExperimentalUIImpl installIconPatcher (Lkotlin/coroutines/Continuation;)Ljava/lang/Object; 107 <appendix> argL0 ; # com/intellij/ui/ExperimentalUIImpl$$Lambda+0x0000000011599790
instanceKlass com/intellij/openapi/util/IconPathPatcher
instanceKlass  @bci com/intellij/ide/ui/laf/LafManagerImpl loadDefaultTheme ()Ljava/util/function/Supplier; 49 <appendix> member <vmtarget> ; # com/intellij/ide/ui/laf/LafManagerImpl$$Lambda+0x0000000011597988
instanceKlass sun/util/resources/LocaleData$LocaleDataResourceBundleProvider
instanceKlass java/util/spi/ResourceBundleProvider
instanceKlass com/intellij/util/io/FileChannelInterruptsRetryer$FileChannelIdempotentOperation
instanceKlass com/intellij/ide/ui/laf/UIThemeLookAndFeelInfo
instanceKlass  @bci com/intellij/diagnostic/logs/LogLevelConfigurationManager$State <clinit> ()V 35 <appendix> argL0 ; # com/intellij/diagnostic/logs/LogLevelConfigurationManager$State$$Lambda+0x0000000011596fa0
instanceKlass org/jdom/Namespace
instanceKlass  @bci com/intellij/diagnostic/logs/LogLevelConfigurationManager$State <clinit> ()V 21 <appendix> argL0 ; # com/intellij/diagnostic/logs/LogLevelConfigurationManager$State$$Lambda+0x0000000011596368
instanceKlass com/intellij/configurationStore/ComponentStoreImpl$doInitComponent$3
instanceKlass  @bci com/intellij/util/io/DirectByteBufferAllocator allocateNewBuffer (I)Ljava/nio/ByteBuffer; 1 <appendix> member <vmtarget> ; # com/intellij/util/io/DirectByteBufferAllocator$$Lambda+0x0000000011595ea0
instanceKlass com/intellij/diagnostic/logs/LogLevelConfigurationManager$State$Companion
instanceKlass com/intellij/openapi/vfs/newvfs/persistent/PersistentFSImpl$6
instanceKlass  @bci com/intellij/configurationStore/StateStorageBaseKt <clinit> ()V 4 <appendix> argL0 ; # com/intellij/configurationStore/StateStorageBaseKt$$Lambda+0x0000000011595770
instanceKlass com/intellij/diagnostic/logs/LogLevelConfigurationManager$State
instanceKlass  @bci com/intellij/openapi/vfs/newvfs/ManagingFS <clinit> ()V 0 <appendix> argL0 ; # com/intellij/openapi/vfs/newvfs/ManagingFS$$Lambda+0x0000000011594fe8
instanceKlass com/intellij/platform/settings/OldLocalValueSupplierTag
instanceKlass com/intellij/platform/settings/SettingTag
instanceKlass com/intellij/util/io/DirectByteBufferAllocator
instanceKlass com/intellij/diagnostic/logs/LogLevelConfigurationManager$Companion
instanceKlass com/intellij/configurationStore/StateStorageBaseKt
instanceKlass com/intellij/util/io/DirectBufferWrapper
instanceKlass com/intellij/util/indexing/impl/IndexDebugProperties
instanceKlass com/intellij/openapi/vfs/newvfs/persistent/IPersistentFSRecordsStorage$RecordReader
instanceKlass com/intellij/configurationStore/StateMap$Companion
instanceKlass com/intellij/configurationStore/StateMap
instanceKlass com/intellij/util/io/AbstractIntToIntBtree
instanceKlass io/opentelemetry/api/metrics/ObservableMeasurement
instanceKlass java/text/DateFormatSymbols
instanceKlass org/jdom/filter2/Filter
instanceKlass com/intellij/util/containers/RefHashMap$MyEntry
instanceKlass sun/util/calendar/CalendarUtils
instanceKlass com/intellij/util/io/PersistentEnumeratorBase$Version
instanceKlass sun/util/calendar/CalendarDate
instanceKlass com/intellij/openapi/util/SafeStAXStreamBuilderKt
instanceKlass it/unimi/dsi/fastutil/objects/Object2ObjectOpenHashMap$MapEntry
instanceKlass it/unimi/dsi/fastutil/Pair
instanceKlass sun/util/resources/Bundles$CacheKeyReference
instanceKlass it/unimi/dsi/fastutil/objects/Object2ObjectOpenHashMap$MapIterator
instanceKlass org/jdom/CloneBase
instanceKlass com/intellij/util/containers/RefHashMap$EntrySet$1
instanceKlass com/intellij/platform/ide/impl/wsl/WslEelProvider$Companion
instanceKlass com/intellij/platform/eel/provider/EelProvider$Companion
instanceKlass com/intellij/platform/ide/impl/wsl/WslEelProvider
instanceKlass com/intellij/platform/eel/provider/EelProvider
instanceKlass  @bci com/intellij/configurationStore/XmlElementStorage loadElement ()Lorg/jdom/Element; 37 <appendix> member <vmtarget> ; # com/intellij/configurationStore/XmlElementStorage$$Lambda+0x000000001158e268
# instanceKlass com/intellij/configurationStore/XmlElementStorage$$Lambda+0x000000001158e000
# instanceKlass com/intellij/configurationStore/XmlElementStorage$$Lambda+0x000000001158bc88
instanceKlass  @bci sun/util/cldr/CLDRLocaleProviderAdapter applyAliases (Ljava/util/Locale;)Ljava/util/Locale; 4 <appendix> argL0 ; # sun/util/cldr/CLDRLocaleProviderAdapter$$Lambda+0x00000000114e7f38
instanceKlass com/intellij/configurationStore/StateGetterImpl
instanceKlass com/intellij/configurationStore/ComponentStoreImpl$doCreateStateGetter$1
instanceKlass com/intellij/configurationStore/StateGetter
instanceKlass com/intellij/platform/eel/tcp/TcpEelConstants
instanceKlass com/intellij/openapi/vfs/newvfs/events/VFileEvent
instanceKlass sun/util/resources/Bundles$CacheKey
instanceKlass com/intellij/platform/eel/tcp/TcpEelPathParser$Companion
instanceKlass sun/util/resources/Bundles
instanceKlass com/intellij/platform/eel/tcp/TcpEelPathParser
instanceKlass com/intellij/configurationStore/StateStorageBase
instanceKlass sun/util/resources/LocaleData$LocaleDataStrategy
instanceKlass  @bci com/intellij/platform/eel/impl/fs/GlobalEelMrfsBackendProvider install (Lcom/intellij/platform/core/nio/fs/MultiRoutingFileSystemProvider;)V 23 <appendix> member <vmtarget> ; # com/intellij/platform/eel/impl/fs/GlobalEelMrfsBackendProvider$$Lambda+0x0000000011589200
instanceKlass sun/util/resources/Bundles$Strategy
instanceKlass  @bci com/intellij/platform/eel/impl/fs/GlobalEelMrfsBackendProvider install (Lcom/intellij/platform/core/nio/fs/MultiRoutingFileSystemProvider;)V 17 <appendix> member <vmtarget> ; # com/intellij/platform/eel/impl/fs/GlobalEelMrfsBackendProvider$$Lambda+0x0000000011588f78
instanceKlass sun/util/resources/LocaleData
instanceKlass  @bci com/intellij/platform/eel/impl/fs/GlobalEelMrfsBackendProvider install (Lcom/intellij/platform/core/nio/fs/MultiRoutingFileSystemProvider;)V 11 <appendix> member <vmtarget> ; # com/intellij/platform/eel/impl/fs/GlobalEelMrfsBackendProvider$$Lambda+0x0000000011588d00
instanceKlass sun/util/locale/provider/LocaleResources
instanceKlass org/jdom/Parent
instanceKlass com/intellij/configurationStore/StorageVirtualFileTracker$TrackedStorage
instanceKlass java/util/concurrent/locks/AbstractQueuedLongSynchronizer$Node
instanceKlass java/util/concurrent/locks/ReentrantReadWriteLock$Sync$HoldCounter
instanceKlass com/intellij/platform/ide/impl/wsl/EelWslMrfsBackend$Companion
instanceKlass com/intellij/configurationStore/ApplicationStoreImplKt
instanceKlass com/intellij/configurationStore/StorageCreator
instanceKlass com/intellij/platform/ide/impl/wsl/EelWslMrfsBackend
instanceKlass com/intellij/configurationStore/ComponentStoreImplKt
instanceKlass com/intellij/openapi/vfs/VirtualFileWithId
instanceKlass com/intellij/openapi/vfs/newvfs/events/ChildInfo
instanceKlass  @bci com/intellij/ide/ui/IconMapLoader preloadIconMapping (Lkotlin/coroutines/Continuation;)Ljava/lang/Object; 148 <appendix> argL0 ; # com/intellij/ide/ui/IconMapLoader$$Lambda+0x0000000011587600
instanceKlass com/intellij/util/io/storage/IStorageDataOutput
instanceKlass com/intellij/util/io/storage/RecordDataOutput
instanceKlass com/intellij/platform/eel/tcp/TcpEelMrfsBackend$Companion
instanceKlass com/intellij/util/io/storage/IAppenderStream
instanceKlass com/intellij/util/io/storage/AbstractStorage
instanceKlass com/intellij/ide/util/BasePropertyService$MyState
instanceKlass com/intellij/openapi/components/StateStorageChooserEx
instanceKlass com/intellij/util/io/storage/IStorage
instanceKlass com/intellij/platform/eel/tcp/TcpEelMrfsBackend
instanceKlass com/intellij/configurationStore/ComponentSerializationUtil
instanceKlass  @bci com/intellij/ide/ui/IconMapLoader doLoadIconMapping (Lkotlin/coroutines/Continuation;)Ljava/lang/Object; 310 <appendix> member <vmtarget> ; # com/intellij/ide/ui/IconMapLoader$$Lambda+0x0000000011582428
instanceKlass com/intellij/util/io/pagecache/impl/PageContentLockingStrategy$SharedLockLockingStrategy
instanceKlass com/intellij/util/containers/hash/LongLinkedHashMap$Entry
instanceKlass com/intellij/configurationStore/PersistenceStateAdapter
instanceKlass com/intellij/platform/eel/provider/MultiRoutingFileSystemBackend$Companion
instanceKlass com/intellij/platform/eel/provider/MultiRoutingFileSystemBackend
instanceKlass com/intellij/platform/eel/impl/fs/GlobalEelMrfsBackendProvider
instanceKlass it/unimi/dsi/fastutil/longs/Long2ObjectSortedMap$FastSortedEntrySet
instanceKlass it/unimi/dsi/fastutil/longs/Long2ObjectMap$FastEntrySet
instanceKlass com/intellij/configurationStore/ComponentInfo
instanceKlass com/intellij/configurationStore/ComponentInfoKt
instanceKlass com/intellij/platform/eel/impl/fs/EelMultiRoutingFileSystemBackendInitializationService
instanceKlass it/unimi/dsi/fastutil/longs/LongSortedSet
instanceKlass it/unimi/dsi/fastutil/longs/LongBidirectionalIterable
instanceKlass com/intellij/platform/eel/provider/MultiRoutingFileSystemBackend$InitializationService
instanceKlass  @bci com/intellij/ide/ui/IconMapLoader doLoadIconMapping (Lkotlin/coroutines/Continuation;)Ljava/lang/Object; 305 <appendix> argL0 ; # com/intellij/ide/ui/IconMapLoader$$Lambda+0x000000001157f028
instanceKlass kotlinx/coroutines/flow/ReadonlySharedFlow
instanceKlass  @bci com/intellij/ide/ui/laf/LafManagerImpl <init> (Lkotlinx/coroutines/CoroutineScope;)V 46 <appendix> argL0 ; # com/intellij/ide/ui/laf/LafManagerImpl$$Lambda+0x000000001157e810
instanceKlass kotlinx/coroutines/flow/FlowKt__ShareKt
instanceKlass it/unimi/dsi/fastutil/longs/LongSet
instanceKlass it/unimi/dsi/fastutil/longs/LongCollection
instanceKlass it/unimi/dsi/fastutil/longs/LongIterable
instanceKlass javax/swing/AbstractListModel
instanceKlass com/intellij/util/ui/EditableModel
instanceKlass com/intellij/util/ui/ItemRemovable
instanceKlass com/intellij/ide/ui/IconMapLoaderKt$WhenMappings
instanceKlass com/intellij/ide/GeneralSettingsState
instanceKlass com/intellij/openapi/components/StateSplitterEx
instanceKlass com/intellij/openapi/components/StateSplitter
instanceKlass com/intellij/ide/ui/UINumericRange
instanceKlass com/intellij/openapi/components/StateStorage
instanceKlass it/unimi/dsi/fastutil/longs/Long2ObjectMap$Entry
instanceKlass com/intellij/ide/ui/IconMapLoaderKt
instanceKlass com/intellij/openapi/components/State$NameGetter
instanceKlass it/unimi/dsi/fastutil/longs/AbstractLong2ObjectFunction
# instanceKlass sun/reflect/annotation/AnnotationParser$$Lambda+0x00000000114e5c60
# instanceKlass sun/reflect/annotation/AnnotationParser$$Lambda+0x00000000114e5ec8
instanceKlass  @bci sun/reflect/annotation/AnnotationParser parseAnnotationArray (ILjava/lang/Class;Ljava/nio/ByteBuffer;Ljdk/internal/reflect/ConstantPool;Ljava/lang/Class;)Ljava/lang/Object; 15 <appendix> member <vmtarget> ; # sun/reflect/annotation/AnnotationParser$$Lambda+0x00000000114e59f8
instanceKlass com/intellij/openapi/vfs/newvfs/CachingVirtualFileSystem
instanceKlass com/intellij/openapi/vfs/VirtualFileSystem
instanceKlass com/intellij/ide/GeneralSettings$Companion
instanceKlass javax/swing/ComboBoxModel
instanceKlass javax/swing/ListModel
instanceKlass com/intellij/openapi/vfs/encoding/EncodingRegistry
instanceKlass com/intellij/ide/GeneralSettings
instanceKlass com/intellij/openapi/components/Storage
instanceKlass com/intellij/ide/util/AppPropertyService$Companion
instanceKlass com/intellij/openapi/components/State
instanceKlass com/intellij/configurationStore/StoreUtilKt
instanceKlass it/unimi/dsi/fastutil/longs/Long2ObjectSortedMap
instanceKlass it/unimi/dsi/fastutil/longs/Long2ObjectMap
instanceKlass com/intellij/ide/ui/UISettings$Companion
instanceKlass it/unimi/dsi/fastutil/longs/Long2ObjectFunction
instanceKlass com/intellij/ide/util/PropertiesComponent
instanceKlass com/intellij/ide/ui/UISettings
instanceKlass  @bci com/intellij/configurationStore/ComponentStoreImpl initComponent$suspendImpl (Lcom/intellij/configurationStore/ComponentStoreImpl;Ljava/lang/Object;Lcom/intellij/openapi/components/ServiceDescriptor;Lcom/intellij/openapi/extensions/PluginId;Lkotlinx/coroutines/CoroutineScope;Lkotlin/coroutines/Continuation;)Ljava/lang/Object; 162 <appendix> argL0 ; # com/intellij/configurationStore/ComponentStoreImpl$$Lambda+0x00000000115733a0
instanceKlass  @bci com/intellij/openapi/util/SystemPropertyBean initSystemProperties ()V 9 <appendix> argL0 ; # com/intellij/openapi/util/SystemPropertyBean$$Lambda+0x0000000011572e68
instanceKlass com/intellij/ide/ui/LafManagerListener
instanceKlass com/intellij/ide/ui/laf/LafManagerImpl$Companion
instanceKlass com/intellij/openapi/util/SystemPropertyBean
instanceKlass com/intellij/util/io/PathKt
instanceKlass com/intellij/configurationStore/ProjectIdManager
instanceKlass  @bci com/intellij/ide/ui/AntialiasingType <clinit> ()V 57 <appendix> argL0 ; # com/intellij/ide/ui/AntialiasingType$$Lambda+0x0000000011571b50
instanceKlass  @bci com/intellij/ide/ui/AntialiasingType <clinit> ()V 33 <appendix> argL0 ; # com/intellij/ide/ui/AntialiasingType$$Lambda+0x00000000115718f0
instanceKlass com/intellij/platform/ide/bootstrap/ScreenReaderStateManager
instanceKlass  @bci com/intellij/ide/ui/AntialiasingType <clinit> ()V 9 <appendix> argL0 ; # com/intellij/ide/ui/AntialiasingType$$Lambda+0x0000000011571448
instanceKlass com/intellij/application/options/PathMacrosImpl$Companion
instanceKlass com/intellij/ide/ui/NotRoamableUiOptions
instanceKlass com/intellij/ide/ui/NotRoamableUiSettings$Companion
instanceKlass com/intellij/platform/ide/bootstrap/ApplicationLoader$setActivationListeners$2
instanceKlass com/intellij/openapi/vfs/newvfs/ManagingFS
instanceKlass com/intellij/util/messages/Topic
instanceKlass com/intellij/openapi/vfs/newvfs/FileSystemInterface
instanceKlass _COROUTINE/CoroutineDebuggingKt
instanceKlass com/intellij/ide/AppLifecycleListener
instanceKlass _COROUTINE/_CREATION
instanceKlass com/intellij/openapi/components/SerializablePersistentStateComponent$Companion
instanceKlass _COROUTINE/ArtificialStackFrames
instanceKlass com/intellij/util/messages/impl/BaseBusConnection
instanceKlass com/intellij/util/containers/hash/LongLinkedHashMap
instanceKlass com/intellij/util/messages/impl/MessageBusImpl$MessageHandlerHolder
instanceKlass com/intellij/util/messages/SimpleMessageBusConnection
instanceKlass com/intellij/openapi/components/SerializablePersistentStateComponent
instanceKlass com/intellij/ide/ui/LafManager
instanceKlass com/intellij/openapi/components/PersistentStateComponentWithModificationTracker
instanceKlass kotlinx/coroutines/debug/internal/DebugProbesImpl
instanceKlass  @bci com/intellij/platform/ide/bootstrap/ApplicationLoader setActivationListeners ()V 0 <appendix> argL0 ; # com/intellij/platform/ide/bootstrap/ApplicationLoader$$Lambda+0x000000001156cdd0
instanceKlass com/intellij/util/io/FilePageCache
instanceKlass com/intellij/openapi/application/PathMacros
instanceKlass kotlinx/coroutines/debug/internal/AgentInstallationType
instanceKlass com/intellij/util/io/pagecache/impl/PageContentLockingStrategy
instanceKlass com/intellij/util/io/StorageLockContext
instanceKlass com/intellij/platform/ide/bootstrap/AppServicePreloadingKt
instanceKlass com/intellij/util/io/PagedFileStorageCache
instanceKlass  @bci com/intellij/util/io/PagedFileStorage <clinit> ()V 30 <appendix> argL0 ; # com/intellij/util/io/PagedFileStorage$$Lambda+0x0000000011565300
instanceKlass com/intellij/util/io/OpenChannelsCache
instanceKlass com/intellij/configurationStore/Macro
instanceKlass com/intellij/util/MathUtil
instanceKlass  @bci jdk/internal/reflect/MethodHandleLongFieldAccessorImpl getLong (Ljava/lang/Object;)J 11 <adapter> ; # java/lang/invoke/LambdaForm$MH+0x0000000011568400
instanceKlass java/util/concurrent/ForkJoinTask$Aux
# instanceKlass java/lang/invoke/LambdaForm$DMH+0x0000000011568000
instanceKlass com/intellij/configurationStore/CompoundOperationListener
instanceKlass com/intellij/configurationStore/OperationListener
instanceKlass com/intellij/configurationStore/CompoundStreamProvider
instanceKlass com/intellij/configurationStore/StreamProvider
instanceKlass  @bci sun/util/locale/provider/LocaleProviderAdapter toLocaleArray (Ljava/util/Set;)[Ljava/util/Locale; 21 <appendix> argL0 ; # sun/util/locale/provider/LocaleProviderAdapter$$Lambda+0x00000000114e4010
instanceKlass com/intellij/configurationStore/TrackingPathMacroSubstitutorImpl
instanceKlass com/intellij/openapi/components/TrackingPathMacroSubstitutor
instanceKlass java/util/stream/DistinctOps
instanceKlass com/intellij/util/io/PageCacheUtils
instanceKlass com/intellij/configurationStore/TrackingPathMacroSubstitutorImplKt
instanceKlass  @bci sun/util/locale/provider/LocaleProviderAdapter toLocaleArray (Ljava/util/Set;)[Ljava/util/Locale; 6 <appendix> argL0 ; # sun/util/locale/provider/LocaleProviderAdapter$$Lambda+0x00000000114e3158
instanceKlass com/fasterxml/jackson/core/util/JacksonFeatureSet
instanceKlass com/intellij/util/io/PagedFileStorage
instanceKlass sun/util/locale/provider/CalendarDataUtility$CalendarWeekParameterGetter
instanceKlass sun/util/locale/provider/LocaleServiceProviderPool$LocalizedObjectGetter
instanceKlass sun/util/locale/provider/LocaleServiceProviderPool
instanceKlass com/intellij/openapi/application/PathMacroFilter
instanceKlass java/util/Locale$Builder
instanceKlass sun/util/locale/provider/CalendarDataUtility
instanceKlass com/intellij/openapi/util/ThreadLocalCachedValue
instanceKlass com/intellij/util/io/IOUtil
instanceKlass java/util/Calendar$Builder
instanceKlass com/intellij/configurationStore/StateStorageManagerImpl
instanceKlass com/intellij/util/io/ResizeableMappedFile
instanceKlass com/intellij/configurationStore/StateStorageManager
instanceKlass com/fasterxml/jackson/core/JsonStreamContext
instanceKlass sun/util/locale/provider/AvailableLanguageTags
instanceKlass com/intellij/util/io/PersistentEnumeratorBase$RecordBufferHandler
instanceKlass sun/util/resources/cldr/provider/CLDRLocaleDataMetaInfo
instanceKlass com/intellij/util/io/AbstractIntToIntBtree$BtreeDataStorage
instanceKlass  @bci com/intellij/configurationStore/ComponentStoreWithExtraComponents <init> ()V 10 <appendix> member <vmtarget> ; # com/intellij/configurationStore/ComponentStoreWithExtraComponents$$Lambda+0x000000001155dee8
instanceKlass com/intellij/util/io/AbstractIntToIntBtree$KeyValueProcessor
instanceKlass  @bci com/intellij/configurationStore/ComponentStoreImpl <init> ()V 17 <appendix> member <vmtarget> ; # com/intellij/configurationStore/ComponentStoreImpl$$Lambda+0x000000001155da30
instanceKlass com/intellij/configurationStore/statistic/eventLog/FeatureUsageSettingsEvents
instanceKlass com/intellij/util/io/keyStorage/AppendableObjectStorage
instanceKlass sun/util/locale/InternalLocaleBuilder$CaseInsensitiveChar
instanceKlass sun/util/locale/InternalLocaleBuilder
instanceKlass com/intellij/util/io/PersistentEnumeratorBase$RecordsProcessor
instanceKlass sun/util/locale/StringTokenIterator
instanceKlass com/intellij/util/Processor
instanceKlass com/intellij/util/io/DifferentSerializableBytesImplyNonEqualityPolicy
instanceKlass com/intellij/util/io/EnumeratorStringDescriptor
instanceKlass java/text/ParsePosition
instanceKlass sun/util/cldr/CLDRBaseLocaleDataMetaInfo
instanceKlass sun/util/locale/provider/LocaleDataMetaInfo
instanceKlass com/fasterxml/jackson/core/json/ByteSourceJsonBootstrapper
instanceKlass com/intellij/util/io/PersistentEnumeratorBase
instanceKlass com/intellij/util/io/SelfDiagnosing
instanceKlass sun/util/locale/provider/ResourceBundleBasedAdapter
instanceKlass  @bci com/intellij/psi/stubs/SerializationManagerImpl openNameStorage ()Lcom/intellij/util/io/DataEnumeratorEx; 42 <appendix> member <vmtarget> ; # com/intellij/psi/stubs/SerializationManagerImpl$$Lambda+0x0000000011559250
instanceKlass com/fasterxml/jackson/core/util/TextBuffer
instanceKlass com/intellij/configurationStore/ComponentStoreImpl
instanceKlass com/intellij/util/io/PersistentEnumerator
instanceKlass com/intellij/util/io/DurableDataEnumerator
instanceKlass com/fasterxml/jackson/core/io/IOContext
instanceKlass sun/util/locale/provider/LocaleProviderAdapter
instanceKlass com/fasterxml/jackson/core/util/BufferRecycler
instanceKlass com/intellij/util/io/AbstractStringEnumerator
instanceKlass com/intellij/openapi/Forceable
instanceKlass com/fasterxml/jackson/core/util/BufferRecyclers
instanceKlass java/util/spi/LocaleServiceProvider
instanceKlass com/fasterxml/jackson/core/util/BufferRecycler$Gettable
instanceKlass com/fasterxml/jackson/core/io/ContentReference
instanceKlass com/intellij/openapi/util/ThrowableComputable
instanceKlass com/intellij/util/ResourceUtil
instanceKlass com/intellij/util/io/PersistentHashMapValueStorage$CreationTimeOptions
instanceKlass com/intellij/platform/workspace/jps/serialization/impl/ApplicationStoreJpsContentReader
instanceKlass com/intellij/util/indexing/FileBasedIndex
instanceKlass com/intellij/psi/stubs/StubSerializerEnumerator
instanceKlass com/intellij/serialization/ClassUtil
instanceKlass com/intellij/util/xmlb/AttributeBinding
instanceKlass java/util/concurrent/Semaphore
instanceKlass  @bci com/intellij/psi/stubs/SerializationManagerImpl <init> (Lkotlinx/coroutines/CoroutineScope;)V 9 <appendix> argL0 ; # com/intellij/psi/stubs/SerializationManagerImpl$$Lambda+0x0000000011555d98
instanceKlass com/intellij/util/xmlb/annotations/Property
instanceKlass com/intellij/openapi/util/io/FileSetLimiter$1
instanceKlass com/intellij/serialization/FieldAccessor
instanceKlass  @bci com/intellij/openapi/util/io/FileSetLimiter <clinit> ()V 16 <appendix> argL0 ; # com/intellij/openapi/util/io/FileSetLimiter$$Lambda+0x0000000011555048
instanceKlass com/intellij/serialization/MutableAccessor
instanceKlass com/intellij/util/xmlb/Accessor
# instanceKlass java/lang/invoke/LambdaForm$MH+0x0000000011550c00
instanceKlass  @bci com/intellij/openapi/util/io/FileSetLimiter <clinit> ()V 8 <appendix> argL0 ; # com/intellij/openapi/util/io/FileSetLimiter$$Lambda+0x00000000115544e8
instanceKlass org/apache/commons/imaging/ImageFormat
# instanceKlass java/lang/invoke/LambdaForm$MH+0x0000000011550800
instanceKlass org/apache/commons/imaging/common/bytesource/ByteSource
instanceKlass com/intellij/openapi/util/io/FileSetLimiter
instanceKlass com/intellij/platform/diagnostic/telemetry/exporters/RollingFileSupplier
instanceKlass com/intellij/openapi/extensions/RequiredElement
instanceKlass com/intellij/platform/diagnostic/telemetry/exporters/meters/CsvMetricsExporter$Companion
instanceKlass com/intellij/platform/diagnostic/telemetry/exporters/meters/CsvMetricsExporter
instanceKlass com/intellij/psi/stubs/ObjectStubSerializer
instanceKlass com/intellij/platform/diagnostic/telemetry/MetricsExporterEntry
instanceKlass org/intellij/images/util/imageio/ImageReaderSpiRegistrar
instanceKlass com/intellij/platform/diagnostic/telemetry/OpenTelemetryUtils
instanceKlass java/util/concurrent/RunnableScheduledFuture
instanceKlass javax/imageio/IIOParam
instanceKlass  @bci com/intellij/openapi/progress/CoroutinesKt getLockPermitContext (Lkotlin/coroutines/CoroutineContext;Z)Lkotlin/Pair; 19 <appendix> member <vmtarget> ; # com/intellij/openapi/progress/CoroutinesKt$$Lambda+0x000000001154cda8
instanceKlass com/intellij/util/xmlb/Converter
instanceKlass  @bci com/intellij/util/ConcurrencyUtil newNamedThreadFactory (Ljava/lang/String;)Ljava/util/concurrent/ThreadFactory; 10 <appendix> member <vmtarget> ; # com/intellij/util/ConcurrencyUtil$$Lambda+0x000000001154cb40
instanceKlass com/intellij/util/xmlb/annotations/Attribute
instanceKlass com/intellij/util/xmlb/annotations/OptionTag
instanceKlass javax/imageio/ImageWriter
instanceKlass javax/imageio/ImageTranscoder
instanceKlass com/intellij/util/xmlb/annotations/Tag
# instanceKlass java/lang/invoke/LambdaForm$MH+0x0000000011549000
instanceKlass com/intellij/util/ConcurrencyUtil
instanceKlass  @bci com/intellij/util/lang/DirectByteBufferPool <clinit> ()V 4 <appendix> argL0 ; # com/intellij/util/lang/DirectByteBufferPool$$Lambda+0x000000001109dc88
instanceKlass com/intellij/util/xmlb/NestedBinding
instanceKlass com/intellij/util/lang/DirectByteBufferPool
instanceKlass  @bci io/opentelemetry/sdk/internal/ScopeConfigurator builder ()Lio/opentelemetry/sdk/internal/ScopeConfiguratorBuilder; 4 <appendix> argL0 ; # io/opentelemetry/sdk/internal/ScopeConfigurator$$Lambda+0x0000000011547330
instanceKlass com/intellij/psi/stubs/SerializationManagerEx
instanceKlass com/intellij/serialization/PropertyCollector$Configuration
instanceKlass io/opentelemetry/sdk/common/InstrumentationScopeInfo
instanceKlass io/opentelemetry/sdk/internal/ScopeConfiguratorBuilder
instanceKlass com/android/tools/adtui/webp/WebpNativeLibHelper
instanceKlass io/opentelemetry/sdk/internal/ScopeConfigurator
instanceKlass javax/imageio/ImageReader
instanceKlass com/intellij/serialization/PropertyCollector
instanceKlass io/opentelemetry/sdk/metrics/internal/MeterConfig
instanceKlass com/intellij/psi/stubs/StubForwardIndexExternalizer
instanceKlass io/opentelemetry/sdk/common/SystemClock
instanceKlass io/opentelemetry/sdk/common/Clock
instanceKlass io/opentelemetry/sdk/metrics/internal/exemplar/TraceBasedExemplarFilter
instanceKlass com/intellij/util/xmlb/BeanBindingKt
instanceKlass com/intellij/openapi/util/SimpleModificationTracker
instanceKlass io/opentelemetry/sdk/metrics/internal/exemplar/ExemplarFilter
instanceKlass com/intellij/openapi/extensions/ExtensionPointListener
instanceKlass com/intellij/util/ThreeState$Companion
instanceKlass com/intellij/openapi/util/KeyedExtensionCollector
instanceKlass io/opentelemetry/sdk/metrics/SdkMeterProviderBuilder
instanceKlass io/opentelemetry/sdk/metrics/export/CollectionRegistration
instanceKlass io/opentelemetry/api/metrics/MeterBuilder
instanceKlass com/intellij/util/xmlb/BeanBinding
instanceKlass com/intellij/util/xmlb/RootBinding
instanceKlass io/opentelemetry/sdk/metrics/SdkMeterProvider
instanceKlass com/sun/imageio/plugins/jpeg/JPEG
instanceKlass com/intellij/util/xmlb/XmlSerializerImpl$XmlSerializerBase
instanceKlass com/intellij/util/xmlb/Serializer
instanceKlass kotlin/jvm/internal/Ref$IntRef
instanceKlass  @bci com/intellij/platform/diagnostic/telemetry/exporters/Resource <clinit> ()V 21 <appendix> argL0 ; # com/intellij/platform/diagnostic/telemetry/exporters/Resource$$Lambda+0x0000000011540e98
instanceKlass com/intellij/util/xmlb/Binding
instanceKlass com/intellij/util/indexing/hints/BaseFileTypeInputFilter
instanceKlass com/intellij/platform/diagnostic/telemetry/exporters/Resource$Companion
instanceKlass com/intellij/util/indexing/hints/FileTypeIndexingHint
instanceKlass com/intellij/platform/diagnostic/telemetry/exporters/Resource
instanceKlass com/intellij/util/xmlb/XmlSerializerImpl
instanceKlass com/intellij/platform/diagnostic/telemetry/exporters/AnyValue$Companion
instanceKlass com/intellij/platform/diagnostic/telemetry/exporters/IdeaOtlpMeterProvider
instanceKlass com/intellij/platform/diagnostic/telemetry/exporters/AnyValue
instanceKlass com/intellij/util/xmlb/DomAdapter
instanceKlass  @bci kotlinx/coroutines/selects/OnTimeout register (Lkotlinx/coroutines/selects/SelectInstance;Ljava/lang/Object;)V 21 <appendix> member <vmtarget> ; # kotlinx/coroutines/selects/OnTimeout$$Lambda+0x000000001153f020
instanceKlass com/intellij/platform/diagnostic/telemetry/exporters/KeyValue$Companion
instanceKlass com/intellij/platform/diagnostic/telemetry/exporters/KeyValue
instanceKlass io/opentelemetry/api/trace/TraceFlags
instanceKlass kotlinx/coroutines/selects/SelectClause0Impl
instanceKlass io/opentelemetry/api/trace/SpanId
instanceKlass kotlinx/coroutines/selects/SelectClause0
instanceKlass  @bci com/intellij/platform/ide/bootstrap/Java11ShimImpl getCallerClass$lambda$0 (ILjava/util/stream/Stream;)Ljava/lang/Class; 13 <appendix> member <vmtarget> ; # com/intellij/platform/ide/bootstrap/Java11ShimImpl$$Lambda+0x000000001153d650
instanceKlass io/opentelemetry/api/trace/TraceId
instanceKlass kotlinx/coroutines/selects/OnTimeout
instanceKlass  @bci com/intellij/platform/diagnostic/telemetry/impl/OtlpServiceKt createOpenTelemetryResource (Lio/opentelemetry/sdk/resources/Resource;)Lcom/intellij/platform/diagnostic/telemetry/exporters/Resource; 16 <appendix> member <vmtarget> ; # com/intellij/platform/diagnostic/telemetry/impl/OtlpServiceKt$$Lambda+0x000000001153cf48
instanceKlass kotlinx/coroutines/selects/OnTimeoutKt
instanceKlass  @bci com/intellij/platform/ide/bootstrap/Java11ShimImpl getCallerClass$lambda$0 (ILjava/util/stream/Stream;)Ljava/lang/Class; 8 <appendix> argL0 ; # com/intellij/platform/ide/bootstrap/Java11ShimImpl$$Lambda+0x000000001153caa0
instanceKlass io/opentelemetry/context/ImplicitContextKeyed
instanceKlass io/opentelemetry/api/trace/propagation/W3CTraceContextPropagator
instanceKlass com/intellij/platform/diagnostic/telemetry/impl/OtlpServiceKt
instanceKlass com/intellij/util/xmlb/XmlSerializer
instanceKlass  @bci com/intellij/ide/ui/IconMapLoader$doLoadIconMapping$list$1$1$1 invokeSuspend (Ljava/lang/Object;)Ljava/lang/Object; 48 <appendix> member <vmtarget> ; # com/intellij/ide/ui/IconMapLoader$doLoadIconMapping$list$1$1$1$$Lambda+0x000000001153ad70
# instanceKlass com/intellij/ide/ui/IconMapLoader$doLoadIconMapping$list$1$1$1$$Lambda+0x000000001153ab08
instanceKlass java/util/stream/SliceOps
instanceKlass javax/imageio/stream/ImageOutputStream
instanceKlass javax/imageio/spi/DigraphNode
instanceKlass  @bci com/intellij/platform/ide/bootstrap/Java11ShimImpl getCallerClass (I)Ljava/lang/Class; 10 <appendix> member <vmtarget> ; # com/intellij/platform/ide/bootstrap/Java11ShimImpl$$Lambda+0x000000001153a270
instanceKlass javax/imageio/stream/ImageInputStream
instanceKlass  @bci com/intellij/ide/ui/IconMapLoader$doLoadIconMapping$list$1 invokeSuspend (Ljava/lang/Object;)Ljava/lang/Object; 60 <appendix> member <vmtarget> ; # com/intellij/ide/ui/IconMapLoader$doLoadIconMapping$list$1$$Lambda+0x000000001153a008
instanceKlass  @bci com/intellij/platform/ide/bootstrap/Java11ShimImpl getCallerClass (I)Ljava/lang/Class; 5 <appendix> member <vmtarget> ; # com/intellij/platform/ide/bootstrap/Java11ShimImpl$$Lambda+0x0000000011539da8
instanceKlass com/intellij/platform/diagnostic/telemetry/exporters/BatchSpanProcessor
instanceKlass io/opentelemetry/sdk/trace/SpanProcessor
instanceKlass com/fasterxml/jackson/core/sym/CharsToNameCanonicalizer$Bucket
instanceKlass javax/imageio/spi/SubRegistry
instanceKlass com/fasterxml/jackson/core/sym/CharsToNameCanonicalizer$TableInfo
instanceKlass com/fasterxml/jackson/core/sym/CharsToNameCanonicalizer
instanceKlass javax/imageio/spi/IIOServiceProvider
instanceKlass javax/imageio/spi/RegisterableService
instanceKlass com/intellij/platform/diagnostic/telemetry/impl/TelemetryManagerImpl$1
instanceKlass javax/imageio/spi/ServiceRegistry
instanceKlass com/fasterxml/jackson/core/ErrorReportConfiguration
instanceKlass com/fasterxml/jackson/core/StreamWriteConstraints
instanceKlass com/intellij/vcs/log/statistics/LogFilterSpanExporter
instanceKlass com/fasterxml/jackson/core/StreamReadConstraints
instanceKlass com/intellij/util/io/SimpleStringPersistentEnumerator
instanceKlass com/android/tools/adtui/webp/WebpMetadata$Companion
instanceKlass com/fasterxml/jackson/core/util/RecyclerPool$WithPool
instanceKlass com/intellij/util/io/CleanableStorage
instanceKlass com/fasterxml/jackson/core/util/RecyclerPool$ThreadLocalPoolBase
instanceKlass com/intellij/vcs/log/statistics/LogHistorySpanExporter
instanceKlass javax/imageio/metadata/IIOMetadata
instanceKlass com/fasterxml/jackson/core/util/RecyclerPool
instanceKlass com/intellij/util/io/ScannableDataEnumeratorEx
instanceKlass com/intellij/util/io/DataEnumeratorEx
instanceKlass com/intellij/util/io/DataEnumerator
instanceKlass com/intellij/platform/diagnostic/telemetry/AsyncSpanExporter
instanceKlass com/fasterxml/jackson/core/util/JsonRecyclerPools
instanceKlass com/fasterxml/jackson/core/sym/ByteQuadsCanonicalizer$TableInfo
instanceKlass com/intellij/vcs/log/statistics/VcsLogTelemetryExporter
instanceKlass com/android/tools/adtui/webp/WebpMetadataRegistrar
instanceKlass com/intellij/openapi/util/ThreadLocalCachedByteArray
instanceKlass com/fasterxml/jackson/core/sym/ByteQuadsCanonicalizer
instanceKlass  @bci com/intellij/util/containers/SLRUMap <init> (IILcom/intellij/util/containers/hash/EqualityPolicy;)V 55 <appendix> member <vmtarget> ; # com/intellij/util/containers/SLRUMap$$Lambda+0x0000000011533d98
instanceKlass com/intellij/util/containers/LinkedCustomHashMap$Entry
instanceKlass com/fasterxml/jackson/core/io/CharTypes
instanceKlass  @bci com/intellij/util/containers/SLRUMap <init> (IILcom/intellij/util/containers/hash/EqualityPolicy;)V 37 <appendix> member <vmtarget> ; # com/intellij/util/containers/SLRUMap$$Lambda+0x0000000011533428
instanceKlass com/fasterxml/jackson/core/io/JsonStringEncoder
instanceKlass  @cpi com/intellij/util/containers/SLRUMap 225 form vmentry <vmtarget> ; # java/lang/invoke/LambdaForm$DMH+0x0000000011534000
instanceKlass com/fasterxml/jackson/core/io/SerializedString
instanceKlass com/intellij/util/containers/LinkedCustomHashMap$RemoveCallback
instanceKlass com/intellij/util/containers/LinkedCustomHashMap
instanceKlass com/fasterxml/jackson/core/util/JacksonFeature
instanceKlass com/intellij/util/containers/SLRUMap
instanceKlass com/fasterxml/jackson/core/TSFBuilder
instanceKlass com/fasterxml/jackson/core/SerializableString
instanceKlass com/intellij/util/io/FileAccessorCache
instanceKlass com/intellij/util/io/CompressedAppendableFile
instanceKlass com/intellij/util/io/PersistentHashMapValueStorage$RAReader
instanceKlass com/intellij/util/io/RepresentableAsByteArraySequence
instanceKlass com/intellij/remoteDev/tracing/LuxExportersProvider
instanceKlass com/intellij/remoteDev/tracing/RdctExportersProvider
instanceKlass com/intellij/platform/diagnostic/telemetry/impl/OpenTelemetryExporterProvider
instanceKlass com/fasterxml/jackson/core/JsonGenerator
instanceKlass com/intellij/platform/diagnostic/telemetry/impl/OtlpService$Companion
instanceKlass com/intellij/platform/diagnostic/telemetry/impl/OtlpService
instanceKlass com/intellij/util/io/PersistentHashMapValueStorage
instanceKlass com/fasterxml/jackson/core/async/ByteBufferFeeder
instanceKlass com/intellij/platform/diagnostic/telemetry/AggregatedMetricExporter
instanceKlass io/opentelemetry/sdk/metrics/export/MetricExporter
instanceKlass io/opentelemetry/sdk/metrics/export/DefaultAggregationSelector
instanceKlass io/opentelemetry/sdk/metrics/export/AggregationTemporalitySelector
instanceKlass com/intellij/util/indexing/FileBasedIndex$ProjectSpecificInputFilter
instanceKlass  @bci io/opentelemetry/api/common/ArrayBackedAttributesBuilder putAll (Lio/opentelemetry/api/common/Attributes;)Lio/opentelemetry/api/common/AttributesBuilder; 8 <appendix> member <vmtarget> ; # io/opentelemetry/api/common/ArrayBackedAttributesBuilder$$Lambda+0x00000000115224c8
instanceKlass com/intellij/util/indexing/UpdatableIndex
instanceKlass com/intellij/util/indexing/InvertedIndex
instanceKlass com/intellij/util/indexing/impl/storage/TransientChangesIndexStorage$BufferingStateListener
instanceKlass io/opentelemetry/api/internal/StringUtils
instanceKlass com/intellij/platform/kernel/impl/KernelApplicationInitializedListener
instanceKlass com/intellij/util/indexing/storage/VfsAwareIndexStorageLayout
instanceKlass com/intellij/util/indexing/impl/IndexStorageLayout
instanceKlass  @bci io/opentelemetry/sdk/resources/Resource checkAttributes (Lio/opentelemetry/api/common/Attributes;)V 1 <appendix> argL0 ; # io/opentelemetry/sdk/resources/Resource$$Lambda+0x00000000115214d0
instanceKlass com/fasterxml/jackson/core/async/ByteArrayFeeder
instanceKlass com/fasterxml/jackson/core/async/NonBlockingInputFeeder
instanceKlass com/intellij/util/indexing/IndexedFile
instanceKlass com/jetbrains/performancePlugin/ProjectLoaded$Companion
instanceKlass com/intellij/psi/stubs/StubTreeSerializer
instanceKlass com/fasterxml/jackson/core/JsonParser
instanceKlass com/intellij/util/indexing/CompositeDataIndexer
instanceKlass io/opentelemetry/sdk/resources/Resource
instanceKlass com/jetbrains/performancePlugin/ProjectLoaded
instanceKlass  @bci java/util/ArrayDeque copyElements (Ljava/util/Collection;)V 2 <appendix> member <vmtarget> ; # java/util/ArrayDeque$$Lambda+0x00000000114d0518
instanceKlass io/opentelemetry/api/internal/Utils
instanceKlass com/intellij/util/indexing/SingleEntryIndexer
instanceKlass com/intellij/find/impl/FindSettingsInitializer
instanceKlass com/intellij/util/indexing/DataIndexer
instanceKlass com/fasterxml/jackson/core/TokenStreamFactory
instanceKlass  @bci io/opentelemetry/api/common/ArrayBackedAttributes <clinit> ()V 0 <appendix> argL0 ; # io/opentelemetry/api/common/ArrayBackedAttributes$$Lambda+0x000000001151e988
instanceKlass com/intellij/util/indexing/CustomImplementationFileBasedIndexExtension
instanceKlass com/fasterxml/jackson/core/Versioned
instanceKlass com/intellij/remoteDev/tracing/CustomExportersListener
instanceKlass io/opentelemetry/api/internal/ImmutableKeyValuePairs
instanceKlass com/jetbrains/performancePlugin/IntegrationTestApplicationLoadListener$Companion
instanceKlass com/jetbrains/performancePlugin/IntegrationTestApplicationLoadListener
instanceKlass com/intellij/util/io/VoidDataExternalizer
instanceKlass com/intellij/platform/diagnostic/telemetry/OtlpConfiguration
instanceKlass  @bci com/intellij/platform/settings/local/LocalSettingsController <init> ()V 9 <appendix> argL0 ; # com/intellij/platform/settings/local/LocalSettingsController$$Lambda+0x000000001151c4f0
instanceKlass com/intellij/util/io/KeyDescriptor
instanceKlass com/intellij/util/containers/hash/EqualityPolicy
instanceKlass jdk/internal/util/DateTimeHelper
instanceKlass java/time/Instant$1
instanceKlass com/intellij/platform/settings/local/InternalAndCacheStorageManager
instanceKlass com/intellij/util/net/OverrideDefaultJdkProxy
instanceKlass com/intellij/util/indexing/FileBasedIndex$InputFilter
instanceKlass io/opentelemetry/api/internal/InternalAttributeKeyImpl
instanceKlass com/intellij/util/io/DataExternalizer
instanceKlass com/intellij/platform/settings/local/LocalSettingsController
instanceKlass io/opentelemetry/api/common/AttributeKey
instanceKlass com/intellij/util/indexing/FileBasedIndexLoader
instanceKlass io/opentelemetry/api/common/ArrayBackedAttributesBuilder
instanceKlass com/intellij/ide/ApplicationInitializedListener
instanceKlass com/intellij/ide/ui/IconMapperBean
instanceKlass com/intellij/platform/settings/local/JsonMirrorController
instanceKlass com/intellij/openapi/util/JDOMExternalizable
instanceKlass com/intellij/configurationStore/SettingsSavingComponent
instanceKlass com/intellij/openapi/extensions/impl/XmlExtensionAdapterKt
instanceKlass com/intellij/openapi/components/PersistentStateComponent
instanceKlass io/opentelemetry/api/common/Attributes
instanceKlass  @bci com/intellij/openapi/extensions/ExtensionNotApplicableException <clinit> ()V 19 <appendix> argL0 ; # com/intellij/openapi/extensions/ExtensionNotApplicableException$$Lambda+0x0000000011510ca8
instanceKlass com/intellij/ide/plugins/PluginUtil
instanceKlass com/intellij/util/indexing/IndexId
instanceKlass com/intellij/util/indexing/IndexExtension
instanceKlass com/intellij/ide/actions/LoggingSettingsController
instanceKlass  @bci com/intellij/platform/diagnostic/telemetry/impl/OpenTelemetryConfigurator$Companion create (Ljava/lang/String;Ljava/lang/String;Ljava/lang/String;)Lcom/intellij/platform/diagnostic/telemetry/impl/OpenTelemetryConfigurator; 34 <appendix> argL0 ; # com/intellij/platform/diagnostic/telemetry/impl/OpenTelemetryConfigurator$Companion$$Lambda+0x0000000011511000
instanceKlass io/opentelemetry/api/common/AttributesBuilder
instanceKlass com/intellij/platform/settings/DelegatedSettingsController
instanceKlass com/intellij/openapi/project/impl/P3SupportKt
instanceKlass com/intellij/openapi/extensions/PluginAware
# instanceKlass com/intellij/util/graph/DFSTBuilder$$Lambda+0x00000000115130b8
instanceKlass io/opentelemetry/context/propagation/NoopTextMapPropagator
instanceKlass io/opentelemetry/context/propagation/TextMapPropagator
instanceKlass  @bci com/intellij/util/graph/DFSTBuilder <init> (Lcom/intellij/util/graph/OutboundSemiGraph;Ljava/lang/Object;Z)V 255 <appendix> member <vmtarget> ; # com/intellij/util/graph/DFSTBuilder$$Lambda+0x00000000115129a0
# instanceKlass com/intellij/util/graph/DFSTBuilder$$Lambda+0x0000000011512738
instanceKlass com/intellij/serviceContainer/LightServiceInstanceSupport$LightServiceInstanceInitializer
instanceKlass  @bci com/intellij/util/graph/DFSTBuilder <init> (Lcom/intellij/util/graph/OutboundSemiGraph;Ljava/lang/Object;Z)V 243 <appendix> member <vmtarget> ; # com/intellij/util/graph/DFSTBuilder$$Lambda+0x0000000011512250
instanceKlass com/intellij/platform/instanceContainer/internal/DynamicInstanceSupport$DynamicInstanceInitializer
instanceKlass io/opentelemetry/context/propagation/DefaultContextPropagators
instanceKlass io/opentelemetry/context/propagation/ContextPropagators
instanceKlass  @bci com/intellij/serviceContainer/ComponentManagerImpl instantiateClass$lambda$1 (Lkotlin/coroutines/CoroutineContext;Lcom/intellij/serviceContainer/ComponentManagerImpl;Ljava/lang/Class;Lcom/intellij/openapi/extensions/PluginId;)Ljava/lang/Object; 5 <appendix> member <vmtarget> ; # com/intellij/serviceContainer/ComponentManagerImpl$$Lambda+0x00000000115177a0
instanceKlass com/intellij/platform/settings/local/SettingsControllerMediatorKt
instanceKlass  @bci com/intellij/util/graph/GraphGenerator buildOuts ()V 98 <appendix> argL0 ; # com/intellij/util/graph/GraphGenerator$$Lambda+0x0000000011517520
instanceKlass  @bci com/intellij/serviceContainer/ComponentManagerImpl instantiateClass (Ljava/lang/Class;Lcom/intellij/openapi/extensions/PluginId;)Ljava/lang/Object; 41 <appendix> member <vmtarget> ; # com/intellij/serviceContainer/ComponentManagerImpl$$Lambda+0x0000000011516fe8
instanceKlass io/opentelemetry/sdk/OpenTelemetrySdkBuilder
instanceKlass com/intellij/openapi/util/Pair
instanceKlass  @bci com/intellij/serviceContainer/ComponentManagerImpl instantiateClass (Ljava/lang/Class;Lcom/intellij/openapi/extensions/PluginId;)Ljava/lang/Object; 23 <appendix> argL0 ; # com/intellij/serviceContainer/ComponentManagerImpl$$Lambda+0x0000000011516648
instanceKlass com/dynatrace/hash4j/hashing/XXH3Base$HashStreamImplBase
instanceKlass io/opentelemetry/api/metrics/MeterProvider
instanceKlass com/intellij/serviceContainer/ContainerUtilKt
instanceKlass com/intellij/idea/IdeStarter$Companion
instanceKlass com/intellij/openapi/project/impl/shared/P3SharedConfigFolderApplicationLoadListener
instanceKlass io/opentelemetry/api/logs/LoggerProvider
instanceKlass  @bci com/intellij/platform/instanceContainer/internal/LazyInstanceHolder tryInitialize (Lcom/intellij/platform/instanceContainer/internal/LazyInstanceHolder$Initial;Ljava/lang/Class;ZLkotlin/coroutines/Continuation;)Ljava/lang/Object; 215 <appendix> argL0 ; # com/intellij/platform/instanceContainer/internal/LazyInstanceHolder$$Lambda+0x000000001150d0c0
instanceKlass com/intellij/openapi/application/ApplicationStarter$Companion
instanceKlass io/opentelemetry/api/trace/TracerProvider
instanceKlass com/intellij/platform/settings/local/SettingsControllerMediator
instanceKlass com/intellij/openapi/extensions/ExtensionPointNameKt
instanceKlass kotlin/annotation/Target
instanceKlass kotlin/annotation/Retention
instanceKlass com/intellij/openapi/application/ModernApplicationStarter
instanceKlass com/intellij/openapi/application/ApplicationStarter
instanceKlass kotlin/Metadata
instanceKlass com/intellij/util/graph/GraphGenerator
instanceKlass com/intellij/openapi/extensions/LazyExtensionImpl
instanceKlass com/intellij/openapi/extensions/LazyExtension
instanceKlass com/intellij/util/graph/CachingSemiGraph
instanceKlass com/intellij/openapi/extensions/LazyExtensionSequence$iterator$1
instanceKlass com/intellij/openapi/extensions/LoadingOrder$Companion$sortByLoadingOrder$graph$1
instanceKlass com/intellij/openapi/extensions/LazyExtensionSequence
instanceKlass com/intellij/ide/ApplicationLoadListener$Companion
instanceKlass com/dynatrace/hash4j/hashing/XXH3Base
instanceKlass com/intellij/ide/ApplicationLoadListener
instanceKlass  @bci sun/reflect/annotation/AnnotationParser parseEnumArray (ILjava/lang/Class;Ljava/nio/ByteBuffer;Ljdk/internal/reflect/ConstantPool;Ljava/lang/Class;)Ljava/lang/Object; 16 <appendix> member <vmtarget> ; # sun/reflect/annotation/AnnotationParser$$Lambda+0x00000000114cfe20
instanceKlass com/intellij/platform/settings/SettingsController
instanceKlass  @bci com/intellij/platform/ide/IdeFingerprintKt <clinit> ()V 0 <appendix> argL0 ; # com/intellij/platform/ide/IdeFingerprintKt$$Lambda+0x0000000011502fd8
instanceKlass com/intellij/openapi/components/Service
instanceKlass io/opentelemetry/sdk/OpenTelemetrySdk
instanceKlass com/intellij/platform/ide/IdeFingerprint
instanceKlass com/intellij/serviceContainer/LightServiceInstanceSupportKt
instanceKlass  @bci com/intellij/openapi/util/io/OSAgnosticPathUtil <clinit> ()V 0 <appendix> argL0 ; # com/intellij/openapi/util/io/OSAgnosticPathUtil$$Lambda+0x0000000011507cd0
instanceKlass io/opentelemetry/api/OpenTelemetry
instanceKlass com/intellij/ide/ui/IconMapLoader
instanceKlass com/intellij/openapi/util/io/OSAgnosticPathUtil
instanceKlass com/intellij/platform/ide/IdeFingerprintKt
instanceKlass com/intellij/platform/diagnostic/telemetry/impl/OpenTelemetryConfigurator$Companion
instanceKlass com/intellij/platform/diagnostic/telemetry/impl/OpenTelemetryConfigurator
instanceKlass com/intellij/platform/diagnostic/telemetry/impl/TelemetryManagerImplKt
instanceKlass  @bci com/intellij/platform/diagnostic/telemetry/TelemetryManagerKt <clinit> ()V 31 <appendix> argL0 ; # com/intellij/platform/diagnostic/telemetry/TelemetryManagerKt$$Lambda+0x0000000011505b90
instanceKlass com/intellij/platform/diagnostic/telemetry/impl/TelemetryManagerImpl
instanceKlass com/intellij/platform/diagnostic/telemetry/TelemetryManagerKt
instanceKlass com/intellij/platform/diagnostic/telemetry/TelemetryManager$Companion
instanceKlass com/intellij/platform/diagnostic/telemetry/TelemetryManager
instanceKlass com/intellij/platform/locking/impl/NestedLocksThreadingSupport$ComputationStateContextElement$Companion
instanceKlass com/intellij/platform/locking/impl/NestedLocksThreadingSupport$ComputationStateContextElement
instanceKlass  @bci com/intellij/openapi/client/ClientSessionImpl registerComponents (Ljava/util/List;Lcom/intellij/openapi/application/Application;Ljava/util/List;)V 58 <appendix> member <vmtarget> ; # com/intellij/openapi/client/ClientSessionImpl$$Lambda+0x0000000011504778
instanceKlass com/intellij/openapi/util/ObjectNode$ListNodeChildren
instanceKlass com/intellij/openapi/util/Disposer$CheckedDisposableImpl
instanceKlass  @bci com/intellij/openapi/client/ClientSessionsManager registerSession (Lcom/intellij/openapi/Disposable;Lcom/intellij/openapi/client/ClientSession;)V 252 <appendix> member <vmtarget> ; # com/intellij/openapi/client/ClientSessionsManager$$Lambda+0x0000000011504000
instanceKlass com/intellij/openapi/client/ClientSessionsManagerKt
instanceKlass com/intellij/openapi/client/ClientProjectSession
instanceKlass com/intellij/openapi/client/ClientSessionImplKt
instanceKlass com/intellij/codeWithMe/ClientIdContextElementKt
instanceKlass javax/swing/Scrollable
instanceKlass com/intellij/openapi/client/ClientAppSession
instanceKlass com/intellij/openapi/client/ClientSession
instanceKlass java/awt/event/MouseEvent$1
instanceKlass com/intellij/openapi/client/ClientSessionsManager$Companion
instanceKlass sun/awt/AWTAccessor$MouseEventAccessor
# instanceKlass java/lang/invoke/LambdaForm$MH+0x0000000011500c00
# instanceKlass java/lang/invoke/LambdaForm$MH+0x0000000011500800
# instanceKlass java/lang/invoke/LambdaForm$MH+0x0000000011500400
instanceKlass java/awt/MenuComponent
# instanceKlass java/lang/invoke/LambdaForm$MH+0x0000000011500000
instanceKlass  @bci com/intellij/platform/instanceContainer/instantiation/InstantiateKt instantiate (Lkotlinx/coroutines/CoroutineScope;Ljava/lang/Class;Ljava/util/List;Lkotlin/jvm/functions/Function1;Lkotlin/coroutines/Continuation;)Ljava/lang/Object; 256 <appendix> member <vmtarget> ; # com/intellij/platform/instanceContainer/instantiation/InstantiateKt$$Lambda+0x00000000114bcdd8
instanceKlass com/intellij/platform/instanceContainer/instantiation/Argument$CoroutineScopeMarker
instanceKlass com/intellij/platform/instanceContainer/instantiation/Argument$LazyArgument
instanceKlass com/intellij/platform/instanceContainer/instantiation/Argument
instanceKlass com/intellij/serviceContainer/ComponentManagerResolver$resolveDependency$3$1
instanceKlass com/intellij/platform/instanceContainer/instantiation/ArgumentSupplier
instanceKlass com/intellij/openapi/client/ClientSessionsManager
instanceKlass com/intellij/serviceContainer/StartUpMessageDeliveryListener
instanceKlass com/intellij/util/messages/impl/MessageDeliveryListener
instanceKlass  @bci com/intellij/util/messages/impl/RootBus <init> (Lcom/intellij/util/messages/MessageBusOwner;)V 45 <appendix> argL0 ; # com/intellij/util/messages/impl/RootBus$$Lambda+0x00000000114bac70
instanceKlass com/intellij/util/messages/impl/MessageQueue
instanceKlass com/intellij/openapi/util/Disposer$1
instanceKlass com/intellij/util/messages/impl/BusState
instanceKlass com/intellij/util/messages/impl/MessageBusImplKt
instanceKlass com/intellij/util/messages/impl/MessageBusImpl$Companion
instanceKlass com/intellij/platform/instanceContainer/internal/LazyInstanceHolder$CannotInitialize
instanceKlass com/intellij/platform/instanceContainer/internal/LazyInstanceHolder$CannotLoadClass
instanceKlass com/intellij/openapi/components/PathMacroManager
instanceKlass com/intellij/openapi/components/PathMacroSubstitutor
instanceKlass  @bci com/intellij/concurrency/ThreadContext installTemporaryThreadContext (Lkotlin/coroutines/CoroutineContext;)Lcom/intellij/openapi/application/AccessToken; 11 <appendix> member <vmtarget> ; # com/intellij/concurrency/ThreadContext$$Lambda+0x00000000114b9248
instanceKlass  @bci com/intellij/platform/instanceContainer/instantiation/InstantiateKt withStoredTemporaryContext (Lkotlinx/coroutines/CoroutineScope;Lkotlin/jvm/functions/Function0;Lkotlin/coroutines/Continuation;)Ljava/lang/Object; 22 <appendix> argL0 ; # com/intellij/platform/instanceContainer/instantiation/InstantiateKt$$Lambda+0x00000000114b8fe8
instanceKlass  @bci com/intellij/platform/instanceContainer/instantiation/InstantiateKt instantiate (Lkotlinx/coroutines/CoroutineScope;Ljava/lang/Class;Ljava/util/List;Lkotlin/jvm/functions/Function1;Lkotlin/coroutines/Continuation;)Ljava/lang/Object; 295 <appendix> member <vmtarget> ; # com/intellij/platform/instanceContainer/instantiation/InstantiateKt$$Lambda+0x00000000114b8d80
instanceKlass  @bci com/intellij/platform/instanceContainer/instantiation/InstantiateKt instantiate (Lcom/intellij/platform/instanceContainer/instantiation/DependencyResolver;Lkotlinx/coroutines/CoroutineScope;Ljava/lang/Class;Ljava/util/List;Lkotlin/coroutines/Continuation;)Ljava/lang/Object; 102 <appendix> member <vmtarget> ; # com/intellij/platform/instanceContainer/instantiation/InstantiateKt$$Lambda+0x00000000114b8850
instanceKlass com/intellij/platform/instanceContainer/instantiation/ResolutionResult$UnresolvedParameter
instanceKlass com/intellij/platform/instanceContainer/instantiation/ResolutionResult$Resolved
instanceKlass com/intellij/util/messages/impl/MessageBusImpl
instanceKlass com/intellij/util/messages/impl/MessageBusEx
instanceKlass com/intellij/util/messages/MessageBus
instanceKlass com/intellij/platform/instanceContainer/instantiation/ResolutionResult
instanceKlass com/intellij/platform/instanceContainer/instantiation/InstantiateKt
instanceKlass com/intellij/serviceContainer/ServiceInstanceInitializerKt
instanceKlass com/intellij/platform/instanceContainer/internal/CurrentlyInitializingInstance$Companion
instanceKlass com/intellij/util/RecursionTrackerKt
instanceKlass  @bci com/intellij/platform/instanceContainer/internal/LazyInstanceHolder checkCycle ()V 1 <appendix> argL0 ; # com/intellij/platform/instanceContainer/internal/LazyInstanceHolder$$Lambda+0x00000000114b54b8
instanceKlass kotlinx/coroutines/CancelHandler$UserSupplied
instanceKlass  @bci com/intellij/platform/instanceContainer/internal/LazyInstanceHolder tryAwait (Lcom/intellij/platform/instanceContainer/internal/LazyInstanceHolder$InProgress;Lkotlinx/coroutines/CancellableContinuation;)V 84 <appendix> member <vmtarget> ; # com/intellij/platform/instanceContainer/internal/LazyInstanceHolder$$Lambda+0x00000000114b4fe8
instanceKlass com/intellij/platform/instanceContainer/internal/LazyInstanceHolder$InProgress
instanceKlass com/intellij/openapi/application/ModalityStateElementKey
instanceKlass com/intellij/openapi/application/ModalityKt
instanceKlass com/intellij/concurrency/ExternalIntelliJContextElement
instanceKlass  @bci com/intellij/serviceContainer/ComponentManagerImplKt runBlockingInitialization$lambda$0 (Lkotlin/jvm/functions/Function2;Lkotlin/coroutines/CoroutineContext;)Ljava/lang/Object; 34 <appendix> argL0 ; # com/intellij/serviceContainer/ComponentManagerImplKt$$Lambda+0x00000000114b3e60
instanceKlass com/intellij/openapi/progress/CoroutinesKt
instanceKlass  @bci com/intellij/openapi/progress/ContextKt prepareThreadContext (Lkotlin/jvm/functions/Function1;)Ljava/lang/Object; 26 <appendix> member <vmtarget> ; # com/intellij/openapi/progress/ContextKt$$Lambda+0x00000000114b39b0
instanceKlass com/intellij/util/concurrency/ThreadScopeCheckpoint$Companion
instanceKlass  @bci com/intellij/openapi/progress/ProgressManager <clinit> ()V 0 <appendix> argL0 ; # com/intellij/openapi/progress/ProgressManager$$Lambda+0x00000000114b31c0
instanceKlass com/intellij/openapi/progress/ProgressIndicatorProvider
instanceKlass com/intellij/openapi/progress/ContextKt
instanceKlass  @bci com/intellij/serviceContainer/ComponentManagerImplKt runBlockingInitialization (Lkotlin/jvm/functions/Function2;)Ljava/lang/Object; 1 <appendix> member <vmtarget> ; # com/intellij/serviceContainer/ComponentManagerImplKt$$Lambda+0x00000000114b24b0
instanceKlass java/lang/StackStreamFactory$FrameBuffer
instanceKlass java/lang/StackStreamFactory
instanceKlass  @bci com/intellij/serviceContainer/ComponentManagerImplKt isInsideClassInitializer (Ljava/lang/String;)Ljava/lang/String; 9 <appendix> member <vmtarget> ; # com/intellij/serviceContainer/ComponentManagerImplKt$$Lambda+0x00000000114b1f20
instanceKlass  @bci com/intellij/serviceContainer/ComponentManagerImplKt isInsideClassInitializer (Ljava/lang/String;)Ljava/lang/String; 4 <appendix> member <vmtarget> ; # com/intellij/serviceContainer/ComponentManagerImplKt$$Lambda+0x00000000114b1cb8
instanceKlass jdk/internal/vm/VMSupport$AnnotationDecoder
instanceKlass jdk/internal/vm/VMSupport
instanceKlass com/intellij/util/DebugAttachDetectorArgs
instanceKlass com/intellij/openapi/progress/Cancellation$DebugNonCancellableState
instanceKlass com/intellij/openapi/progress/Cancellation
instanceKlass com/intellij/openapi/application/DevTimeClassLoader
instanceKlass com/intellij/util/messages/MessageBusFactory
instanceKlass com/intellij/openapi/extensions/impl/InterfaceExtensionImplementationClassResolver
instanceKlass com/intellij/openapi/extensions/impl/ExtensionPointImplKt
instanceKlass com/intellij/openapi/extensions/impl/ExtensionComponentAdapter
instanceKlass com/intellij/openapi/extensions/LoadingOrder$Orderable
instanceKlass  @bci com/intellij/openapi/extensions/impl/ExtensionsAreaImplKt intersectMaps (Ljava/util/Map;Ljava/util/Map;)Lkotlin/sequences/Sequence; 20 <appendix> member <vmtarget> ; # com/intellij/openapi/extensions/impl/ExtensionsAreaImplKt$$Lambda+0x00000000114a9508
instanceKlass  @bci com/intellij/serviceContainer/ComponentManagerImpl registerComponents (Ljava/util/List;Lcom/intellij/openapi/application/Application;Ljava/util/List;)V 222 <appendix> member <vmtarget> ; # com/intellij/serviceContainer/ComponentManagerImpl$$Lambda+0x00000000114a92a0
instanceKlass com/intellij/platform/instanceContainer/internal/RegistrationAction$Override
instanceKlass  @bci com/intellij/platform/instanceContainer/internal/ScopeHolder intersectScope (Lkotlinx/coroutines/CoroutineScope;)Lkotlinx/coroutines/CoroutineScope; 163 <appendix> member <vmtarget> ; # com/intellij/platform/instanceContainer/internal/ScopeHolder$$Lambda+0x00000000114aba10
instanceKlass  @bci com/intellij/platform/util/coroutines/CoroutineScopeKt attachAsChildTo (Lkotlinx/coroutines/CoroutineScope;Lkotlinx/coroutines/CoroutineScope;)V 191 <appendix> member <vmtarget> ; # com/intellij/platform/util/coroutines/CoroutineScopeKt$$Lambda+0x00000000114ab7a8
instanceKlass  @bci com/intellij/platform/util/coroutines/CoroutineScopeKt attachAsChildTo (Lkotlinx/coroutines/CoroutineScope;Lkotlinx/coroutines/CoroutineScope;)V 177 <appendix> member <vmtarget> ; # com/intellij/platform/util/coroutines/CoroutineScopeKt$$Lambda+0x00000000114ab280
instanceKlass com/intellij/serviceContainer/PrecomputedExtensionModel
instanceKlass com/intellij/serviceContainer/PrecomputedExtensionModelKt
instanceKlass com/intellij/openapi/extensions/impl/ImplementationClassResolver
instanceKlass com/intellij/openapi/extensions/impl/ExtensionPointImpl$Companion
instanceKlass com/intellij/openapi/extensions/impl/ExtensionPointImpl
instanceKlass com/intellij/openapi/extensions/ExtensionPoint
instanceKlass com/intellij/openapi/extensions/impl/ExtensionsAreaImplKt
instanceKlass com/intellij/util/messages/impl/PluginListenerDescriptor
instanceKlass  @bci com/intellij/serviceContainer/ComponentManagerImpl registerComponents$lambda$1 (Lcom/intellij/serviceContainer/ComponentManagerImpl;ZLkotlin/jvm/internal/Ref$ObjectRef;ZLjava/util/HashMap;Lcom/intellij/ide/plugins/IdeaPluginDescriptorImpl;)Lkotlin/Unit; 164 <appendix> member <vmtarget> ; # com/intellij/serviceContainer/ComponentManagerImpl$$Lambda+0x00000000114af0c8
instanceKlass  @bci com/intellij/serviceContainer/ComponentManagerImpl registerComponents$lambda$1 (Lcom/intellij/serviceContainer/ComponentManagerImpl;ZLkotlin/jvm/internal/Ref$ObjectRef;ZLjava/util/HashMap;Lcom/intellij/ide/plugins/IdeaPluginDescriptorImpl;)Lkotlin/Unit; 159 <appendix> argL0 ; # com/intellij/serviceContainer/ComponentManagerImpl$$Lambda+0x00000000114aee68
instanceKlass com/intellij/platform/instanceContainer/internal/InstanceContainerImpl$UnregisterHandleImpl
instanceKlass com/intellij/platform/instanceContainer/internal/PreparedHolders
instanceKlass com/intellij/platform/instanceContainer/internal/LazyInstanceHolder$Initial
instanceKlass com/intellij/platform/instanceContainer/internal/LazyInstanceHolder$Companion
instanceKlass com/intellij/platform/instanceContainer/internal/LazyInstanceHolder
instanceKlass com/intellij/openapi/extensions/ExtensionDescriptor$Os$WhenMappings
instanceKlass com/intellij/platform/instanceContainer/internal/RegistrationAction$Register
instanceKlass com/intellij/platform/instanceContainer/internal/RegistrationAction
instanceKlass  @bci com/intellij/serviceContainer/ServiceInstanceInitializer <init> (Lcom/intellij/serviceContainer/ComponentManagerImpl;Lcom/intellij/openapi/extensions/PluginId;Lcom/intellij/openapi/components/ServiceDescriptor;)V 42 <appendix> member <vmtarget> ; # com/intellij/serviceContainer/ServiceInstanceInitializer$$Lambda+0x00000000114ad160
instanceKlass com/intellij/serviceContainer/ServiceInstanceInitializer
instanceKlass com/intellij/platform/instanceContainer/internal/InstanceInitializer
instanceKlass  @bci com/intellij/platform/instanceContainer/internal/InstanceContainerImpl startRegistration (Lkotlinx/coroutines/CoroutineScope;)Lcom/intellij/platform/instanceContainer/internal/InstanceRegistrar; 143 <appendix> member <vmtarget> ; # com/intellij/platform/instanceContainer/internal/InstanceContainerImpl$$Lambda+0x00000000114ac4d8
instanceKlass com/intellij/platform/instanceContainer/internal/RegistrationResult
instanceKlass com/intellij/platform/instanceContainer/internal/InstanceRegistrarImpl
instanceKlass com/intellij/platform/instanceContainer/internal/InstanceRegistrar
instanceKlass com/intellij/platform/instanceContainer/internal/UtilKt
instanceKlass  @bci com/intellij/serviceContainer/ComponentManagerImplKt <clinit> ()V 538 <appendix> argL0 ; # com/intellij/serviceContainer/ComponentManagerImplKt$$Lambda+0x00000000114a7908
instanceKlass  @bci com/intellij/serviceContainer/ComponentManagerImplKt <clinit> ()V 3 <appendix> argL0 ; # com/intellij/serviceContainer/ComponentManagerImplKt$$Lambda+0x00000000114a76a8
instanceKlass com/intellij/serviceContainer/ComponentManagerImplKt
instanceKlass  @bci com/intellij/serviceContainer/ComponentManagerImpl registerComponents (Ljava/util/List;Lcom/intellij/openapi/application/Application;Ljava/util/List;)V 144 <adapter> ; # java/lang/invoke/LambdaForm$MH+0x00000000114a8c00
# instanceKlass java/lang/invoke/LambdaForm$DMH+0x00000000114a8800
instanceKlass com/intellij/ide/bootstrap/InitAppContext
instanceKlass  @bci com/intellij/serviceContainer/ComponentManagerImpl registerComponents (Ljava/util/List;Lcom/intellij/openapi/application/Application;Ljava/util/List;)V 144 <appendix> form vmentry <vmtarget> ; # java/lang/invoke/LambdaForm$DMH+0x00000000114a8400
instanceKlass  @bci com/intellij/serviceContainer/ComponentManagerImpl registerComponents (Ljava/util/List;Lcom/intellij/openapi/application/Application;Ljava/util/List;)V 144 <appendix> member <vmtarget> ; # com/intellij/serviceContainer/ComponentManagerImpl$$Lambda+0x00000000114a6a00
instanceKlass  @cpi com/intellij/serviceContainer/ComponentManagerImpl 484 form vmentry <vmtarget> ; # java/lang/invoke/LambdaForm$DMH+0x00000000114a8000
instanceKlass com/intellij/ide/plugins/PluginManagerState
instanceKlass com/intellij/ide/plugins/ClassLoaderConfiguratorKt$createModuleResolveScopeManager$1
instanceKlass  @bci com/intellij/ide/plugins/ClassLoaderConfiguratorKt sortDependenciesInPlace ([Lcom/intellij/ide/plugins/IdeaPluginDescriptorImpl;)V 20 <appendix> member <vmtarget> ; # com/intellij/ide/plugins/ClassLoaderConfiguratorKt$$Lambda+0x00000000114a5388
instanceKlass  @bci com/intellij/ide/plugins/ClassLoaderConfiguratorKt sortDependenciesInPlace ([Lcom/intellij/ide/plugins/IdeaPluginDescriptorImpl;)V 15 <appendix> argL0 ; # com/intellij/ide/plugins/ClassLoaderConfiguratorKt$$Lambda+0x00000000114a5128
instanceKlass com/intellij/ide/plugins/ClassLoaderConfiguratorKt$createPluginDependencyAndContentBasedScope$1
instanceKlass com/intellij/ide/plugins/MainPluginDescriptorClassPathInfo
instanceKlass kotlinx/coroutines/SupervisorKt
instanceKlass  @bci com/intellij/ide/plugins/cl/PluginClassLoader <init> (Lcom/intellij/util/lang/ClassPath;[Lcom/intellij/ide/plugins/PluginModuleDescriptor;Lcom/intellij/openapi/extensions/PluginDescriptor;Ljava/lang/ClassLoader;Lcom/intellij/ide/plugins/cl/ResolveScopeManager;Ljava/lang/String;Ljava/util/List;)V 65 <appendix> member <vmtarget> ; # com/intellij/ide/plugins/cl/PluginClassLoader$$Lambda+0x00000000114a4360
instanceKlass com/intellij/util/lang/MultiParentClassLoaderHelper
instanceKlass com/intellij/ide/plugins/cl/PluginClassLoaderKt$defaultResolveScopeManager$1
instanceKlass com/intellij/ide/plugins/cl/ResolveScopeManager
instanceKlass com/intellij/ide/plugins/cl/PluginClassLoaderKt
instanceKlass com/intellij/ide/plugins/cl/PluginClassLoader$Companion
instanceKlass com/intellij/util/lang/MultiParentClassLoaderSupport
instanceKlass com/intellij/ide/plugins/cl/PluginAwareClassLoader
instanceKlass  @bci com/intellij/ide/plugins/ClassLoaderConfiguratorKt <clinit> ()V 16 <appendix> argL0 ; # com/intellij/ide/plugins/ClassLoaderConfiguratorKt$$Lambda+0x00000000114a3178
instanceKlass com/intellij/ide/plugins/ClassLoaderConfiguratorKt
instanceKlass com/intellij/ide/plugins/ClassLoaderConfigurator
instanceKlass com/intellij/ide/plugins/PluginSet
instanceKlass  @bci com/intellij/ide/plugins/PluginSetBuilder getSortedPlugins ()[Lcom/intellij/ide/plugins/PluginMainDescriptor; 135 <appendix> member <vmtarget> ; # com/intellij/ide/plugins/PluginSetBuilder$$Lambda+0x00000000114a27b0
instanceKlass it/unimi/dsi/fastutil/objects/Object2IntMap$FastEntrySet
instanceKlass it/unimi/dsi/fastutil/objects/Object2IntMap$Entry
instanceKlass it/unimi/dsi/fastutil/objects/AbstractObject2IntFunction
instanceKlass kotlin/jvm/internal/CollectionToArray
instanceKlass kotlinx/coroutines/internal/SegmentOrClosed
instanceKlass com/intellij/ide/plugins/PluginSetBuilder$WhenMappings
instanceKlass com/intellij/ide/plugins/ExpiredPluginsState$Companion
instanceKlass com/intellij/ide/plugins/ExpiredPluginsState
instanceKlass  @bci com/intellij/ide/plugins/PluginSetBuilderKt getAllPluginDependencies (Lcom/intellij/ide/plugins/IdeaPluginDescriptorImpl;)Lkotlin/sequences/Sequence; 18 <appendix> argL0 ; # com/intellij/ide/plugins/PluginSetBuilderKt$$Lambda+0x000000001149ecf0
instanceKlass  @bci com/intellij/ide/plugins/PluginSetBuilderKt getAllPluginDependencies (Lcom/intellij/ide/plugins/IdeaPluginDescriptorImpl;)Lkotlin/sequences/Sequence; 10 <appendix> argL0 ; # com/intellij/ide/plugins/PluginSetBuilderKt$$Lambda+0x000000001149ea90
instanceKlass  @bci com/intellij/ide/plugins/PluginSetBuilderKt <clinit> ()V 0 <appendix> argL0 ; # com/intellij/ide/plugins/PluginSetBuilderKt$$Lambda+0x000000001149e830
instanceKlass com/intellij/ide/plugins/PluginSetBuilderKt
instanceKlass com/intellij/ide/plugins/PluginManagerCoreKt
instanceKlass  @bci com/intellij/ide/plugins/PluginManagerCore initializePlugins (Ljava/util/List;Lcom/intellij/ide/plugins/PluginInitializationContext;Lcom/intellij/ide/plugins/PluginDescriptorLoadingResult;Ljava/lang/ClassLoader;Lcom/intellij/diagnostic/Activity;)Lcom/intellij/ide/plugins/PluginManagerState; 1801 <appendix> form vmentry <vmtarget> ; # java/lang/invoke/LambdaForm$DMH+0x0000000011493c00
instanceKlass  @bci com/intellij/ide/plugins/PluginManagerCore initializePlugins (Ljava/util/List;Lcom/intellij/ide/plugins/PluginInitializationContext;Lcom/intellij/ide/plugins/PluginDescriptorLoadingResult;Ljava/lang/ClassLoader;Lcom/intellij/diagnostic/Activity;)Lcom/intellij/ide/plugins/PluginManagerState; 1801 <appendix> member <vmtarget> ; # com/intellij/ide/plugins/PluginManagerCore$$Lambda+0x000000001149da98
instanceKlass  @cpi com/intellij/ide/plugins/PluginManagerCore 1203 form vmentry <vmtarget> ; # java/lang/invoke/LambdaForm$DMH+0x0000000011493800
instanceKlass java/util/IdentityHashMap$EntryIterator$Entry
instanceKlass  @bci com/intellij/ide/plugins/ModulesWithDependenciesKt toCoreAwareComparator (Ljava/util/Comparator;)Ljava/util/Comparator; 8 <appendix> member <vmtarget> ; # com/intellij/ide/plugins/ModulesWithDependenciesKt$$Lambda+0x000000001149d7b8
instanceKlass  @bci java/util/Comparator comparingInt (Ljava/util/function/ToIntFunction;)Ljava/util/Comparator; 6 <appendix> member <vmtarget> ; # java/util/Comparator$$Lambda+0x00000000114c9868
instanceKlass  @bci com/intellij/util/ArrayUtil <clinit> ()V 95 <appendix> argL0 ; # com/intellij/util/ArrayUtil$$Lambda+0x000000001149d558
instanceKlass  @bci com/intellij/util/ArrayUtil <clinit> ()V 87 <appendix> argL0 ; # com/intellij/util/ArrayUtil$$Lambda+0x000000001149d2f8
instanceKlass com/intellij/util/ArrayFactory
instanceKlass com/intellij/util/ArrayUtil
instanceKlass com/intellij/util/graph/DFSTBuilder$TarjanFrame
instanceKlass  @bci com/intellij/util/graph/DFSTBuilder <init> (Lcom/intellij/util/graph/OutboundSemiGraph;Ljava/lang/Object;Z)V 177 <appendix> member <vmtarget> ; # com/intellij/util/graph/DFSTBuilder$$Lambda+0x000000001149c9b8
instanceKlass  @bci com/intellij/util/graph/DFSTBuilder <init> (Lcom/intellij/util/graph/OutboundSemiGraph;Ljava/lang/Object;Z)V 165 <appendix> member <vmtarget> ; # com/intellij/util/graph/DFSTBuilder$$Lambda+0x000000001149c750
instanceKlass  @cpi com/intellij/util/graph/DFSTBuilder 238 form vmentry <vmtarget> ; # java/lang/invoke/LambdaForm$DMH+0x0000000011493400
instanceKlass java/util/function/ObjIntConsumer
instanceKlass it/unimi/dsi/fastutil/objects/Object2IntMap
instanceKlass it/unimi/dsi/fastutil/objects/Object2IntFunction
instanceKlass com/intellij/util/graph/DFSTBuilder$Tarjan
instanceKlass it/unimi/dsi/fastutil/objects/Reference2IntMap$FastEntrySet
instanceKlass it/unimi/dsi/fastutil/objects/Reference2IntMap$Entry
instanceKlass it/unimi/dsi/fastutil/objects/AbstractReference2IntFunction
instanceKlass it/unimi/dsi/fastutil/objects/Reference2IntMap
instanceKlass it/unimi/dsi/fastutil/objects/Reference2IntFunction
instanceKlass it/unimi/dsi/fastutil/ints/IntArrays$ArrayHashStrategy
instanceKlass it/unimi/dsi/fastutil/ints/IntArrays$Segment
instanceKlass it/unimi/dsi/fastutil/ints/IntArrays
instanceKlass it/unimi/dsi/fastutil/ints/IntListIterator
instanceKlass it/unimi/dsi/fastutil/ints/IntBidirectionalIterator
instanceKlass it/unimi/dsi/fastutil/ints/IntSpliterator
instanceKlass it/unimi/dsi/fastutil/ints/IntIterator
instanceKlass java/util/PrimitiveIterator$OfInt
instanceKlass java/util/PrimitiveIterator
instanceKlass java/util/function/IntUnaryOperator
instanceKlass java/util/function/IntPredicate
instanceKlass it/unimi/dsi/fastutil/ints/IntStack
instanceKlass it/unimi/dsi/fastutil/ints/IntList
instanceKlass com/intellij/util/graph/DFSTBuilder
# instanceKlass com/jetbrains/CustomTitleBar$$$+0x0000000011493000
# instanceKlass com/jetbrains/WindowDecorations$$$+0x0000000011492c00
# instanceKlass java/awt/CustomTitleBarPeer$$$+0x0000000011492800
# instanceKlass java/lang/invoke/LambdaForm$MH+0x0000000011492400
instanceKlass  @bci com/intellij/ide/plugins/ModuleGraph <init> (Lcom/intellij/ide/plugins/ModulesWithDependencies;Ljava/util/IdentityHashMap;)V 305 <appendix> member <vmtarget> ; # com/intellij/ide/plugins/ModuleGraph$$Lambda+0x000000001148fbd0
instanceKlass  @bci com/intellij/ide/plugins/ModuleGraph <init> (Lcom/intellij/ide/plugins/ModulesWithDependencies;Ljava/util/IdentityHashMap;)V 300 <appendix> argL0 ; # com/intellij/ide/plugins/ModuleGraph$$Lambda+0x000000001148f970
instanceKlass  @bci com/jetbrains/internal/jbrapi/Proxy$Info$StaticMethod equals (Ljava/lang/Object;)Z 2 <appendix> form vmentry <vmtarget> ; # java/lang/invoke/LambdaForm$MH+0x0000000011492000
instanceKlass java/lang/classfile/CodeBuilder$1
instanceKlass  @bci com/jetbrains/internal/jbrapi/Proxy$Info$StaticMethod equals (Ljava/lang/Object;)Z 2 <appendix> argL1 form vmentry <vmtarget> ; # java/lang/invoke/LambdaForm$MH+0x0000000011491c00
instanceKlass com/intellij/ide/plugins/ModuleGraph
instanceKlass com/intellij/util/graph/Graph
instanceKlass com/intellij/util/graph/OutboundSemiGraph
instanceKlass com/intellij/util/graph/InboundSemiGraph
instanceKlass java/lang/invoke/MethodHandleImpl$Makers$2
instanceKlass java/lang/invoke/MethodHandleImpl$Makers$1
instanceKlass java/lang/invoke/MethodHandleImpl$Makers
# instanceKlass java/lang/invoke/LambdaForm$MH+0x0000000011491800
instanceKlass java/util/TreeMap$PrivateEntryIterator
instanceKlass java/lang/invoke/LambdaFormEditor$1
# instanceKlass java/lang/invoke/LambdaForm$MH+0x0000000011491400
instanceKlass com/intellij/ide/plugins/ModulesWithDependencies
# instanceKlass java/lang/invoke/LambdaForm$MH+0x0000000011491000
# instanceKlass java/lang/invoke/LambdaForm$MH+0x0000000011490c00
instanceKlass java/util/AbstractMap$KeyIterator
instanceKlass com/jetbrains/internal/jbrapi/JBRApi$1Holder
instanceKlass com/jetbrains/exported/JBRApi
instanceKlass java/awt/Window$CustomTitleBarPeer
instanceKlass sun/reflect/generics/tree/VoidDescriptor
# instanceKlass java/lang/invoke/LambdaForm$DMH+0x0000000011490800
# instanceKlass java/lang/invoke/LambdaForm$DMH+0x0000000011490400
# instanceKlass java/lang/invoke/LambdaForm$DMH+0x0000000011490000
instanceKlass  @bci com/jetbrains/internal/jbrapi/Mapping$ProxyConversion wrapNonNull (Lcom/jetbrains/internal/jbrapi/AccessContext$Method;)V 72 <appendix> member <vmtarget> ; # com/jetbrains/internal/jbrapi/Mapping$ProxyConversion$$Lambda+0x00000000114c5f90
instanceKlass java/awt/Window$CustomTitleBar
instanceKlass com/jetbrains/WindowDecorations$CustomTitleBar
instanceKlass java/awt/Window$WindowDecorations
# instanceKlass java/lang/invoke/LambdaForm$MH+0x000000001148dc00
instanceKlass com/jetbrains/WindowDecorations
instanceKlass com/jetbrains/JBR$WindowDecorations__Holder
instanceKlass  @bci java/lang/invoke/BootstrapMethodInvoker invoke (Ljava/lang/Class;Ljava/lang/invoke/MethodHandle;Ljava/lang/String;Ljava/lang/Object;Ljava/lang/Object;Ljava/lang/Class;)Ljava/lang/Object; 111 <adapter> ; # java/lang/invoke/LambdaForm$MH+0x000000001148d800
instanceKlass com/intellij/ide/plugins/IdeaPluginDescriptorExtensions
# instanceKlass com/jetbrains/ServiceApi$$$+0x000000001148d400
instanceKlass  @bci java/util/stream/Collectors toUnmodifiableSet ()Ljava/util/stream/Collector; 19 <appendix> argL0 ; # java/util/stream/Collectors$$Lambda+0x00000000114c48c8
instanceKlass  @bci java/util/stream/Collectors toUnmodifiableSet ()Ljava/util/stream/Collector; 14 <appendix> argL0 ; # java/util/stream/Collectors$$Lambda+0x00000000114c4640
instanceKlass  @bci java/util/stream/Collectors toUnmodifiableSet ()Ljava/util/stream/Collector; 9 <appendix> argL0 ; # java/util/stream/Collectors$$Lambda+0x00000000114c43d0
instanceKlass com/intellij/ide/plugins/ModulesWithDependenciesKt
instanceKlass  @bci java/util/stream/Collectors toUnmodifiableSet ()Ljava/util/stream/Collector; 4 <appendix> argL0 ; # java/util/stream/Collectors$$Lambda+0x00000000114c4170
instanceKlass  @bci com/jetbrains/internal/jbrapi/ProxyGenerator getSupportedExtensions ()Ljava/util/Set; 24 <appendix> argL0 ; # com/jetbrains/internal/jbrapi/ProxyGenerator$$Lambda+0x00000000114c3ef0
instanceKlass  @bci com/jetbrains/internal/jbrapi/ProxyGenerator getSupportedExtensions ()Ljava/util/Set; 14 <appendix> argL0 ; # com/jetbrains/internal/jbrapi/ProxyGenerator$$Lambda+0x00000000114c3c60
instanceKlass com/intellij/ide/plugins/PluginSetBuilder
instanceKlass com/intellij/ide/plugins/ThirdPartyPluginsWithoutConsentFile
instanceKlass com/intellij/ide/plugins/PluginManagerCore$initializePlugins$PluginSelectionData
instanceKlass  @bci com/jetbrains/internal/jbrapi/ProxyGenerator generateFields (Ljava/lang/classfile/ClassBuilder;)V 90 <appendix> member <vmtarget> ; # com/jetbrains/internal/jbrapi/ProxyGenerator$$Lambda+0x00000000114c31c0
# instanceKlass java/lang/invoke/LambdaForm$DMH+0x000000001148d000
instanceKlass com/intellij/ide/plugins/UnambiguousPluginSetKt
instanceKlass jdk/internal/vm/annotation/IntrinsicCandidate
instanceKlass com/jetbrains/internal/jbrapi/AccessContext$1
instanceKlass com/intellij/ide/plugins/PluginsSourceContext$ClassPathProvided
instanceKlass java/util/AbstractMap$ValueIterator
instanceKlass com/intellij/ide/plugins/UnambiguousPluginSetImpl
instanceKlass java/lang/classfile/Signature$BaseTypeSig
instanceKlass sun/reflect/generics/tree/BooleanSignature
instanceKlass com/intellij/ide/plugins/UnambiguousPluginSet$Companion
instanceKlass com/intellij/ide/plugins/UnambiguousPluginSet
instanceKlass java/lang/classfile/Signature$ArrayTypeSig
instanceKlass com/intellij/ide/plugins/PluginStringSetFile
# instanceKlass java/lang/invoke/LambdaForm$DMH+0x000000001148cc00
instanceKlass  @bci sun/awt/AWTThreading notifyEventDispatchThreadFree ()V 68 <appendix> argL0 ; # sun/awt/AWTThreading$$Lambda+0x00000000114c0c90
instanceKlass java/util/concurrent/CompletableFuture
instanceKlass sun/reflect/generics/reflectiveObjects/GenericArrayTypeImpl
instanceKlass kotlin/sequences/EmptySequence
instanceKlass java/util/concurrent/CompletionStage
instanceKlass kotlin/sequences/DropTakeSequence
instanceKlass sun/reflect/generics/tree/ArrayTypeSignature
instanceKlass java/lang/classfile/constantpool/InvokeDynamicEntry
instanceKlass java/lang/classfile/constantpool/DynamicConstantPoolEntry
instanceKlass com/intellij/platform/ide/diagnostic/startUpPerformanceReporter/FUSProjectHotStartUpMeasurer$Event$SplashBecameVisibleEvent
instanceKlass com/intellij/platform/ide/diagnostic/startUpPerformanceReporter/FUSProjectHotStartUpMeasurer$Event$FUSReportableEvent
instanceKlass com/intellij/platform/ide/diagnostic/startUpPerformanceReporter/FUSProjectHotStartUpMeasurer$Event
instanceKlass java/lang/classfile/constantpool/MethodHandleEntry
instanceKlass com/intellij/platform/ide/diagnostic/startUpPerformanceReporter/FUSProjectHotStartUpMeasurer$ProjectId
instanceKlass com/intellij/platform/ide/diagnostic/startUpPerformanceReporter/FUSProjectHotStartUpMeasurer$MyProjectMarker
instanceKlass java/lang/constant/DynamicCallSiteDesc
instanceKlass com/jetbrains/internal/jbrapi/AccessContext$Method
instanceKlass  @bci com/jetbrains/internal/jbrapi/ProxyGenerator lambda$generateMethod$1 (Lcom/jetbrains/internal/jbrapi/Mapping$Method;Ljava/lang/invoke/MethodHandle;Ljava/lang/reflect/Method;Ljava/lang/Enum;ZLjava/lang/classfile/CodeBuilder;)V 20 <appendix> member <vmtarget> ; # com/jetbrains/internal/jbrapi/ProxyGenerator$$Lambda+0x000000001147da98
instanceKlass com/intellij/platform/ide/diagnostic/startUpPerformanceReporter/FUSProjectHotStartUpMeasurer
instanceKlass jdk/internal/classfile/impl/SignaturesImpl$1
instanceKlass  @bci jdk/internal/classfile/impl/SignaturesImpl$ClassTypeSigImpl signatureString ()Ljava/lang/String; 167 <appendix> member <vmtarget> ; # jdk/internal/classfile/impl/SignaturesImpl$ClassTypeSigImpl$$TypeSwitch+0x000000001147d018
instanceKlass java/lang/classfile/Signature$TypeArg$Unbounded
instanceKlass java/lang/classfile/attribute/SignatureAttribute
instanceKlass  @bci com/jetbrains/internal/jbrapi/BytecodeUtils generateCompatibleMethod (Ljava/lang/classfile/ClassBuilder;Ljava/lang/reflect/Method;Ljava/util/function/Consumer;)V 63 <appendix> member <vmtarget> ; # com/jetbrains/internal/jbrapi/BytecodeUtils$$Lambda+0x000000001147c920
instanceKlass sun/awt/GlobalCursorManager$NativeUpdater
instanceKlass sun/awt/GlobalCursorManager
instanceKlass java/lang/classfile/Signature$TypeArg$Bounded
instanceKlass java/lang/classfile/Signature$TypeArg
instanceKlass java/lang/classfile/Signature$TypeVarSig
instanceKlass java/lang/classfile/Signature$TypeParam
instanceKlass java/lang/classfile/Signature$ClassTypeSig
instanceKlass java/lang/classfile/Signature$ThrowableSig
instanceKlass java/lang/classfile/Signature$RefTypeSig
instanceKlass java/lang/classfile/Signature
instanceKlass com/intellij/openapi/editor/impl/ad/RuntimeFlagsKt
instanceKlass jdk/internal/classfile/impl/SignaturesImpl
instanceKlass java/lang/classfile/MethodSignature
instanceKlass  @bci com/jetbrains/internal/jbrapi/ProxyGenerator generateMethod (Ljava/lang/classfile/ClassBuilder;Ljava/lang/reflect/Method;Ljava/lang/invoke/MethodHandle;Lcom/jetbrains/internal/jbrapi/Mapping$Method;Ljava/lang/Enum;Z)V 11 <adapter> ; # java/lang/invoke/LambdaForm$MH+0x000000001148c800
instanceKlass  @bci com/intellij/ide/IdeKeyboardFocusManager dispatchEvent (Ljava/awt/AWTEvent;)Z 172 <appendix> member <vmtarget> ; # com/intellij/ide/IdeKeyboardFocusManager$$Lambda+0x00000000114894c8
instanceKlass  @bci com/intellij/ide/IdeKeyboardFocusManager dispatchEvent (Ljava/awt/AWTEvent;)Z 123 <appendix> member <vmtarget> ; # com/intellij/ide/IdeKeyboardFocusManager$$Lambda+0x0000000011489260
# instanceKlass java/lang/invoke/LambdaForm$DMH+0x000000001148c400
instanceKlass com/intellij/ide/plugins/PluginDependencyAnalysis$DependencyRef
instanceKlass java/awt/event/WindowAdapter
instanceKlass  @bci com/jetbrains/internal/jbrapi/ProxyGenerator generateMethod (Ljava/lang/classfile/ClassBuilder;Ljava/lang/reflect/Method;Ljava/lang/invoke/MethodHandle;Lcom/jetbrains/internal/jbrapi/Mapping$Method;Ljava/lang/Enum;Z)V 11 <appendix> form vmentry <vmtarget> ; # java/lang/invoke/LambdaForm$DMH+0x000000001148c000
instanceKlass com/intellij/ui/ComponentUtil
instanceKlass  @bci com/jetbrains/internal/jbrapi/ProxyGenerator generateMethod (Ljava/lang/classfile/ClassBuilder;Ljava/lang/reflect/Method;Ljava/lang/invoke/MethodHandle;Lcom/jetbrains/internal/jbrapi/Mapping$Method;Ljava/lang/Enum;Z)V 11 <appendix> member <vmtarget> ; # com/jetbrains/internal/jbrapi/ProxyGenerator$$Lambda+0x0000000011478b18
instanceKlass  @cpi com/jetbrains/internal/jbrapi/ProxyGenerator 1018 form vmentry <vmtarget> ; # java/lang/invoke/LambdaForm$DMH+0x0000000011484800
instanceKlass kotlin/collections/ArrayDeque$Companion
instanceKlass com/intellij/codeWithMe/ClientIdKt
instanceKlass  @bci com/intellij/codeWithMe/ClientId <clinit> ()V 39 <appendix> argL0 ; # com/intellij/codeWithMe/ClientId$$Lambda+0x0000000011485910
instanceKlass com/jetbrains/internal/jbrapi/Mapping$Query
instanceKlass com/intellij/codeWithMe/ClientId$Companion
instanceKlass  @bci com/jetbrains/internal/jbrapi/Mapping$Context getMapping (Ljava/lang/reflect/Type;)Lcom/jetbrains/internal/jbrapi/Mapping; 6 <appendix> member <vmtarget> ; # com/jetbrains/internal/jbrapi/Mapping$Context$$TypeSwitch+0x0000000011476f70
instanceKlass com/intellij/codeWithMe/ClientId
instanceKlass com/intellij/ide/plugins/PluginDependencyAnalysis$BFS
instanceKlass java/lang/classfile/MethodModel
instanceKlass com/intellij/ide/ClientIdAwareEvent
instanceKlass com/intellij/ide/plugins/PluginDependencyAnalysisKt
instanceKlass java/lang/classfile/FieldModel
instanceKlass com/intellij/ide/plugins/PluginDependencyAnalysis
instanceKlass com/intellij/ide/plugins/AmbiguousPluginSetImpl
instanceKlass  @bci jdk/internal/classfile/impl/ClassFileImpl attributeMapper ()Ljava/util/function/Function; 7 <appendix> argL0 ; # jdk/internal/classfile/impl/ClassFileImpl$$Lambda+0x0000000011474ce0
instanceKlass java/lang/classfile/ClassModel
instanceKlass java/lang/classfile/AttributedElement
instanceKlass java/lang/classfile/CompoundElement
instanceKlass java/lang/classfile/instruction/SwitchCase
instanceKlass  @bci java/lang/runtime/SwitchBootstraps generateTypeSwitchSkeleton (Ljava/lang/Class;[Ljava/lang/Object;Ljava/util/List;Ljava/util/List;)Ljava/util/function/Consumer; 45 <appendix> member <vmtarget> ; # java/lang/runtime/SwitchBootstraps$$Lambda+0x0000000011473228
instanceKlass java/lang/classfile/AccessFlags
instanceKlass  @bci java/lang/runtime/SwitchBootstraps generateTypeSwitch (Ljava/lang/invoke/MethodHandles$Lookup;Ljava/lang/Class;[Ljava/lang/Object;)Ljava/lang/invoke/MethodHandle; 70 <appendix> member <vmtarget> ; # java/lang/runtime/SwitchBootstraps$$Lambda+0x0000000011472848
instanceKlass com/intellij/ide/plugins/PluginInitContextIdConflictResolverKt
instanceKlass java/util/function/BiPredicate
instanceKlass com/intellij/ide/plugins/AmbiguousPluginSet$Companion
instanceKlass jdk/internal/misc/PreviewFeatures
instanceKlass com/intellij/ide/plugins/AmbiguousPluginSet
instanceKlass sun/awt/SunGraphicsCallback
instanceKlass java/lang/reflect/WildcardType
instanceKlass java/lang/runtime/SwitchBootstraps
instanceKlass com/intellij/ide/plugins/PluginVersionIsSuperseded
instanceKlass com/intellij/util/text/VersionComparatorUtil$1
instanceKlass com/jetbrains/internal/jbrapi/Mapping
instanceKlass  @bci com/intellij/util/text/VersionComparatorUtil <clinit> ()V 30 <appendix> argL0 ; # com/intellij/util/text/VersionComparatorUtil$$Lambda+0x00000000114833a8
instanceKlass sun/reflect/generics/tree/Wildcard
instanceKlass sun/reflect/generics/tree/BottomSignature
instanceKlass sun/reflect/generics/reflectiveObjects/ParameterizedTypeImpl
instanceKlass sun/reflect/generics/reflectiveObjects/LazyReflectiveObjectGenerator
instanceKlass com/intellij/util/text/VersionComparatorUtil$TokenPrioritizer
instanceKlass com/intellij/util/text/VersionComparatorUtil
instanceKlass sun/reflect/generics/tree/MethodTypeSignature
instanceKlass sun/reflect/generics/tree/TypeVariableSignature
instanceKlass com/jetbrains/Extension
instanceKlass com/intellij/ide/plugins/PluginCompatibilityUtils
instanceKlass  @bci com/jetbrains/internal/jbrapi/ProxyGenerator generateTargetGetter (Ljava/lang/classfile/ClassBuilder;)V 10 <appendix> member <vmtarget> ; # com/jetbrains/internal/jbrapi/ProxyGenerator$$Lambda+0x000000001146f260
instanceKlass  @bci com/jetbrains/internal/jbrapi/ProxyGenerator generateConstructor (Ljava/lang/classfile/ClassBuilder;)V 76 <appendix> member <vmtarget> ; # com/jetbrains/internal/jbrapi/ProxyGenerator$$Lambda+0x000000001146efe8
instanceKlass  @cpi com/jetbrains/internal/jbrapi/ProxyGenerator 1009 form vmentry <vmtarget> ; # java/lang/invoke/LambdaForm$DMH+0x0000000011484400
instanceKlass  @bci com/jetbrains/internal/jbrapi/ProxyGenerator generate ()Z 194 <appendix> member <vmtarget> ; # com/jetbrains/internal/jbrapi/ProxyGenerator$$Lambda+0x000000001146ed70
instanceKlass java/awt/peer/LightweightPeer
instanceKlass sun/reflect/generics/tree/ClassSignature
instanceKlass sun/reflect/generics/tree/Signature
instanceKlass sun/awt/im/InputMethodLocator
instanceKlass sun/awt/windows/WInputMethodDescriptor
instanceKlass java/awt/im/spi/InputMethodDescriptor
instanceKlass sun/reflect/generics/tree/FormalTypeParameter
instanceKlass java/lang/reflect/TypeVariable
instanceKlass sun/reflect/generics/repository/AbstractRepository
instanceKlass java/lang/reflect/ParameterizedType
instanceKlass  @bci com/jetbrains/internal/jbrapi/AccessContext canAccess (Ljava/lang/Class;)Z 6 <appendix> member <vmtarget> ; # com/jetbrains/internal/jbrapi/AccessContext$$Lambda+0x000000001146bc10
instanceKlass sun/awt/im/InputMethodManager
instanceKlass com/jetbrains/internal/jbrapi/Mapping$Context
instanceKlass java/lang/classfile/ClassFile$ClassHierarchyResolverOption
instanceKlass  @bci com/jetbrains/internal/jbrapi/ProxyGenerator <init> (Lcom/jetbrains/internal/jbrapi/ProxyRepository;Lcom/jetbrains/internal/jbrapi/Proxy$Info;[Lcom/jetbrains/internal/jbrapi/Mapping;)V 88 <appendix> member <vmtarget> ; # com/jetbrains/internal/jbrapi/ProxyGenerator$$Lambda+0x000000001146aff8
instanceKlass com/jetbrains/exported/JBRApiSupport$Proxy
instanceKlass com/jetbrains/internal/jbrapi/BytecodeUtils
instanceKlass com/jetbrains/internal/jbrapi/AccessContext
instanceKlass  @bci java/util/function/Function andThen (Ljava/util/function/Function;)Ljava/util/function/Function; 7 <appendix> member <vmtarget> ; # java/util/function/Function$$Lambda+0x000000001146a688
instanceKlass  @cpi java/util/function/Function 58 form vmentry <vmtarget> ; # java/lang/invoke/LambdaForm$DMH+0x0000000011484000
instanceKlass sun/java2d/pipe/hw/AccelGraphicsConfig
instanceKlass sun/java2d/pipe/hw/BufferedContextProvider
instanceKlass sun/awt/windows/TranslucentWindowPainter
instanceKlass  @bci java/util/stream/Collectors toUnmodifiableMap (Ljava/util/function/Function;Ljava/util/function/Function;)Ljava/util/stream/Collector; 21 <appendix> argL0 ; # java/util/stream/Collectors$$Lambda+0x0000000011469a98
instanceKlass  @bci java/util/stream/Collectors uniqKeysMapMerger ()Ljava/util/function/BinaryOperator; 0 <appendix> argL0 ; # java/util/stream/Collectors$$Lambda+0x0000000011469810
instanceKlass  @bci java/util/stream/Collectors uniqKeysMapAccumulator (Ljava/util/function/Function;Ljava/util/function/Function;)Ljava/util/function/BiConsumer; 2 <appendix> member <vmtarget> ; # java/util/stream/Collectors$$Lambda+0x0000000011469598
instanceKlass  @bci java/util/stream/Collectors toMap (Ljava/util/function/Function;Ljava/util/function/Function;)Ljava/util/stream/Collector; 4 <appendix> argL0 ; # java/util/stream/Collectors$$Lambda+0x0000000011469338
instanceKlass  @bci com/jetbrains/internal/jbrapi/ProxyGenerator <clinit> ()V 23 <appendix> argL0 ; # com/jetbrains/internal/jbrapi/ProxyGenerator$$Lambda+0x00000000114690b8
instanceKlass  @bci com/jetbrains/internal/jbrapi/ProxyGenerator <clinit> ()V 18 <appendix> argL0 ; # com/jetbrains/internal/jbrapi/ProxyGenerator$$Lambda+0x0000000011468e38
instanceKlass  @bci com/jetbrains/internal/jbrapi/ProxyGenerator <clinit> ()V 8 <appendix> argL0 ; # com/jetbrains/internal/jbrapi/ProxyGenerator$$Lambda+0x00000000114686b0
instanceKlass com/jetbrains/internal/jbrapi/ProxyGenerator
instanceKlass java/lang/Class$AnnotationData
instanceKlass sun/awt/NativeLibLoader
instanceKlass sun/awt/PlatformFont
instanceKlass java/awt/peer/FontPeer
instanceKlass jdk/internal/classfile/impl/StackMapDecoder$1
instanceKlass jdk/internal/classfile/impl/StackMapDecoder
instanceKlass jdk/internal/classfile/impl/StackCounter
instanceKlass  @bci java/lang/reflect/ProxyGenerator lambda$generateLookupAccessor$0 (Ljava/lang/classfile/MethodBuilder;)V 30 <appendix> member <vmtarget> ; # java/lang/reflect/ProxyGenerator$$Lambda+0x0000000011465578
instanceKlass  @bci java/lang/reflect/ProxyGenerator generateLookupAccessor (Ljava/lang/classfile/ClassBuilder;)V 10 <appendix> member <vmtarget> ; # java/lang/reflect/ProxyGenerator$$Lambda+0x0000000011465300
instanceKlass com/intellij/ide/plugins/DisabledPluginsState$Companion
instanceKlass com/intellij/ide/plugins/DisabledPluginsState
instanceKlass  @bci java/lang/reflect/ProxyGenerator generateStaticInitializer (Ljava/lang/classfile/ClassBuilder;)V 10 <appendix> member <vmtarget> ; # java/lang/reflect/ProxyGenerator$$Lambda+0x0000000011465088
instanceKlass com/intellij/ide/plugins/PluginEnabler$Headless
instanceKlass com/intellij/ide/plugins/PluginEnabler
instanceKlass com/intellij/ide/plugins/BrokenPluginFileKt
instanceKlass java/lang/classfile/attribute/StackMapTableAttribute
instanceKlass com/intellij/ide/plugins/PluginCardOverrides$PluginCardInfo
instanceKlass sun/java2d/StateTracker$2
instanceKlass sun/java2d/StateTracker$1
instanceKlass java/lang/classfile/attribute/StackMapFrameInfo
instanceKlass com/intellij/ide/plugins/PluginCardOverrides
instanceKlass sun/java2d/StateTracker
instanceKlass  @bci com/intellij/ide/plugins/PluginManagerCore getUnfulfilledCpuArchRequirement (Lcom/intellij/ide/plugins/IdeaPluginDescriptor;)Lcom/intellij/ide/plugins/PluginCpuArchRequirement; 26 <appendix> argL0 ; # com/intellij/ide/plugins/PluginManagerCore$$Lambda+0x0000000011480df8
instanceKlass sun/java2d/SurfaceDataProxy
instanceKlass sun/awt/image/SurfaceManager$FlushableCacheData
instanceKlass  @bci kotlin/sequences/SequencesKt___SequencesKt filterNotNull (Lkotlin/sequences/Sequence;)Lkotlin/sequences/Sequence; 7 <appendix> argL0 ; # kotlin/sequences/SequencesKt___SequencesKt$$Lambda+0x0000000011480b98
instanceKlass java/lang/classfile/instruction/ExceptionCatch
instanceKlass  @bci com/intellij/ide/plugins/PluginManagerCore getUnfulfilledOsRequirement (Lcom/intellij/ide/plugins/IdeaPluginDescriptor;)Lcom/intellij/ide/plugins/IdeaPluginOsRequirement; 26 <appendix> argL0 ; # com/intellij/ide/plugins/PluginManagerCore$$Lambda+0x0000000011480938
instanceKlass com/intellij/ide/plugins/PluginInitializationContextKt
instanceKlass  @bci java/lang/reflect/ProxyGenerator$ProxyMethod lambda$generateMethod$0 (Ljava/lang/classfile/MethodBuilder;)V 30 <appendix> member <vmtarget> ; # java/lang/reflect/ProxyGenerator$ProxyMethod$$Lambda+0x00000000114625f8
instanceKlass sun/java2d/windows/GDIRenderer
instanceKlass com/intellij/ide/plugins/PluginInitContextSelectPluginsToLoadKt
instanceKlass  @bci java/lang/reflect/ProxyGenerator$ProxyMethod generateMethod (Ljava/lang/classfile/ClassBuilder;)V 42 <appendix> member <vmtarget> ; # java/lang/reflect/ProxyGenerator$ProxyMethod$$Lambda+0x0000000011461d30
instanceKlass  @bci com/intellij/ide/plugins/PluginManagerCore initializePlugins (Ljava/util/List;Lcom/intellij/ide/plugins/PluginInitializationContext;Lcom/intellij/ide/plugins/PluginDescriptorLoadingResult;Ljava/lang/ClassLoader;Lcom/intellij/diagnostic/Activity;)Lcom/intellij/ide/plugins/PluginManagerState; 672 <appendix> member <vmtarget> ; # com/intellij/ide/plugins/PluginManagerCore$$Lambda+0x0000000011480240
instanceKlass  @bci java/lang/reflect/ProxyGenerator generateConstructor (Ljava/lang/classfile/ClassBuilder;)V 8 <appendix> member <vmtarget> ; # java/lang/reflect/ProxyGenerator$$Lambda+0x0000000011461728
instanceKlass com/intellij/ide/plugins/PluginNonLoadReason
instanceKlass sun/java2d/ScreenUpdateManager
instanceKlass  @bci java/lang/reflect/ProxyGenerator generateClassFile ()[B 197 <appendix> member <vmtarget> ; # java/lang/reflect/ProxyGenerator$$Lambda+0x0000000011461248
instanceKlass  @bci java/lang/reflect/ProxyGenerator proxyMethodsFor (Ljava/lang/String;)Ljava/util/List; 5 <appendix> argL0 ; # java/lang/reflect/ProxyGenerator$$Lambda+0x0000000011460fc8
instanceKlass java/awt/peer/FramePeer
instanceKlass java/lang/reflect/ProxyGenerator$ProxyMethod
instanceKlass java/util/concurrent/ConcurrentLinkedQueue$Itr
instanceKlass com/intellij/ide/plugins/PluginDescriptorLoadingResult$Companion$build$1
instanceKlass com/intellij/ide/plugins/PluginDescriptorLoadingResult$Companion
instanceKlass com/intellij/ide/plugins/PluginDescriptorLoadingResult
instanceKlass java/lang/classfile/attribute/StackMapFrameInfo$ObjectVerificationTypeInfo
instanceKlass java/lang/classfile/attribute/StackMapFrameInfo$VerificationTypeInfo
instanceKlass com/intellij/ide/plugins/PluginsSourceContext$Bundled
instanceKlass java/lang/classfile/ClassFile$Option
instanceKlass java/lang/reflect/ProxyGenerator
instanceKlass  @bci java/lang/WeakPairMap computeIfAbsent (Ljava/lang/Object;Ljava/lang/Object;Ljava/util/function/BiFunction;)Ljava/lang/Object; 18 <appendix> member <vmtarget> ; # java/lang/WeakPairMap$$Lambda+0x000000001145e458
instanceKlass  @bci java/lang/Module implAddExportsOrOpens (Ljava/lang/String;Ljava/lang/Module;ZZ)V 151 <appendix> argL0 ; # java/lang/Module$$Lambda+0x000000001145e1e8
instanceKlass sun/awt/windows/WComponentPeer$2
instanceKlass  @bci java/lang/module/ModuleDescriptor$Builder packages (Ljava/util/Set;)Ljava/lang/module/ModuleDescriptor$Builder; 17 <appendix> argL0 ; # java/lang/module/ModuleDescriptor$Builder$$Lambda+0x000000001145d508
instanceKlass java/lang/module/ModuleDescriptor$Builder
instanceKlass  @bci java/lang/reflect/Proxy$ProxyBuilder getDynamicModule (Ljava/lang/ClassLoader;)Ljava/lang/Module; 4 <appendix> argL0 ; # java/lang/reflect/Proxy$ProxyBuilder$$Lambda+0x000000001145d048
instanceKlass java/awt/SequencedEvent$1
instanceKlass sun/awt/AWTAccessor$SequencedEventAccessor
instanceKlass  @bci sun/awt/windows/WWindowPeer displayChanged ()V 5 <appendix> member <vmtarget> ; # sun/awt/windows/WWindowPeer$$Lambda+0x000000001145c918
instanceKlass java/lang/PublicMethods
instanceKlass java/lang/reflect/Proxy$ProxyBuilder
instanceKlass sun/awt/event/TouchEvent
instanceKlass  @bci java/lang/reflect/Proxy getProxyConstructor (Ljava/lang/ClassLoader;[Ljava/lang/Class;)Ljava/lang/reflect/Constructor; 18 <appendix> argL0 ; # java/lang/reflect/Proxy$$Lambda+0x000000001145bd38
instanceKlass java/lang/reflect/Proxy
instanceKlass sun/reflect/annotation/AnnotationInvocationHandler
instanceKlass sun/reflect/annotation/ExceptionProxy
instanceKlass java/lang/annotation/Inherited
instanceKlass sun/reflect/annotation/AnnotationType
instanceKlass java/lang/reflect/GenericArrayType
instanceKlass sun/reflect/generics/visitor/Reifier
instanceKlass sun/reflect/generics/visitor/TypeTreeVisitor
instanceKlass sun/reflect/generics/factory/CoreReflectionFactory
instanceKlass sun/reflect/generics/factory/GenericsFactory
instanceKlass sun/reflect/generics/scope/AbstractScope
instanceKlass sun/reflect/generics/scope/Scope
instanceKlass sun/reflect/generics/tree/ClassTypeSignature
instanceKlass sun/reflect/generics/tree/SimpleClassTypeSignature
instanceKlass sun/reflect/generics/tree/FieldTypeSignature
instanceKlass sun/reflect/generics/tree/BaseType
instanceKlass sun/reflect/generics/tree/TypeSignature
instanceKlass sun/reflect/generics/tree/ReturnType
instanceKlass sun/reflect/generics/tree/TypeArgument
instanceKlass sun/reflect/generics/tree/TypeTree
instanceKlass sun/reflect/generics/tree/Tree
instanceKlass sun/reflect/generics/parser/SignatureParser
instanceKlass java/util/OptionalInt
instanceKlass java/util/EnumMap$EnumMapIterator
instanceKlass java/util/stream/ReduceOps$6ReducingSink
instanceKlass  @bci java/util/stream/IntPipeline max ()Ljava/util/OptionalInt; 1 <appendix> argL0 ; # java/util/stream/IntPipeline$$Lambda+0x0000000011455c78
instanceKlass java/util/function/IntBinaryOperator
instanceKlass sun/awt/ExtendedKeyCodes
instanceKlass  @bci com/jetbrains/internal/jbrapi/JBRApi <init> (Lcom/jetbrains/internal/jbrapi/ProxyRepository;Ljava/util/Map;)V 32 <appendix> argL0 ; # com/jetbrains/internal/jbrapi/JBRApi$$Lambda+0x0000000011454ae8
instanceKlass sun/awt/RepaintArea
instanceKlass java/util/function/ToIntFunction
instanceKlass  @bci java/awt/SystemColor <clinit> ()V 643 <appendix> argL0 ; # java/awt/SystemColor$$Lambda+0x0000000011453690
instanceKlass com/jetbrains/internal/jbrapi/Proxy
instanceKlass sun/awt/AWTAccessor$SystemColorAccessor
instanceKlass sun/awt/windows/WWindowPeer$GuiDisposedListener
instanceKlass  @bci com/jetbrains/internal/jbrapi/ProxyRepository$Registry <init> (Ljava/io/InputStream;)V 374 <appendix> member <vmtarget> ; # com/jetbrains/internal/jbrapi/ProxyRepository$Registry$$Lambda+0x00000000114527a0
instanceKlass sun/awt/windows/WWindowPeer$ActiveWindowListener
instanceKlass  @bci com/jetbrains/internal/jbrapi/ProxyRepository$Registry <init> (Ljava/io/InputStream;)V 350 <appendix> member <vmtarget> ; # com/jetbrains/internal/jbrapi/ProxyRepository$Registry$$Lambda+0x00000000114522b8
instanceKlass java/awt/peer/CanvasPeer
instanceKlass java/awt/peer/PanelPeer
instanceKlass com/jetbrains/internal/jbrapi/Proxy$Info
instanceKlass java/awt/peer/DialogPeer
instanceKlass java/awt/peer/WindowPeer
instanceKlass  @bci com/jetbrains/internal/jbrapi/ProxyRepository$Registry <init> (Ljava/io/InputStream;)V 165 <appendix> member <vmtarget> ; # com/jetbrains/internal/jbrapi/ProxyRepository$Registry$$Lambda+0x000000001144edf8
instanceKlass com/jetbrains/internal/jbrapi/ProxyRepository
instanceKlass java/awt/peer/ContainerPeer
instanceKlass java/awt/SplashScreen
instanceKlass com/jetbrains/internal/jbrapi/ProxyRepository$Registry$Entry
instanceKlass java/awt/event/ComponentAdapter
instanceKlass com/jetbrains/internal/jbrapi/ProxyRepository$Registry
instanceKlass com/jetbrains/internal/jbrapi/ProxyRepository$Registry$Builtin
instanceKlass  @bci com/jetbrains/internal/jbrapi/Utils <clinit> ()V 8 <appendix> argL0 ; # com/jetbrains/internal/jbrapi/Utils$$Lambda+0x000000001144d8c0
instanceKlass  @bci com/jetbrains/internal/jbrapi/Utils <clinit> ()V 0 <appendix> argL0 ; # com/jetbrains/internal/jbrapi/Utils$$Lambda+0x000000001144d1d0
instanceKlass com/jetbrains/internal/jbrapi/Utils
instanceKlass com/jetbrains/internal/jbrapi/JBRApi
instanceKlass com/intellij/util/ui/PresentableColor
instanceKlass  @bci com/jetbrains/JBR <clinit> ()V 82 <adapter> ; # java/lang/invoke/LambdaForm$MH+0x0000000011439800
instanceKlass com/jetbrains/GraphicsUtils
instanceKlass java/awt/Window$WindowDisposerRecord
instanceKlass com/jetbrains/SystemUtils
instanceKlass java/awt/BorderLayout
instanceKlass java/awt/LayoutManager2
instanceKlass  @bci com/jetbrains/JBR$Metadata <clinit> ()V 292 <appendix> argL0 ; # com/jetbrains/JBR$Metadata$$Lambda+0x000000001143f928
instanceKlass  @bci java/lang/Class methodToString (Ljava/lang/String;[Ljava/lang/Class;)Ljava/lang/String; 42 <appendix> argL0 ; # java/lang/Class$$Lambda+0x000000001144bdd8
instanceKlass com/jetbrains/JBR$Metadata
instanceKlass com/jetbrains/Provides
instanceKlass com/jetbrains/Provided
instanceKlass com/jetbrains/Service
instanceKlass com/jetbrains/JBR$ServiceApi
instanceKlass java/awt/Window$2
instanceKlass sun/awt/AWTAccessor$WindowAccessor
instanceKlass com/jetbrains/exported/JBRApiSupport
instanceKlass com/jetbrains/JBR
instanceKlass javax/swing/text/html/StyleSheet$SelectorMapping
instanceKlass javax/swing/text/html/HTML$Tag
instanceKlass javax/swing/text/html/HTML
instanceKlass javax/swing/text/html/CSS$CssValue
instanceKlass javax/swing/text/html/HTML$Attribute
instanceKlass javax/swing/text/html/CSS$Value
instanceKlass javax/swing/text/html/CSS$Attribute
instanceKlass javax/swing/text/html/CSS
instanceKlass com/intellij/ide/ui/html/GlobalStyleSheetHolderKt
instanceKlass javax/swing/JComponent$2
instanceKlass javax/swing/JComponent$1
instanceKlass sun/swing/SwingAccessor$JComponentAccessor
instanceKlass com/intellij/ide/plugins/PluginsSourceContext$Product
instanceKlass java/awt/Container$1
instanceKlass sun/awt/AWTAccessor$ContainerAccessor
instanceKlass java/awt/LightweightDispatcher
instanceKlass java/awt/LayoutManager
instanceKlass javax/swing/UIManager$1
instanceKlass sun/awt/PaintEventDispatcher
instanceKlass javax/swing/RepaintManager$1
instanceKlass sun/swing/SwingAccessor$RepaintManagerAccessor
instanceKlass javax/swing/RepaintManager$DisplayChangedHandler
instanceKlass javax/swing/RepaintManager
instanceKlass sun/swing/DefaultLookup
instanceKlass javax/swing/UIManager$LAFState
instanceKlass javax/swing/UIManager$LookAndFeelInfo
instanceKlass javax/swing/UIManager
instanceKlass kotlin/collections/ReversedList$listIterator$1
instanceKlass com/intellij/platform/ide/bootstrap/UiThreadPriority$1
instanceKlass  @bci com/intellij/concurrency/ThreadContext installThreadContext (Lkotlin/coroutines/CoroutineContext;Z)Lcom/intellij/openapi/application/AccessToken; 17 <appendix> member <vmtarget> ; # com/intellij/concurrency/ThreadContext$$Lambda+0x000000001143cb60
instanceKlass  @bci com/intellij/concurrency/ThreadContext applyThreadContextElements (Lkotlin/coroutines/CoroutineContext;)Lcom/intellij/openapi/application/AccessToken; 17 <appendix> member <vmtarget> ; # com/intellij/concurrency/ThreadContext$$Lambda+0x000000001143c688
instanceKlass  @bci com/intellij/concurrency/ThreadContext resetThreadContext ()Lcom/intellij/openapi/application/AccessToken; 3 <appendix> argL0 ; # com/intellij/concurrency/ThreadContext$$Lambda+0x0000000011437c00
instanceKlass  @bci com/intellij/util/concurrency/ContextRunnable run ()V 1 <appendix> member <vmtarget> ; # com/intellij/util/concurrency/ContextRunnable$$Lambda+0x0000000011437998
instanceKlass java/awt/AWTEventMulticaster
instanceKlass java/awt/event/MouseWheelListener
instanceKlass java/awt/event/HierarchyBoundsListener
instanceKlass java/awt/event/HierarchyListener
instanceKlass java/awt/event/InputMethodListener
instanceKlass java/awt/event/TextListener
instanceKlass java/awt/event/AdjustmentListener
instanceKlass java/awt/event/ItemListener
instanceKlass java/awt/event/WindowStateListener
instanceKlass java/awt/event/WindowFocusListener
instanceKlass java/awt/event/WindowListener
instanceKlass java/awt/event/MouseMotionListener
instanceKlass java/awt/event/MouseListener
instanceKlass java/awt/event/KeyListener
instanceKlass java/awt/event/FocusListener
instanceKlass java/awt/event/ContainerListener
instanceKlass java/awt/event/ComponentListener
instanceKlass java/awt/Toolkit$SelectiveAWTEventListener
instanceKlass com/intellij/openapi/wm/WeakFocusStackManager$1
instanceKlass java/awt/event/AWTEventListener
instanceKlass com/intellij/openapi/wm/WeakFocusStackManager
instanceKlass java/awt/datatransfer/SystemFlavorMap$SoftCache
instanceKlass  @bci java/awt/datatransfer/SystemFlavorMap getDefaultFlavorMap ()Ljava/awt/datatransfer/FlavorMap; 3 <appendix> argL0 ; # java/awt/datatransfer/SystemFlavorMap$$Lambda+0x00000000113be928
instanceKlass java/awt/datatransfer/DataFlavor
instanceKlass sun/awt/datatransfer/DesktopDatatransferServiceImpl
instanceKlass sun/datatransfer/DataFlavorUtil$DefaultDesktopDatatransferService
instanceKlass sun/datatransfer/DesktopDatatransferService
instanceKlass sun/datatransfer/DataFlavorUtil
instanceKlass java/awt/datatransfer/SystemFlavorMap
instanceKlass java/awt/datatransfer/FlavorTable
instanceKlass java/awt/datatransfer/FlavorMap
instanceKlass java/awt/Cursor$CursorDisposer
instanceKlass  @bci com/jetbrains/internal/jbrapi/Proxy$Info$StaticMethod hashCode ()I 1 <appendix> form vmentry <vmtarget> ; # java/lang/invoke/LambdaForm$MH+0x0000000011439400
# instanceKlass java/lang/invoke/LambdaForm$MH+0x0000000011439000
# instanceKlass java/lang/invoke/LambdaForm$MH+0x0000000011438c00
instanceKlass  @bci com/jetbrains/internal/jbrapi/Proxy$Info$StaticMethod hashCode ()I 1 <appendix> argL1 form vmentry <vmtarget> ; # java/lang/invoke/LambdaForm$MH+0x0000000011438800
instanceKlass  @bci com/jetbrains/internal/jbrapi/Proxy$Info$StaticMethod hashCode ()I 1 <appendix> argL2 argL2 form vmentry <vmtarget> ; # java/lang/invoke/LambdaForm$MH+0x0000000011438400
instanceKlass  @bci java/lang/runtime/ObjectMethods bootstrap (Ljava/lang/invoke/MethodHandles$Lookup;Ljava/lang/String;Ljava/lang/invoke/TypeDescriptor;Ljava/lang/Class;Ljava/lang/String;[Ljava/lang/invoke/MethodHandle;)Ljava/lang/Object; 37 <appendix> argL0 ; # java/lang/runtime/ObjectMethods$$Lambda+0x00000000113bd010
instanceKlass java/lang/invoke/DirectMethodHandle$1
instanceKlass java/lang/invoke/MethodHandleImpl$2
instanceKlass  @bci sun/font/SunFontManager addPathToFiles (Ljava/io/FilenameFilter;Ljava/lang/String;)[Ljava/lang/String; 37 <appendix> argL0 ; # sun/font/SunFontManager$$Lambda+0x00000000113bc8d0
instanceKlass  @bci sun/font/SunFontManager addPathToFiles (Ljava/io/FilenameFilter;Ljava/lang/String;)[Ljava/lang/String; 27 <appendix> member <vmtarget> ; # sun/font/SunFontManager$$Lambda+0x00000000113bc228
instanceKlass java/lang/runtime/ObjectMethods
instanceKlass sun/java2d/loops/GraphicsPrimitiveMgr$PrimitiveSpec
instanceKlass sun/java2d/loops/GraphicsPrimitiveMgr$2
instanceKlass sun/java2d/loops/GraphicsPrimitiveMgr$1
instanceKlass sun/java2d/loops/GeneralRenderer
instanceKlass sun/java2d/loops/CustomComponent
instanceKlass sun/java2d/pipe/ValidatePipe
instanceKlass java/awt/BasicStroke
instanceKlass java/awt/Stroke
instanceKlass sun/java2d/loops/GraphicsPrimitiveMgr$GeneralPrimitives
instanceKlass  @bci com/intellij/util/lang/ByteBufferCleaner unmapBuffer (Ljava/nio/ByteBuffer;)V 32 <adapter> ; # java/lang/invoke/LambdaForm$MH+0x0000000011438000
instanceKlass java/awt/AlphaComposite
instanceKlass sun/java2d/loops/XORComposite
instanceKlass java/awt/Composite
instanceKlass com/intellij/util/lang/ByteBufferCleaner
instanceKlass sun/awt/ConstrainableGraphics
instanceKlass sun/java2d/loops/GraphicsPrimitiveMgr
instanceKlass sun/java2d/loops/GraphicsPrimitive
instanceKlass sun/java2d/loops/CompositeType
instanceKlass sun/java2d/DefaultDisposerRecord
instanceKlass sun/java2d/loops/RenderLoops
instanceKlass sun/awt/image/BufImgSurfaceData$ICMColorData
instanceKlass java/awt/image/PixelGrabber
instanceKlass java/awt/image/FilteredImageSource
instanceKlass java/awt/image/ImageFilter
instanceKlass com/dynatrace/hash4j/internal/ByteArrayUtil
instanceKlass java/awt/image/SampleModel
instanceKlass com/dynatrace/hash4j/hashing/AbstractKomihash$HashStreamImpl
instanceKlass sun/awt/image/GifFrame
instanceKlass com/dynatrace/hash4j/hashing/AbstractHashStream64
instanceKlass com/intellij/ide/plugins/PluginCpuArchRequirement$Companion
instanceKlass com/dynatrace/hash4j/hashing/AbstractHashStream32
instanceKlass com/dynatrace/hash4j/hashing/AbstractHashStream
instanceKlass sun/awt/image/ImageDecoder
instanceKlass com/intellij/ide/plugins/IdeaPluginOsRequirement$Companion
instanceKlass sun/awt/image/FetcherInfo
instanceKlass sun/awt/image/ImageConsumerQueue
instanceKlass com/dynatrace/hash4j/internal/UnsignedMultiplyUtil
instanceKlass com/dynatrace/hash4j/hashing/HashStream64
instanceKlass com/dynatrace/hash4j/hashing/HashStream32
instanceKlass sun/awt/image/ImageWatched$Link
instanceKlass sun/awt/image/ImageWatched
instanceKlass java/awt/image/ImageConsumer
instanceKlass com/dynatrace/hash4j/hashing/ByteAccess
instanceKlass com/dynatrace/hash4j/hashing/HashStream
instanceKlass java/awt/image/MultiResolutionImage
instanceKlass com/dynatrace/hash4j/hashing/HashSink
instanceKlass java/awt/MediaEntry
instanceKlass java/awt/MediaTracker
instanceKlass java/awt/ComponentOrientation
instanceKlass com/intellij/ide/plugins/PluginXmlPathResolver$ResolvedFromJar
instanceKlass com/dynatrace/hash4j/hashing/AbstractKomihash
instanceKlass com/dynatrace/hash4j/hashing/AbstractHasher64
instanceKlass com/dynatrace/hash4j/hashing/Hasher64
instanceKlass com/dynatrace/hash4j/hashing/AbstractHasher32
instanceKlass com/dynatrace/hash4j/hashing/Hasher32
instanceKlass sun/awt/image/NativeLibLoader
instanceKlass com/dynatrace/hash4j/hashing/Hasher
instanceKlass sun/awt/image/InputStreamImageSource
instanceKlass sun/awt/image/ImageFetchable
instanceKlass java/awt/image/ImageProducer
instanceKlass com/dynatrace/hash4j/hashing/Hashing
instanceKlass java/awt/Cursor$1
instanceKlass sun/awt/AWTAccessor$CursorAccessor
instanceKlass java/awt/Cursor
instanceKlass java/awt/dnd/DragSource
instanceKlass javax/swing/plaf/metal/OceanTheme$6
instanceKlass javax/swing/plaf/metal/OceanTheme$5
instanceKlass javax/swing/plaf/metal/OceanTheme$4
instanceKlass javax/swing/plaf/metal/OceanTheme$3
instanceKlass javax/swing/plaf/metal/OceanTheme$2
instanceKlass javax/swing/plaf/metal/OceanTheme$1
instanceKlass  @bci javax/swing/plaf/metal/OceanTheme addCustomEntriesToTable (Ljavax/swing/UIDefaults;)V 1 <appendix> member <vmtarget> ; # javax/swing/plaf/metal/OceanTheme$$Lambda+0x00000000113a7ec0
instanceKlass com/intellij/ide/ui/laf/LafManagerImplKt
instanceKlass sun/font/SunFontManager$FamilyDescription
instanceKlass sun/font/FontFamily$FontAndStyle
instanceKlass sun/font/FontFamily
instanceKlass sun/font/CompositeFontDescriptor
instanceKlass java/lang/Short$ShortCache
instanceKlass  @bci com/intellij/platform/ide/bootstrap/StartupUtil logEssentialInfoAboutIde (Lcom/intellij/openapi/diagnostic/Logger;Lcom/intellij/openapi/application/ApplicationInfo;Ljava/util/List;)V 437 <adapter> ; # java/lang/invoke/LambdaForm$MH+0x0000000011429000
instanceKlass  @bci com/intellij/platform/ide/bootstrap/StartupUtil logEssentialInfoAboutIde (Lcom/intellij/openapi/diagnostic/Logger;Lcom/intellij/openapi/application/ApplicationInfo;Ljava/util/List;)V 437 <appendix> form vmentry <vmtarget> ; # java/lang/invoke/LambdaForm$MH+0x0000000011428c00
instanceKlass  @bci com/intellij/platform/ide/bootstrap/StartupUtil logEssentialInfoAboutIde (Lcom/intellij/openapi/diagnostic/Logger;Lcom/intellij/openapi/application/ApplicationInfo;Ljava/util/List;)V 406 <appendix> form vmentry <vmtarget> ; # java/lang/invoke/LambdaForm$MH+0x0000000011428400
instanceKlass sun/awt/FontDescriptor
instanceKlass sun/awt/FontConfiguration
instanceKlass sun/font/SunFontManager$FontRegistrationInfo
instanceKlass  @bci java/util/stream/Collectors toList ()Ljava/util/stream/Collector; 14 <appendix> argL0 ; # java/util/stream/Collectors$$Lambda+0x00000000113a4cd0
instanceKlass  @bci java/util/stream/Collectors toList ()Ljava/util/stream/Collector; 9 <appendix> argL0 ; # java/util/stream/Collectors$$Lambda+0x00000000113a4a60
instanceKlass  @bci java/util/stream/Collectors toList ()Ljava/util/stream/Collector; 4 <appendix> argL0 ; # java/util/stream/Collectors$$Lambda+0x00000000113a4800
instanceKlass  @bci sun/management/spi/PlatformMBeanProvider$PlatformComponent getMBeans (Ljava/lang/Class;)Ljava/util/List; 63 <appendix> member <vmtarget> ; # sun/management/spi/PlatformMBeanProvider$PlatformComponent$$Lambda+0x00000000113a4578
instanceKlass  @bci sun/management/spi/PlatformMBeanProvider$PlatformComponent getMBeans (Ljava/lang/Class;)Ljava/util/List; 47 <appendix> member <vmtarget> ; # sun/management/spi/PlatformMBeanProvider$PlatformComponent$$Lambda+0x00000000113a42e0
instanceKlass  @bci com/intellij/ide/gdpr/ConsentOptions getConsents (Ljava/util/function/Predicate;)Lkotlin/Pair; 362 <appendix> argL0 ; # com/intellij/ide/gdpr/ConsentOptions$$Lambda+0x0000000011427ad0
instanceKlass sun/management/RuntimeImpl
instanceKlass  @bci java/lang/management/ManagementFactory$PlatformMBeanFinder findSingleton (Ljava/lang/Class;)Lsun/management/spi/PlatformMBeanProvider$PlatformComponent; 30 <appendix> member <vmtarget> ; # java/lang/management/ManagementFactory$PlatformMBeanFinder$$Lambda+0x00000000113a3cb8
instanceKlass com/intellij/diagnostic/ExceptionAutoReportUtil
instanceKlass  @bci java/lang/management/ManagementFactory$PlatformMBeanFinder findSingleton (Ljava/lang/Class;)Lsun/management/spi/PlatformMBeanProvider$PlatformComponent; 19 <appendix> member <vmtarget> ; # java/lang/management/ManagementFactory$PlatformMBeanFinder$$Lambda+0x00000000113a3a20
instanceKlass java/util/HashMap$HashMapSpliterator
instanceKlass jdk/management/jfr/internal/FlightRecorderMXBeanProvider$SingleMBeanComponent
instanceKlass jdk/management/jfr/FlightRecorderMXBean
instanceKlass java/lang/management/DefaultPlatformMBeanProvider$11
instanceKlass java/lang/management/DefaultPlatformMBeanProvider$10
instanceKlass java/lang/management/DefaultPlatformMBeanProvider$9
instanceKlass sun/management/ManagementFactoryHelper$LoggingMXBeanAccess
instanceKlass java/lang/management/DefaultPlatformMBeanProvider$8
instanceKlass  @bci com/intellij/ide/gdpr/ConsentOptions loadDefaultConsents ()Ljava/util/Map; 113 <appendix> member <vmtarget> ; # com/intellij/ide/gdpr/ConsentOptions$$Lambda+0x0000000011426ee8
instanceKlass java/lang/management/DefaultPlatformMBeanProvider$7
instanceKlass java/lang/management/DefaultPlatformMBeanProvider$6
instanceKlass java/lang/management/DefaultPlatformMBeanProvider$5
instanceKlass java/lang/management/DefaultPlatformMBeanProvider$4
instanceKlass java/lang/management/DefaultPlatformMBeanProvider$3
instanceKlass java/lang/management/DefaultPlatformMBeanProvider$2
instanceKlass  @bci com/intellij/ide/gdpr/ConsentOptions loadDefaultConsents ()Ljava/util/Map; 96 <appendix> member <vmtarget> ; # com/intellij/ide/gdpr/ConsentOptions$$Lambda+0x0000000011426c50
instanceKlass java/lang/management/DefaultPlatformMBeanProvider$1
instanceKlass java/util/AbstractList$RandomAccessSpliterator
instanceKlass kotlinx/serialization/json/internal/DescriptorSchemaCache$Key
instanceKlass kotlinx/serialization/json/internal/JsonNamesMapKt
instanceKlass com/sun/management/internal/PlatformMBeanProviderImpl$6
instanceKlass sun/management/VMManagementImpl
instanceKlass sun/management/VMManagement
instanceKlass sun/management/ManagementFactoryHelper
instanceKlass sun/management/NotificationEmitterSupport
instanceKlass javax/management/NotificationEmitter
instanceKlass javax/management/NotificationBroadcaster
instanceKlass kotlinx/serialization/json/internal/StreamingJsonDecoder$WhenMappings
instanceKlass kotlinx/serialization/json/internal/CharMappings
instanceKlass kotlinx/serialization/json/internal/AbstractJsonLexerKt
instanceKlass com/sun/management/DiagnosticCommandMBean
instanceKlass javax/management/DynamicMBean
instanceKlass com/sun/management/internal/PlatformMBeanProviderImpl$5
instanceKlass kotlinx/serialization/json/internal/WriteModeKt
instanceKlass kotlinx/serialization/internal/AbstractPolymorphicSerializer
instanceKlass kotlinx/serialization/encoding/CompositeDecoder$Companion
instanceKlass com/intellij/openapi/components/ComponentConfig
instanceKlass kotlinx/serialization/encoding/AbstractDecoder
instanceKlass kotlinx/serialization/encoding/ChunkedDecoder
instanceKlass kotlinx/serialization/json/JsonDecoder
instanceKlass kotlinx/serialization/encoding/CompositeDecoder
instanceKlass com/sun/management/internal/PlatformMBeanProviderImpl$4
instanceKlass jdk/management/VirtualThreadSchedulerMXBean
instanceKlass com/sun/management/internal/PlatformMBeanProviderImpl$3
instanceKlass com/sun/management/internal/PlatformMBeanProviderImpl$2
instanceKlass com/sun/management/internal/PlatformMBeanProviderImpl$1
instanceKlass sun/management/spi/PlatformMBeanProvider$PlatformComponent
instanceKlass kotlinx/serialization/encoding/Decoder
instanceKlass com/intellij/ide/gdpr/EndUserAgreement$Document
instanceKlass kotlinx/serialization/json/internal/JsonPath
instanceKlass com/intellij/openapi/util/io/FileUtil$2
instanceKlass gnu/trove/TObjectCanonicalHashingStrategy
instanceKlass gnu/trove/TObjectHashingStrategy
instanceKlass gnu/trove/Equality
instanceKlass sun/management/spi/PlatformMBeanProvider
instanceKlass kotlinx/serialization/json/internal/AbstractJsonLexer
instanceKlass java/lang/management/ManagementFactory$PlatformMBeanFinder
instanceKlass java/lang/management/RuntimeMXBean
instanceKlass java/lang/management/PlatformManagedObject
instanceKlass com/intellij/ide/plugins/UnsuitableProductModeModuleUnavailabilityReason
instanceKlass com/intellij/ide/plugins/EnvironmentDependentModuleUnavailabilityReason
instanceKlass com/intellij/ide/plugins/PluginInitializationContext$EnvironmentConfiguredModuleData
instanceKlass kotlinx/serialization/json/internal/StringJsonLexerKt
instanceKlass kotlinx/serialization/internal/ListLikeDescriptor
instanceKlass com/intellij/openapi/util/io/FileUtil$1
instanceKlass com/intellij/platform/pluginSystem/parser/impl/elements/ComponentElement
instanceKlass com/intellij/ide/gdpr/ConsentAttributes$$serializer
instanceKlass com/intellij/openapi/util/io/FileUtilRt$SymlinkResolver
instanceKlass com/intellij/openapi/util/io/FileUtil
instanceKlass kotlinx/serialization/internal/AbstractCollectionSerializer
# instanceKlass com/intellij/ide/plugins/ContentModuleDescriptor$$Lambda+0x000000001141fa80
instanceKlass java/lang/management/ManagementFactory
instanceKlass com/intellij/ide/plugins/PluginsSourceContext$Custom
instanceKlass com/intellij/ide/plugins/PluginsSourceContext
instanceKlass  @bci com/intellij/ide/plugins/DependsSubDescriptor <init> (Lcom/intellij/ide/plugins/IdeaPluginDescriptorImpl;Lcom/intellij/platform/pluginSystem/parser/impl/RawPluginDescriptor;Ljava/lang/String;)V 108 <appendix> member <vmtarget> ; # com/intellij/ide/plugins/DependsSubDescriptor$$Lambda+0x000000001141eed0
instanceKlass com/intellij/ide/plugins/DependsSubDescriptor$Companion
# instanceKlass com/intellij/ide/plugins/ContentModuleDescriptor$$Lambda+0x000000001141e4f0
instanceKlass kotlin/io/LinesSequence$iterator$1
instanceKlass kotlin/sequences/ConstrainedOnceSequence
instanceKlass  @bci com/intellij/ide/gdpr/ConsentAttributes jsonConfig_delegate$lambda$0 ()Lkotlinx/serialization/json/Json; 1 <appendix> argL0 ; # com/intellij/ide/gdpr/ConsentAttributes$$Lambda+0x000000001141bc80
instanceKlass kotlin/io/LinesSequence
instanceKlass com/intellij/openapi/util/io/FileUtilRt$RepeatableIOOperation
instanceKlass  @bci kotlin/io/TextStreamsKt readLines (Ljava/io/Reader;)Ljava/util/List; 16 <appendix> member <vmtarget> ; # kotlin/io/TextStreamsKt$$Lambda+0x000000001141b208
instanceKlass  @bci com/intellij/ide/gdpr/ConsentAttributes <clinit> ()V 11 <appendix> argL0 ; # com/intellij/ide/gdpr/ConsentAttributes$$Lambda+0x000000001141afa8
instanceKlass com/intellij/ui/svg/IconValue
instanceKlass com/intellij/openapi/util/io/FileUtilRt
instanceKlass com/intellij/ide/gdpr/ConsentAttributes$Companion
instanceKlass com/intellij/ide/gdpr/ConsentAttributes
instanceKlass  @bci com/intellij/platform/ide/bootstrap/StartupUtil logEssentialInfoAboutIde (Lcom/intellij/openapi/diagnostic/Logger;Lcom/intellij/openapi/application/ApplicationInfo;Ljava/util/List;)V 147 <appendix> form vmentry <vmtarget> ; # java/lang/invoke/LambdaForm$MH+0x000000001141c000
instanceKlass kotlin/io/TextStreamsKt
instanceKlass com/intellij/util/PathUtilRt
instanceKlass java/time/LocalTime$1
instanceKlass com/intellij/ide/gdpr/Version
instanceKlass java/time/format/DateTimeFormatterBuilder$2
# instanceKlass com/intellij/ide/plugins/ContentModuleDescriptor$$Lambda+0x0000000011419628
instanceKlass  @bci com/intellij/ide/plugins/ContentModuleDescriptor <init> (Lcom/intellij/ide/plugins/PluginMainDescriptor;Lcom/intellij/platform/pluginSystem/parser/impl/RawPluginDescriptor;Lcom/intellij/ide/plugins/PluginModuleId;Lcom/intellij/ide/plugins/ModuleLoadingRule;Ljava/lang/String;)V 116 <appendix> member <vmtarget> ; # com/intellij/ide/plugins/ContentModuleDescriptor$$Lambda+0x00000000114193c0
instanceKlass java/time/Year
instanceKlass com/intellij/ide/gdpr/EndUserAgreement
instanceKlass java/time/LocalDate$1
instanceKlass org/h2/mvstore/MVMap$BasicBuilder
instanceKlass java/time/ZonedDateTime$1
instanceKlass java/time/temporal/TemporalQueries$7
instanceKlass java/time/temporal/TemporalQueries$6
instanceKlass java/time/temporal/TemporalQueries$5
instanceKlass java/time/temporal/TemporalQueries$4
instanceKlass java/time/temporal/TemporalQueries$3
instanceKlass java/time/temporal/TemporalQueries$2
instanceKlass java/util/LinkedList$Node
instanceKlass java/time/temporal/TemporalQueries$1
instanceKlass  @bci org/h2/mvstore/MVStore openMetaMap ()Lorg/h2/mvstore/MVMap; 12 <appendix> member <vmtarget> ; # org/h2/mvstore/MVStore$$Lambda+0x0000000011418288
instanceKlass java/time/temporal/TemporalQueries
instanceKlass java/util/function/IntSupplier
instanceKlass com/intellij/ide/plugins/ContentModuleDescriptor$Companion
instanceKlass java/time/format/DateTimePrintContext
instanceKlass  @bci java/time/format/DateTimeFormatter <clinit> ()V 1075 <appendix> argL0 ; # java/time/format/DateTimeFormatter$$Lambda+0x0000000011399d90
instanceKlass  @bci java/time/format/DateTimeFormatter <clinit> ()V 1067 <appendix> argL0 ; # java/time/format/DateTimeFormatter$$Lambda+0x0000000011399890
instanceKlass com/fasterxml/aalto/util/XmlChars
instanceKlass com/fasterxml/aalto/in/CharBasedPNameTable$Bucket
instanceKlass java/time/Period
instanceKlass java/time/chrono/ChronoPeriod
instanceKlass java/time/format/DateTimeFormatterBuilder$TextPrinterParser
instanceKlass com/intellij/openapi/vfs/CharsetToolkit
instanceKlass com/intellij/l10n/LocalizationStateService
instanceKlass com/intellij/l10n/LocalizationUtil
instanceKlass  @bci com/intellij/ide/gdpr/ConsentOptions condUsageStatsConsent ()Ljava/util/function/Predicate; 0 <appendix> argL0 ; # com/intellij/ide/gdpr/ConsentOptions$$Lambda+0x0000000011416158
instanceKlass java/time/format/DateTimeTextProvider$1
instanceKlass java/time/format/DateTimeTextProvider
instanceKlass com/intellij/ide/gdpr/ConsentBase
instanceKlass java/time/format/DateTimeTextProvider$LocaleStore
instanceKlass  @bci com/intellij/ide/gdpr/ConsentOptions <init> (Lcom/intellij/ide/gdpr/ConsentOptions$IOBackend;)V 28 <appendix> argL0 ; # com/intellij/ide/gdpr/ConsentOptions$$Lambda+0x0000000011415a28
instanceKlass java/util/function/BooleanSupplier
instanceKlass java/time/format/DateTimeFormatterBuilder$InstantPrinterParser
instanceKlass java/time/format/DateTimeFormatterBuilder$StringLiteralPrinterParser
instanceKlass java/time/format/DateTimeFormatterBuilder$ZoneIdPrinterParser
instanceKlass com/intellij/ide/gdpr/ConsentOptions$IOBackendImpl
instanceKlass java/time/format/DateTimeFormatterBuilder$OffsetIdPrinterParser
instanceKlass com/intellij/ide/gdpr/ConsentOptions$IOBackend
instanceKlass com/intellij/ide/gdpr/ConsentOptions$InstanceHolder
instanceKlass java/time/format/DecimalStyle
instanceKlass java/time/format/DateTimeFormatterBuilder$CompositePrinterParser
instanceKlass com/intellij/ide/gdpr/ConsentOptions
instanceKlass com/intellij/openapi/util/ModificationTracker
instanceKlass java/time/chrono/AbstractChronology
instanceKlass java/time/chrono/Chronology
instanceKlass java/time/format/DateTimeFormatterBuilder$CharLiteralPrinterParser
instanceKlass java/time/format/DateTimeFormatterBuilder$NumberPrinterParser
instanceKlass java/time/format/DateTimeFormatterBuilder$DateTimePrinterParser
instanceKlass java/time/temporal/JulianFields
instanceKlass kotlin/text/Charsets
instanceKlass kotlin/collections/builders/SetBuilder$Companion
instanceKlass com/intellij/platform/ide/bootstrap/EndUserAgreementStatus$RemoteDev
instanceKlass com/intellij/platform/ide/bootstrap/EndUserAgreementStatus$Required
instanceKlass java/time/temporal/IsoFields
instanceKlass  @bci java/time/format/DateTimeFormatterBuilder <clinit> ()V 0 <appendix> argL0 ; # java/time/format/DateTimeFormatterBuilder$$Lambda+0x0000000011392748
instanceKlass java/time/temporal/TemporalQuery
instanceKlass java/time/format/DateTimeFormatterBuilder
instanceKlass com/intellij/ide/plugins/KotlinK2ModeCompatibilityCheckerKt
instanceKlass java/time/format/DateTimeFormatter
instanceKlass com/sun/jna/Native$2
instanceKlass com/intellij/ide/plugins/DiscoveredPluginsList
instanceKlass com/sun/jna/Structure$FFIType$FFITypes
instanceKlass com/sun/jna/Native$ffi_callback
instanceKlass com/sun/jna/JNIEnv
instanceKlass com/sun/jna/PointerType
instanceKlass org/h2/util/StringUtils
instanceKlass com/sun/jna/NativeMapped
instanceKlass com/sun/jna/WString
instanceKlass org/h2/mvstore/CursorPos
instanceKlass com/sun/jna/win32/DLLCallback
instanceKlass org/h2/mvstore/Cursor
instanceKlass com/sun/jna/CallbackProxy
instanceKlass org/h2/mvstore/FileStore$1
instanceKlass  @bci org/h2/mvstore/FileStore getChunksFromLayoutMap (Lorg/h2/mvstore/MVMap;)Ljava/lang/Iterable; 2 <appendix> member <vmtarget> ; # org/h2/mvstore/FileStore$$Lambda+0x000000001140d9d8
instanceKlass com/sun/jna/Callback
instanceKlass org/h2/util/MemoryEstimator
instanceKlass com/intellij/platform/ide/bootstrap/ApplicationLoader
instanceKlass com/sun/jna/Structure$ByValue
instanceKlass com/intellij/util/containers/UtilKt
instanceKlass  @bci com/intellij/DynamicBundle findBundle (Ljava/lang/String;Ljava/lang/ClassLoader;Ljava/util/ResourceBundle$Control;)Ljava/util/ResourceBundle; 75 <appendix> form vmentry <vmtarget> ; # java/lang/invoke/LambdaForm$DMH+0x000000001140c400
instanceKlass  @bci com/intellij/platform/instanceContainer/internal/InstanceContainerImpl replaceInstance (Ljava/lang/Class;Ljava/lang/Object;)Lcom/intellij/platform/instanceContainer/internal/UnregisterHandle; 72 <appendix> member <vmtarget> ; # com/intellij/platform/instanceContainer/internal/InstanceContainerImpl$$Lambda+0x000000001140f7e0
instanceKlass com/intellij/platform/instanceContainer/internal/UnregistrationResult
instanceKlass com/intellij/platform/instanceContainer/internal/UnregisterHandle
instanceKlass com/intellij/platform/instanceContainer/internal/InitializedInstanceHolder
instanceKlass com/intellij/platform/instanceContainer/internal/InstanceHolder
instanceKlass com/intellij/openapi/extensions/ExtensionDescriptor
instanceKlass com/intellij/openapi/extensions/Extensions
instanceKlass com/sun/jna/FromNativeConverter
instanceKlass kotlin/text/DelimitedRangesSequence$iterator$1
# instanceKlass com/intellij/ide/plugins/PluginMainDescriptor$$Lambda+0x000000001140b840
instanceKlass  @bci com/intellij/openapi/extensions/LoadingOrder <init> (Ljava/lang/String;)V 52 <appendix> argL0 ; # com/intellij/openapi/extensions/LoadingOrder$$Lambda+0x000000001140b5e0
instanceKlass  @bci com/intellij/openapi/application/impl/ApplicationImpl <init> (Lkotlinx/coroutines/CoroutineScope;Z)V 119 <appendix> member <vmtarget> ; # com/intellij/openapi/application/impl/ApplicationImpl$$Lambda+0x000000001140b378
instanceKlass com/intellij/ide/plugins/PluginMainDescriptorKt
instanceKlass com/sun/jna/ToNativeConverter
instanceKlass  @bci com/intellij/openapi/extensions/LoadingOrder <init> (Ljava/lang/String;)V 44 <appendix> argL0 ; # com/intellij/openapi/extensions/LoadingOrder$$Lambda+0x000000001140ac90
# instanceKlass com/intellij/ide/plugins/PluginMainDescriptor$$Lambda+0x000000001140aa28
instanceKlass  @bci com/intellij/ide/plugins/PluginMainDescriptor <init> (Lcom/intellij/platform/pluginSystem/parser/impl/RawPluginDescriptor;Ljava/nio/file/Path;ZZ)V 484 <appendix> member <vmtarget> ; # com/intellij/ide/plugins/PluginMainDescriptor$$Lambda+0x000000001140a7c0
instanceKlass com/intellij/openapi/components/impl/stores/IComponentStore
instanceKlass  @bci kotlin/text/StringsKt__StringsKt splitToSequence (Ljava/lang/CharSequence;[CZI)Lkotlin/sequences/Sequence; 24 <appendix> member <vmtarget> ; # kotlin/text/StringsKt__StringsKt$$Lambda+0x000000001140a318
instanceKlass com/intellij/ide/plugins/ModuleDependencies$Companion
instanceKlass com/intellij/openapi/application/impl/ApplicationImpl$3
instanceKlass com/intellij/ide/plugins/ModuleDependencies
instanceKlass  @bci kotlin/text/StringsKt__StringsKt rangesDelimitedBy$StringsKt__StringsKt (Ljava/lang/CharSequence;[CIZI)Lkotlin/sequences/Sequence; 15 <appendix> member <vmtarget> ; # kotlin/text/StringsKt__StringsKt$$Lambda+0x00000000114099a8
instanceKlass com/intellij/ide/plugins/PluginContentDescriptor$Companion
instanceKlass  @bci com/intellij/openapi/application/impl/ApplicationImpl <init> (Lkotlinx/coroutines/CoroutineScope;Z)V 76 <appendix> argL0 ; # com/intellij/openapi/application/impl/ApplicationImpl$$Lambda+0x00000000114092b0
instanceKlass com/intellij/ide/plugins/PluginContentDescriptor
instanceKlass  @cpi kotlin/text/StringsKt__StringsKt 746 form vmentry <vmtarget> ; # java/lang/invoke/LambdaForm$DMH+0x000000001140c000
instanceKlass com/intellij/ide/plugins/PluginContentDescriptor$ModuleItem
instanceKlass com/intellij/ide/plugins/PluginModuleId$Companion
instanceKlass kotlin/text/DelimitedRangesSequence
instanceKlass com/intellij/openapi/application/impl/ReadActionCacheImpl
instanceKlass com/intellij/openapi/extensions/ExtensionPointDescriptor
instanceKlass com/intellij/psi/util/ReadActionCache
# instanceKlass com/intellij/ide/plugins/PluginMainDescriptor$$Lambda+0x0000000011407c10
instanceKlass  @bci com/intellij/ide/plugins/PluginMainDescriptor <init> (Lcom/intellij/platform/pluginSystem/parser/impl/RawPluginDescriptor;Ljava/nio/file/Path;ZZ)V 363 <appendix> member <vmtarget> ; # com/intellij/ide/plugins/PluginMainDescriptor$$Lambda+0x00000000114079a8
instanceKlass kotlin/collections/EmptySet
instanceKlass  @bci com/intellij/openapi/util/BuildNumber <clinit> ()V 4 <appendix> argL0 ; # com/intellij/openapi/util/BuildNumber$$Lambda+0x0000000011406990
instanceKlass com/intellij/openapi/extensions/LoadingOrder$Companion
instanceKlass com/sun/jna/ToNativeContext
instanceKlass com/intellij/util/messages/ListenerDescriptor
instanceKlass com/intellij/openapi/extensions/LoadingOrder
instanceKlass com/intellij/ide/plugins/ParserElementsConversionKt$WhenMappings
instanceKlass com/intellij/ide/plugins/UntilBuildDeprecation
instanceKlass  @bci com/intellij/openapi/application/CachedSingletonsRegistry lazy (Lkotlin/jvm/functions/Function0;)Ljava/util/function/Supplier; 16 <appendix> member <vmtarget> ; # com/intellij/openapi/application/CachedSingletonsRegistry$$Lambda+0x00000000114056a8
instanceKlass com/intellij/openapi/components/ServiceDescriptor
instanceKlass com/intellij/ide/plugins/ContainerDescriptor
instanceKlass com/intellij/ide/plugins/PluginDependencyImpl
instanceKlass com/intellij/ide/plugins/PluginDependency
instanceKlass com/intellij/ide/plugins/IdeaPluginDependency
instanceKlass com/intellij/ide/plugins/ParserElementsConversionKt
instanceKlass com/intellij/openapi/application/CachedSingletonsRegistry
instanceKlass  @bci com/intellij/openapi/application/TransactionGuard <clinit> ()V 0 <appendix> argL0 ; # com/intellij/openapi/application/TransactionGuard$$Lambda+0x0000000011403f40
instanceKlass  @bci com/intellij/ide/plugins/IdeaPluginDescriptorImplKt <clinit> ()V 24 <appendix> argL0 ; # com/intellij/ide/plugins/IdeaPluginDescriptorImplKt$$Lambda+0x00000000114037a8
instanceKlass com/intellij/platform/pluginSystem/parser/impl/LoadPathUtilKt
instanceKlass com/intellij/openapi/application/TransactionId
instanceKlass com/intellij/ide/plugins/IdeaPluginDescriptorImplKt
instanceKlass com/intellij/openapi/application/TransactionGuard
instanceKlass com/intellij/ide/plugins/IdeaPluginDescriptorImpl
instanceKlass com/intellij/ide/plugins/IdeaPluginDescriptor
instanceKlass com/intellij/platform/pluginSystem/parser/impl/elements/ListenerElement
instanceKlass com/fasterxml/aalto/util/TextAccumulator
instanceKlass com/intellij/platform/pluginSystem/parser/impl/ScopedElementsContainerImpl
instanceKlass com/intellij/platform/pluginSystem/parser/impl/ScopedElementsContainer
instanceKlass com/intellij/platform/pluginSystem/parser/impl/RawPluginDescriptor
instanceKlass com/intellij/platform/pluginSystem/parser/impl/LoadedXIncludeReference
instanceKlass com/intellij/platform/pluginSystem/parser/impl/LoadPathUtil
instanceKlass com/intellij/platform/pluginSystem/parser/impl/elements/ServiceElement
instanceKlass com/intellij/platform/pluginSystem/parser/impl/elements/ActionElement
# instanceKlass com/intellij/platform/pluginSystem/parser/impl/PluginDescriptorBuilderImpl$$Lambda+0x00000000113fe4b0
instanceKlass  @bci com/intellij/platform/pluginSystem/parser/impl/PluginDescriptorBuilderImpl addExtension (Ljava/lang/String;Lcom/intellij/platform/pluginSystem/parser/impl/elements/ExtensionElement;)V 47 <appendix> member <vmtarget> ; # com/intellij/platform/pluginSystem/parser/impl/PluginDescriptorBuilderImpl$$Lambda+0x00000000113fe738
instanceKlass com/intellij/platform/pluginSystem/parser/impl/XmlReader$WhenMappings
# instanceKlass com/intellij/platform/pluginSystem/parser/impl/PluginDescriptorBuilderImpl$$Lambda+0x00000000113fe008
instanceKlass  @bci com/intellij/platform/pluginSystem/parser/impl/PluginDescriptorBuilderImpl addExtension (Ljava/lang/String;Lcom/intellij/platform/pluginSystem/parser/impl/elements/ExtensionElement;)V 42 <appendix> argL0 ; # com/intellij/platform/pluginSystem/parser/impl/PluginDescriptorBuilderImpl$$Lambda+0x00000000113fdda8
instanceKlass com/sun/jna/Structure
instanceKlass com/intellij/platform/pluginSystem/parser/impl/elements/ContentModuleElement
instanceKlass com/intellij/platform/pluginSystem/parser/impl/elements/ExtensionElement
instanceKlass com/intellij/openapi/application/impl/ApplicationImpl$2
instanceKlass com/intellij/platform/pluginSystem/parser/impl/elements/DependenciesElement
instanceKlass com/intellij/platform/pluginSystem/parser/impl/ContentModuleAttributes
instanceKlass it/unimi/dsi/fastutil/objects/ReferenceOpenHashSet$SetIterator
instanceKlass it/unimi/dsi/fastutil/Arrays
instanceKlass it/unimi/dsi/fastutil/objects/ObjectArrays$ArrayHashStrategy
instanceKlass com/intellij/openapi/application/impl/ApplicationImpl$1
instanceKlass it/unimi/dsi/fastutil/objects/ObjectArrays
instanceKlass  @bci it/unimi/dsi/fastutil/objects/ReferenceOpenHashSet <clinit> ()V 10 <appendix> argL0 ; # it/unimi/dsi/fastutil/objects/ReferenceOpenHashSet$$Lambda+0x00000000113fab40
instanceKlass  @bci it/unimi/dsi/fastutil/objects/ReferenceOpenHashSet <clinit> ()V 5 <appendix> argL0 ; # it/unimi/dsi/fastutil/objects/ReferenceOpenHashSet$$Lambda+0x00000000113fa8d0
instanceKlass  @bci it/unimi/dsi/fastutil/objects/ReferenceOpenHashSet <clinit> ()V 0 <appendix> argL0 ; # it/unimi/dsi/fastutil/objects/ReferenceOpenHashSet$$Lambda+0x00000000113fa670
instanceKlass com/intellij/ide/plugins/PluginDescriptorLoadingContextKt
instanceKlass  @bci it/unimi/dsi/fastutil/objects/ObjectOpenHashSet <clinit> ()V 10 <appendix> argL0 ; # it/unimi/dsi/fastutil/objects/ObjectOpenHashSet$$Lambda+0x00000000113f9198
instanceKlass  @bci it/unimi/dsi/fastutil/objects/ObjectOpenHashSet <clinit> ()V 5 <appendix> argL0 ; # it/unimi/dsi/fastutil/objects/ObjectOpenHashSet$$Lambda+0x00000000113f8f28
instanceKlass  @bci it/unimi/dsi/fastutil/objects/ObjectOpenHashSet <clinit> ()V 0 <appendix> argL0 ; # it/unimi/dsi/fastutil/objects/ObjectOpenHashSet$$Lambda+0x00000000113f8cc8
instanceKlass com/intellij/platform/pluginSystem/parser/impl/elements/ExtensionPointElement
instanceKlass com/intellij/platform/pluginSystem/parser/impl/XmlReader$readContent$1$attrs$1
instanceKlass com/intellij/platform/pluginSystem/parser/impl/elements/DependsElement
instanceKlass com/intellij/platform/pluginSystem/parser/impl/XmlReadUtils
instanceKlass org/codehaus/stax2/ri/typed/ValueDecoderFactory
instanceKlass kotlin/collections/AbstractList$IteratorImpl
instanceKlass com/intellij/platform/pluginSystem/parser/impl/XmlReader
instanceKlass com/intellij/openapi/extensions/impl/ExtensionsAreaImpl
instanceKlass com/intellij/platform/pluginSystem/parser/impl/PluginXmlStreamConsumerKt
instanceKlass com/intellij/platform/pluginSystem/parser/impl/ScopedElementsContainerBuilderMemoryOptimized
instanceKlass com/intellij/openapi/extensions/ExtensionsArea
instanceKlass com/intellij/platform/pluginSystem/parser/impl/ScopedElementsContainerBuilder
instanceKlass com/sun/jna/Pointer
instanceKlass jdk/internal/loader/NativeLibraries$Unloader
instanceKlass com/intellij/platform/pluginSystem/parser/impl/PluginDescriptorBuilderImpl
instanceKlass com/intellij/platform/pluginSystem/parser/impl/PluginDescriptorBuilder
instanceKlass com/intellij/serviceContainer/ComponentManagerResolver
instanceKlass com/intellij/platform/instanceContainer/instantiation/DependencyResolver
instanceKlass com/intellij/serviceContainer/PluginServicesStore
instanceKlass com/intellij/ide/plugins/PluginDescriptorLoader$loadCoreProductPlugin$dataLoader$1
instanceKlass kotlinx/collections/immutable/internal/EndOfChain
instanceKlass com/intellij/ide/plugins/PathResolverKt$createXIncludeLoader$1
instanceKlass com/intellij/ide/plugins/PathResolverKt
instanceKlass kotlinx/collections/immutable/implementations/persistentOrderedMap/PersistentOrderedMap$Companion
instanceKlass com/intellij/platform/pluginSystem/parser/impl/PluginDescriptorFromXmlStreamConsumer$Companion
instanceKlass com/intellij/platform/pluginSystem/parser/impl/PluginDescriptorFromXmlStreamConsumer
instanceKlass com/intellij/platform/pluginSystem/parser/impl/PluginXmlStreamConsumer
instanceKlass java/util/concurrent/locks/StampedLock$Node
# instanceKlass com/intellij/platform/util/PluginKt$$Lambda+0x00000000113f1be8
instanceKlass com/intellij/util/NotNullizer
instanceKlass  @bci com/intellij/platform/util/PluginKt putMoreLikelyPluginJarsFirst (Ljava/lang/String;Ljava/util/List;)V 14 <appendix> member <vmtarget> ; # com/intellij/platform/util/PluginKt$$Lambda+0x00000000113f16b8
instanceKlass com/intellij/platform/util/PluginKt
instanceKlass java/text/FieldPosition
instanceKlass com/intellij/platform/instanceContainer/internal/InstanceContainerState$Companion
instanceKlass java/text/StringBufFactory$StringBuilderImpl
instanceKlass java/text/Format$StringBuf
instanceKlass com/intellij/platform/instanceContainer/internal/InstanceContainerState
instanceKlass com/intellij/ide/plugins/ImmutableZipFileDataLoader
instanceKlass java/text/StringBufFactory
instanceKlass com/intellij/ide/plugins/DataLoader
instanceKlass java/text/Format
instanceKlass com/intellij/serviceContainer/LightServiceInstanceSupport
instanceKlass com/intellij/platform/instanceContainer/internal/DynamicInstanceSupport
instanceKlass com/intellij/platform/instanceContainer/internal/InstanceContainerImpl$Companion
# instanceKlass com/intellij/platform/ide/bootstrap/ZipFilePoolImpl$$Lambda+0x00000000113ecd28
instanceKlass  @bci com/intellij/platform/ide/bootstrap/ZipFilePoolImpl load (Ljava/nio/file/Path;)Lcom/intellij/util/lang/ZipFilePool$EntryResolver; 59 <appendix> member <vmtarget> ; # com/intellij/platform/ide/bootstrap/ZipFilePoolImpl$$Lambda+0x00000000113ec800
# instanceKlass com/intellij/platform/ide/bootstrap/ZipFilePoolImpl$$Lambda+0x00000000113eda48
instanceKlass  @bci com/intellij/platform/ide/bootstrap/ZipFilePoolImpl load (Ljava/nio/file/Path;)Lcom/intellij/util/lang/ZipFilePool$EntryResolver; 54 <appendix> member <vmtarget> ; # com/intellij/platform/ide/bootstrap/ZipFilePoolImpl$$Lambda+0x00000000113ed7e0
instanceKlass com/intellij/platform/instanceContainer/internal/InstanceContainerImpl
instanceKlass com/intellij/platform/ide/bootstrap/MyEntryResolver
instanceKlass com/intellij/util/lang/ZipFilePool$EntryResolver
instanceKlass com/intellij/util/lang/ZipEntryResolverPool$EntryResolver
instanceKlass com/intellij/platform/instanceContainer/internal/MutableInstanceContainer
instanceKlass  @bci org/h2/mvstore/RandomAccessStore readStoreHeader (Z)V 263 <appendix> argL0 ; # org/h2/mvstore/RandomAccessStore$$Lambda+0x00000000113efcc0
instanceKlass com/intellij/platform/instanceContainer/internal/InstanceContainerInternal
instanceKlass com/intellij/platform/instanceContainer/InstanceContainer
instanceKlass kotlin/io/CloseableKt
instanceKlass com/intellij/ide/plugins/PluginXmlPathResolver$Companion
instanceKlass com/intellij/ide/plugins/PluginXmlPathResolver
instanceKlass kotlinx/coroutines/AwaitAll$DisposeHandlersOnCancel
instanceKlass com/intellij/platform/instanceContainer/internal/ScopeHolder
instanceKlass kotlinx/coroutines/AwaitAll
instanceKlass kotlinx/coroutines/AwaitKt
instanceKlass org/h2/mvstore/RootReference
instanceKlass  @bci com/intellij/serviceContainer/ComponentManagerImpl debugString (Z)Ljava/lang/String; 25 <appendix> form vmentry <vmtarget> ; # java/lang/invoke/LambdaForm$MH+0x00000000113ec400
instanceKlass org/h2/mvstore/Page$PageReference
instanceKlass com/sun/jna/Native$5
instanceKlass org/h2/mvstore/Page
instanceKlass  @bci com/intellij/ide/plugins/DeprecatedPluginDescriptorLoaderKt deprecatedLoadCoreModules (Lkotlinx/coroutines/CoroutineScope;Lcom/intellij/ide/plugins/PluginDescriptorLoadingContext;Ljava/lang/String;ZZZLcom/intellij/util/lang/ZipEntryResolverPool;Ljava/lang/ClassLoader;Lkotlin/jvm/functions/Function2;)Lkotlinx/coroutines/Deferred; 21 <appendix> argL0 ; # com/intellij/ide/plugins/DeprecatedPluginDescriptorLoaderKt$$Lambda+0x00000000113e9020
instanceKlass com/intellij/codeWithMe/ClientIdContextElementPrecursor
instanceKlass org/h2/mvstore/type/BasicDataType
instanceKlass com/intellij/codeWithMe/ClientIdContextElement$Key
instanceKlass com/intellij/codeWithMe/ClientIdContextElement
instanceKlass com/intellij/ide/plugins/ClassPathXmlPathResolver
instanceKlass com/intellij/platform/pluginSystem/parser/impl/XIncludeLoader
instanceKlass com/intellij/ide/plugins/PathResolver
instanceKlass com/intellij/serviceContainer/ComponentManagerElementKey
instanceKlass com/intellij/concurrency/InternalCoroutineContextKey
instanceKlass com/intellij/serviceContainer/ContextKt
instanceKlass org/h2/mvstore/MVMap$DecisionMaker
instanceKlass com/sun/jna/Platform
instanceKlass com/intellij/util/keyFMap/DebugFMap
instanceKlass com/intellij/ide/plugins/DeprecatedPluginDescriptorLoaderKt
instanceKlass com/sun/jna/Native$1
instanceKlass com/intellij/util/keyFMap/EmptyFMap
instanceKlass  @bci com/intellij/openapi/application/impl/ApplicationImpl <clinit> ()V 8 <appendix> argL0 ; # com/intellij/openapi/application/impl/ApplicationImpl$$Lambda+0x00000000113e2000
instanceKlass com/intellij/platform/locking/impl/listeners/LegacyProgressIndicatorProvider$LegacyProgressIndicator
instanceKlass  @bci com/intellij/ide/plugins/PluginDescriptorLoader loadPluginDescriptorsForPathBasedLoader (Lkotlinx/coroutines/CoroutineScope;Lcom/intellij/ide/plugins/PluginDescriptorLoadingContext;ZZZLjava/lang/ClassLoader;Lcom/intellij/util/lang/ZipEntryResolverPool;Ljava/nio/file/Path;Ljava/nio/file/Path;)Lkotlinx/coroutines/Deferred; 49 <appendix> argL0 ; # com/intellij/ide/plugins/PluginDescriptorLoader$$Lambda+0x00000000113e7580
instanceKlass com/intellij/platform/locking/impl/listeners/LegacyProgressIndicatorProvider
instanceKlass sun/nio/ch/FileKey
instanceKlass com/sun/jna/FromNativeContext
instanceKlass sun/nio/ch/FileLockTable
instanceKlass  @bci com/intellij/openapi/application/impl/ApplicationImpl <clinit> ()V 0 <appendix> argL0 ; # com/intellij/openapi/application/impl/ApplicationImpl$$Lambda+0x00000000113e6e88
instanceKlass com/intellij/ide/plugins/PluginModuleId
instanceKlass java/nio/channels/FileLock
instanceKlass com/intellij/platform/locking/impl/listeners/ErrorHandler
instanceKlass org/h2/util/MathUtils
instanceKlass com/intellij/ide/plugins/ProductLoadingStrategy$Companion
instanceKlass com/intellij/openapi/extensions/DefaultPluginDescriptor
instanceKlass org/h2/engine/SysProperties
instanceKlass com/intellij/ide/plugins/ProductLoadingStrategy
instanceKlass java/lang/reflect/InvocationHandler
instanceKlass org/h2/util/IOUtils
instanceKlass com/intellij/serviceContainer/ComponentManagerImpl$Companion
instanceKlass com/intellij/util/keyFMap/KeyFMap
instanceKlass com/sun/jna/Callback$UncaughtExceptionHandler
instanceKlass com/intellij/openapi/progress/ProgressIndicator
instanceKlass com/intellij/ide/plugins/PluginDescriptorLoadingContext$ReaderContext
instanceKlass com/intellij/platform/pluginSystem/parser/impl/PluginDescriptorReaderContext
instanceKlass org/h2/store/fs/FileUtils
instanceKlass com/sun/jna/Native
instanceKlass com/intellij/openapi/progress/Task
instanceKlass com/intellij/openapi/progress/Progressive
instanceKlass  @bci com/intellij/ide/plugins/PluginDescriptorLoadingContext <init> (Lkotlin/jvm/functions/Function0;ZZZ)V 27 <appendix> member <vmtarget> ; # com/intellij/ide/plugins/PluginDescriptorLoadingContext$$Lambda+0x00000000113dee88
instanceKlass  @bci com/intellij/platform/ide/bootstrap/ConfigKt$importConfigIfNeeded$2 invokeSuspend (Ljava/lang/Object;)Ljava/lang/Object; 81 <adapter> ; # java/lang/invoke/LambdaForm$MH+0x00000000113e0c00
instanceKlass com/sun/jna/Version
instanceKlass com/intellij/ide/plugins/MyXmlInterner
instanceKlass com/intellij/openapi/progress/TaskInfo
instanceKlass  @bci com/intellij/platform/ide/bootstrap/ConfigKt$importConfigIfNeeded$2 invokeSuspend (Ljava/lang/Object;)Ljava/lang/Object; 81 <appendix> form vmentry <vmtarget> ; # java/lang/invoke/LambdaForm$MH+0x00000000113e0800
instanceKlass  @bci com/intellij/ide/plugins/PluginDescriptorLoadingContext <init> (Lkotlin/jvm/functions/Function0;ZZZILkotlin/jvm/internal/DefaultConstructorMarker;)V 7 <appendix> argL0 ; # com/intellij/ide/plugins/PluginDescriptorLoadingContext$$Lambda+0x00000000113de0c8
instanceKlass  @bci com/intellij/platform/ide/bootstrap/ConfigKt$importConfigIfNeeded$2 invokeSuspend (Ljava/lang/Object;)Ljava/lang/Object; 81 <appendix> form names 6 function resolvedHandle form vmentry <vmtarget> ; # java/lang/invoke/LambdaForm$DMH+0x00000000113e0400
instanceKlass com/intellij/openapi/util/BuildNumber
instanceKlass sun/nio/fs/WindowsSecurity
instanceKlass com/intellij/openapi/application/ApplicationListener
instanceKlass com/intellij/ide/plugins/PluginDescriptorLoadingContext
instanceKlass sun/nio/fs/AbstractAclFileAttributeView
instanceKlass java/nio/file/attribute/AclFileAttributeView
instanceKlass java/nio/file/attribute/FileOwnerAttributeView
instanceKlass com/intellij/jna/JnaLoader
instanceKlass com/intellij/openapi/ui/DoNotAskOption
instanceKlass com/intellij/openapi/extensions/PluginDescriptor
instanceKlass com/intellij/openapi/application/ReadActionListener
instanceKlass  @bci com/intellij/platform/ide/bootstrap/OutputStreamLogger <init> (Ljava/lang/String;Ljava/io/PrintStream;)V 25 <appendix> argL0 ; # com/intellij/platform/ide/bootstrap/OutputStreamLogger$$Lambda+0x00000000113db528
instanceKlass com/intellij/openapi/application/WriteActionListener
instanceKlass  @bci com/intellij/platform/ide/bootstrap/OutputStreamLogger <clinit> ()V 0 <appendix> argL0 ; # com/intellij/platform/ide/bootstrap/OutputStreamLogger$$Lambda+0x00000000113dac70
instanceKlass  @bci com/intellij/ide/plugins/ProductPluginInitContext <init> (Lcom/intellij/openapi/util/BuildNumber;Ljava/util/Set;Ljava/util/Set;Ljava/util/Map;)V 102 <appendix> member <vmtarget> ; # com/intellij/ide/plugins/ProductPluginInitContext$$Lambda+0x00000000113daa08
instanceKlass  @bci com/intellij/ide/plugins/ProductPluginInitContext <init> (Lcom/intellij/openapi/util/BuildNumber;Ljava/util/Set;Ljava/util/Set;Ljava/util/Map;)V 89 <appendix> argL0 ; # com/intellij/ide/plugins/ProductPluginInitContext$$Lambda+0x00000000113d9f08
instanceKlass org/h2/store/fs/FilePath
instanceKlass com/intellij/ide/plugins/PluginsPerProjectConfig
instanceKlass  @bci com/intellij/ide/plugins/ProductPluginInitContext <init> (Lcom/intellij/openapi/util/BuildNumber;Ljava/util/Set;Ljava/util/Set;Ljava/util/Map;)V 77 <appendix> argL0 ; # com/intellij/ide/plugins/ProductPluginInitContext$$Lambda+0x00000000113d9168
instanceKlass  @bci com/intellij/ide/plugins/ProductPluginInitContext <init> (Lcom/intellij/openapi/util/BuildNumber;Ljava/util/Set;Ljava/util/Set;Ljava/util/Map;)V 65 <appendix> member <vmtarget> ; # com/intellij/ide/plugins/ProductPluginInitContext$$Lambda+0x00000000113d8c60
instanceKlass org/h2/util/Utils
instanceKlass  @bci com/intellij/ide/plugins/ProductPluginInitContext <init> (Lcom/intellij/openapi/util/BuildNumber;Ljava/util/Set;Ljava/util/Set;Ljava/util/Map;)V 52 <appendix> member <vmtarget> ; # com/intellij/ide/plugins/ProductPluginInitContext$$Lambda+0x00000000113d84f0
instanceKlass org/h2/mvstore/FreeSpaceBitSet
instanceKlass org/h2/mvstore/cache/CacheLongKeyLIRS$Entry
instanceKlass  @bci com/intellij/ide/plugins/ProductPluginInitContext <init> (Lcom/intellij/openapi/util/BuildNumber;Ljava/util/Set;Ljava/util/Set;Ljava/util/Map;)V 39 <appendix> member <vmtarget> ; # com/intellij/ide/plugins/ProductPluginInitContext$$Lambda+0x00000000113d0a38
instanceKlass org/h2/mvstore/cache/CacheLongKeyLIRS$Segment
instanceKlass org/h2/mvstore/cache/CacheLongKeyLIRS
instanceKlass  @bci com/intellij/ide/plugins/ProductPluginInitContext <init> (Lcom/intellij/openapi/util/BuildNumber;Ljava/util/Set;Ljava/util/Set;Ljava/util/Map;)V 26 <appendix> argL0 ; # com/intellij/ide/plugins/ProductPluginInitContext$$Lambda+0x00000000113d14b0
instanceKlass  @bci com/intellij/platform/ide/bootstrap/StartupUtil$setupLogger$1$1 invokeSuspend (Ljava/lang/Object;)Ljava/lang/Object; 78 <appendix> member <vmtarget> ; # com/intellij/platform/ide/bootstrap/StartupUtil$setupLogger$1$1$$Lambda+0x00000000113d1248
instanceKlass org/h2/mvstore/cache/CacheLongKeyLIRS$Config
instanceKlass kotlinx/coroutines/internal/LimitedDispatcher$Worker
instanceKlass com/intellij/ide/plugins/ProductPluginInitContext$Companion
instanceKlass com/intellij/openapi/diagnostic/AsyncLog
instanceKlass com/intellij/ide/plugins/ProductPluginInitContext
instanceKlass com/intellij/ide/plugins/PluginInitializationContext
instanceKlass com/intellij/openapi/diagnostic/AsyncLogKt
instanceKlass com/intellij/openapi/diagnostic/LogEvent
instanceKlass com/intellij/openapi/util/UserDataHolderBase
instanceKlass com/intellij/openapi/diagnostic/LogQueueItem
instanceKlass com/intellij/openapi/util/UserDataHolderEx
instanceKlass  @bci com/intellij/idea/IdeaLogger <clinit> ()V 20 <appendix> argL0 ; # com/intellij/idea/IdeaLogger$$Lambda+0x00000000113d5708
instanceKlass com/intellij/openapi/components/TestMutableComponentManager
instanceKlass org/h2/mvstore/Chunk
instanceKlass com/intellij/openapi/components/impl/stores/ComponentStoreOwner
instanceKlass com/intellij/util/io/pagecache/impl/Throttler
instanceKlass com/intellij/openapi/components/ComponentManagerEx
instanceKlass com/intellij/openapi/util/objectTree/ReferenceDelegatingDisposableInternal
instanceKlass com/intellij/ide/plugins/PluginDescriptorLoader
instanceKlass com/intellij/util/messages/MessageBusOwner
instanceKlass com/intellij/openapi/Disposable$Parent
instanceKlass org/h2/mvstore/DataUtils
instanceKlass org/h2/mvstore/MVStore$TxCounter
instanceKlass  @bci com/intellij/idea/LoggerFactory <init> ()V 110 <appendix> argL0 ; # com/intellij/idea/LoggerFactory$$Lambda+0x00000000113ceda0
instanceKlass  @bci com/intellij/ide/plugins/PluginManagerCore <clinit> ()V 112 <appendix> argL0 ; # com/intellij/ide/plugins/PluginManagerCore$$Lambda+0x00000000113ceb40
instanceKlass  @bci com/intellij/openapi/diagnostic/JulLogger delayCleanerUntilIdeShutdownActivitiesFinished ()Z 100 <appendix> member <vmtarget> ; # com/intellij/openapi/diagnostic/JulLogger$$Lambda+0x00000000113ce8d8
instanceKlass com/intellij/ide/plugins/PluginManagerCore$PluginsMutableState
instanceKlass org/h2/compress/Compressor
# instanceKlass java/lang/invoke/LambdaForm$MH+0x00000000113d0000
instanceKlass org/h2/mvstore/type/DataType
instanceKlass com/intellij/openapi/application/ex/ApplicationEx
instanceKlass org/h2/mvstore/MVMap$MapBuilder
instanceKlass com/intellij/openapi/application/Application
instanceKlass com/intellij/openapi/components/ComponentManager
instanceKlass com/intellij/ide/plugins/PluginManagerCore
instanceKlass com/intellij/openapi/extensions/AreaInstance
instanceKlass com/intellij/openapi/util/UserDataHolder
instanceKlass org/h2/mvstore/FileStore
instanceKlass com/intellij/openapi/application/PluginAutoUpdater$PluginAutoUpdateStatistics
instanceKlass org/h2/mvstore/MVStore
instanceKlass kotlinx/coroutines/CompletableJob
instanceKlass sun/nio/fs/WindowsFileSystemProvider$1
instanceKlass org/h2/mvstore/MVStore$Builder
instanceKlass com/intellij/platform/util/coroutines/CoroutineScopeKt
instanceKlass kotlinx/serialization/json/internal/CreateMapForCacheKt
instanceKlass com/intellij/util/io/mvstore/StoreErrorHandler
instanceKlass com/intellij/idea/LoggerFactory
instanceKlass kotlinx/serialization/json/internal/DescriptorSchemaCache
instanceKlass kotlinx/coroutines/internal/ContextScope
instanceKlass com/intellij/util/io/mvstore/MvStoreHelperKt
instanceKlass kotlinx/serialization/modules/SerializersModule
instanceKlass com/intellij/openapi/diagnostic/LoggerKt
instanceKlass kotlinx/serialization/modules/SerializersModuleKt
instanceKlass kotlinx/serialization/modules/SerializersModuleBuildersKt
instanceKlass kotlinx/coroutines/internal/ThreadSafeHeap
instanceKlass kotlinx/serialization/json/JsonConfiguration
instanceKlass kotlinx/coroutines/EventLoopImplBase$DelayedTask
instanceKlass kotlinx/coroutines/internal/ThreadSafeHeapNode
instanceKlass kotlinx/serialization/json/Json
instanceKlass kotlinx/serialization/StringFormat
instanceKlass kotlinx/serialization/SerialFormat
instanceKlass kotlinx/serialization/json/JsonKt
instanceKlass kotlinx/coroutines/TimeoutKt
instanceKlass  @bci com/intellij/openapi/application/PluginAutoUpdateRepository <clinit> ()V 11 <appendix> argL0 ; # com/intellij/openapi/application/PluginAutoUpdateRepository$$Lambda+0x00000000113c63a8
instanceKlass kotlinx/serialization/json/JsonBuilder
instanceKlass java/awt/image/Raster
instanceKlass com/intellij/openapi/application/PluginAutoUpdateRepository
instanceKlass java/awt/image/DataBuffer$1
instanceKlass sun/awt/image/SunWritableRaster$DataStealer
instanceKlass java/awt/image/DataBuffer
instanceKlass com/intellij/ui/svg/SvgCacheManagerKt
instanceKlass com/intellij/ui/svg/SvgCacheManager$Companion
instanceKlass com/intellij/openapi/application/PluginAutoUpdater
instanceKlass com/intellij/ui/svg/SvgCacheManager
instanceKlass  @bci com/intellij/platform/ide/bootstrap/StartupUtil lockSystemDirs (Ljava/util/List;)V 56 <appendix> member <vmtarget> ; # com/intellij/platform/ide/bootstrap/StartupUtil$$Lambda+0x0000000011377170
instanceKlass  @bci com/intellij/openapi/util/ShutDownTracker <init> ()V 37 <appendix> member <vmtarget> ; # com/intellij/openapi/util/ShutDownTracker$$Lambda+0x0000000011376f08
instanceKlass com/intellij/openapi/util/ShutDownTracker$ShutDownTrackerHolder
instanceKlass com/intellij/openapi/util/ShutDownTracker
instanceKlass  @bci com/intellij/platform/ide/bootstrap/DirectoryLock tryListen ()Lcom/intellij/ide/CliResult; 274 <appendix> member <vmtarget> ; # com/intellij/platform/ide/bootstrap/DirectoryLock$$Lambda+0x0000000011376568
instanceKlass java/util/stream/Sink$ChainedInt
instanceKlass java/util/stream/Sink$OfInt
instanceKlass java/util/function/IntConsumer
instanceKlass java/util/stream/AbstractSpinedBuffer
instanceKlass  @bci com/intellij/platform/ide/bootstrap/DirectoryLock lockOrActivate (Ljava/nio/file/Path;Ljava/util/List;)Lcom/intellij/ide/CliResult; 384 <appendix> member <vmtarget> ; # com/intellij/platform/ide/bootstrap/DirectoryLock$$Lambda+0x00000000113762d0
instanceKlass  @cpi com/intellij/platform/ide/bootstrap/DirectoryLock 1004 form vmentry <vmtarget> ; # java/lang/invoke/LambdaForm$DMH+0x00000000113c0c00
instanceKlass  @bci java/lang/ProcessHandleImpl children (J)Ljava/util/stream/Stream; 55 <appendix> member <vmtarget> ; # java/lang/ProcessHandleImpl$$Lambda+0x0000000011386848
instanceKlass java/util/stream/Streams$RangeIntSpliterator
instanceKlass java/util/Spliterator$OfInt
instanceKlass java/util/Spliterator$OfPrimitive
instanceKlass java/util/stream/IntStream
instanceKlass com/intellij/util/TimeoutUtil
instanceKlass  @bci com/intellij/platform/ide/bootstrap/DirectoryLock lockOrActivate (Ljava/nio/file/Path;Ljava/util/List;)Lcom/intellij/ide/CliResult; 236 <appendix> form vmentry <vmtarget> ; # java/lang/invoke/LambdaForm$MH+0x00000000113c0800
instanceKlass  @bci com/intellij/platform/ide/bootstrap/DirectoryLock lockOrActivate (Ljava/nio/file/Path;Ljava/util/List;)Lcom/intellij/ide/CliResult; 236 <appendix> form names 5 function resolvedHandle form vmentry <vmtarget> ; # java/lang/invoke/LambdaForm$DMH+0x00000000113c0400
instanceKlass  @bci com/intellij/platform/ide/bootstrap/DirectoryLock lockOrActivate (Ljava/nio/file/Path;Ljava/util/List;)Lcom/intellij/ide/CliResult; 210 <appendix> argL0 ; # com/intellij/platform/ide/bootstrap/DirectoryLock$$Lambda+0x0000000011375e08
instanceKlass  @bci com/intellij/platform/ide/bootstrap/DirectoryLock lockOrActivate (Ljava/nio/file/Path;Ljava/util/List;)Lcom/intellij/ide/CliResult; 202 <appendix> argL0 ; # com/intellij/platform/ide/bootstrap/DirectoryLock$$Lambda+0x0000000011375b88
instanceKlass sun/nio/ch/ExtendedSocketOption$1
instanceKlass sun/nio/ch/ExtendedSocketOption
instanceKlass sun/nio/ch/OptionKey
instanceKlass sun/nio/ch/SocketOptionRegistry$LazyInitialization
instanceKlass sun/nio/ch/SocketOptionRegistry$RegistryKey
instanceKlass sun/nio/ch/SocketOptionRegistry
instanceKlass java/net/StandardSocketOptions$StdSocketOption
instanceKlass java/net/StandardSocketOptions
instanceKlass  @bci sun/nio/ch/Net shouldShutdownWriteBeforeClose ()Z 3 <appendix> argL0 ; # sun/nio/ch/Net$$Lambda+0x0000000011383978
instanceKlass java/lang/invoke/ConstantBootstraps
instanceKlass java/nio/channels/SelectionKey
instanceKlass java/nio/BufferMismatch
instanceKlass jdk/net/ExtendedSocketOptions$2
instanceKlass jdk/net/ExtendedSocketOptions$PlatformSocketOptions
instanceKlass jdk/net/ExtendedSocketOptions$ExtSocketOption
instanceKlass java/net/SocketOption
instanceKlass jdk/net/ExtendedSocketOptions
instanceKlass sun/net/ext/ExtendedSocketOptions
instanceKlass jdk/internal/lang/stable/StableValueImpl
instanceKlass java/lang/StableValue
instanceKlass sun/nio/ch/Net$1
instanceKlass sun/nio/ch/Net
instanceKlass sun/security/provider/AbstractDrbg$NonceProvider
instanceKlass  @bci sun/security/provider/AbstractDrbg$SeederHolder <clinit> ()V 42 <appendix> member <vmtarget> ; # sun/security/provider/AbstractDrbg$SeederHolder$$Lambda+0x000000001137f670
instanceKlass  @cpi sun/security/provider/AbstractDrbg$SeederHolder 91 form vmentry <vmtarget> ; # java/lang/invoke/LambdaForm$DMH+0x000000001137a400
# instanceKlass java/lang/invoke/LambdaForm$DMH+0x000000001137a000
instanceKlass java/net/NetworkInterface$1
instanceKlass java/net/DefaultInterface
instanceKlass java/net/Inet6Address$Inet6AddressHolder
instanceKlass java/net/InetAddress$PlatformResolver
instanceKlass java/net/spi/InetAddressResolver
instanceKlass java/net/spi/InetAddressResolver$LookupPolicy
instanceKlass java/net/Inet4AddressImpl
instanceKlass java/net/Inet6AddressImpl
instanceKlass java/net/InetAddressImpl
instanceKlass java/util/concurrent/ConcurrentSkipListMap$Node
instanceKlass java/util/concurrent/ConcurrentSkipListMap$Index
instanceKlass java/util/concurrent/ConcurrentNavigableMap
instanceKlass java/util/NavigableSet
instanceKlass java/net/InetAddress$InetAddressHolder
instanceKlass sun/security/util/SecurityProperties
instanceKlass jdk/internal/util/Exceptions
instanceKlass java/net/InetAddress$1
instanceKlass jdk/internal/access/JavaNetInetAddressAccess
instanceKlass java/net/InetAddress
instanceKlass java/net/InterfaceAddress
instanceKlass java/net/NetworkInterface
instanceKlass sun/security/provider/ByteArrayAccess$BE
instanceKlass sun/security/provider/ByteArrayAccess
instanceKlass sun/security/util/MessageDigestSpi2
instanceKlass sun/security/jca/GetInstance$Instance
instanceKlass java/security/MessageDigestSpi
instanceKlass sun/security/provider/SeedGenerator
instanceKlass sun/security/provider/AbstractDrbg$SeederHolder
instanceKlass java/security/DrbgParameters$NextBytes
instanceKlass sun/nio/ch/PipeImpl$Initializer$LoopbackConnector
instanceKlass sun/nio/ch/PipeImpl$Initializer
instanceKlass java/nio/channels/Pipe
instanceKlass sun/nio/ch/WEPoll
instanceKlass sun/nio/ch/Util$2
instanceKlass java/nio/channels/spi/AbstractSelector$1
instanceKlass java/nio/channels/Selector
instanceKlass  @bci java/util/regex/Pattern negate (Ljava/util/regex/Pattern$CharPredicate;)Ljava/util/regex/Pattern$CharPredicate; 1 <appendix> member <vmtarget> ; # java/util/regex/Pattern$$Lambda+0x00000000112f9170
instanceKlass com/intellij/openapi/util/text/StringUtil$Splitters
instanceKlass java/lang/StackTraceElement$HashedModules
instanceKlass java/lang/Throwable$PrintStreamOrWriter
instanceKlass com/intellij/platform/core/nio/fs/CorePath
# instanceKlass java/lang/invoke/LambdaForm$MH+0x0000000011379c00
# instanceKlass java/lang/invoke/LambdaForm$MH+0x0000000011379800
instanceKlass java/lang/ProcessHandleImpl$Info
instanceKlass java/lang/ProcessHandle$Info
instanceKlass java/time/zone/ZoneOffsetTransition
instanceKlass java/time/zone/ZoneOffsetTransitionRule
instanceKlass java/time/zone/ZoneRules
instanceKlass java/time/zone/Ser
instanceKlass java/io/Externalizable
instanceKlass java/time/zone/ZoneRulesProvider
instanceKlass sun/util/calendar/ZoneInfoFile$ZoneOffsetTransitionRule
instanceKlass jdk/internal/util/ByteArray
instanceKlass sun/util/calendar/ZoneInfoFile
instanceKlass java/util/TimeZone
instanceKlass java/time/Clock
instanceKlass java/time/InstantSource
instanceKlass java/util/logging/LogRecord
instanceKlass  @bci com/intellij/platform/ide/bootstrap/DirectoryLock <init> (Ljava/nio/file/Path;Ljava/nio/file/Path;Ljava/util/function/Function;)V 113 <adapter> ; # java/lang/invoke/LambdaForm$MH+0x0000000011379400
instanceKlass  @bci com/intellij/platform/ide/bootstrap/DirectoryLock <init> (Ljava/nio/file/Path;Ljava/nio/file/Path;Ljava/util/function/Function;)V 113 <appendix> form vmentry <vmtarget> ; # java/lang/invoke/LambdaForm$MH+0x0000000011379000
# instanceKlass java/lang/invoke/LambdaForm$BMH+0x0000000011378c00
instanceKlass  @bci com/intellij/platform/ide/bootstrap/DirectoryLock <init> (Ljava/nio/file/Path;Ljava/nio/file/Path;Ljava/util/function/Function;)V 113 <appendix> form names 7 function resolvedHandle form vmentry <vmtarget> ; # java/lang/invoke/LambdaForm$DMH+0x0000000011378800
instanceKlass  @bci com/intellij/platform/ide/bootstrap/DirectoryLock <init> (Ljava/nio/file/Path;Ljava/nio/file/Path;Ljava/util/function/Function;)V 113 <appendix> argL0 form vmentry <vmtarget> ; # java/lang/invoke/LambdaForm$DMH+0x0000000011378400
instanceKlass  @bci sun/security/provider/AbstractDrbg <clinit> ()V 12 <appendix> argL0 ; # sun/security/provider/AbstractDrbg$$Lambda+0x00000000112f1410
instanceKlass sun/security/provider/EntropySource
instanceKlass sun/security/provider/AbstractDrbg
instanceKlass java/security/DrbgParameters$Instantiation
instanceKlass java/security/DrbgParameters
instanceKlass sun/security/provider/MoreDrbgParameters
instanceKlass jdk/internal/event/Event
instanceKlass java/util/AbstractList$Itr
instanceKlass org/bouncycastle/pqc/jcajce/provider/BouncyCastlePQCProvider$1
instanceKlass org/bouncycastle/internal/asn1/isara/IsaraObjectIdentifiers
instanceKlass org/bouncycastle/pqc/asn1/PQCObjectIdentifiers
instanceKlass org/bouncycastle/jcajce/provider/drbg/EntropyDaemon
instanceKlass org/bouncycastle/crypto/prng/EntropySource
instanceKlass org/bouncycastle/crypto/prng/EntropySourceProvider
instanceKlass org/bouncycastle/jcajce/provider/drbg/DRBG
instanceKlass org/bouncycastle/jcajce/provider/asymmetric/RSA
instanceKlass org/bouncycastle/internal/asn1/eac/EACObjectIdentifiers
instanceKlass org/bouncycastle/internal/asn1/cms/CMSObjectIdentifiers
instanceKlass org/bouncycastle/internal/asn1/bsi/BSIObjectIdentifiers
instanceKlass org/bouncycastle/math/ec/custom/gm/SM2P256V1Field
instanceKlass org/bouncycastle/math/ec/custom/sec/SecP128R1Field
instanceKlass org/bouncycastle/math/ec/custom/sec/SecP192R1Field
instanceKlass org/bouncycastle/math/ec/custom/sec/SecP256R1Field
instanceKlass org/bouncycastle/math/raw/Nat128
instanceKlass org/bouncycastle/math/ec/custom/sec/SecT113Field
instanceKlass org/bouncycastle/math/ec/custom/sec/SecT239Field
instanceKlass org/bouncycastle/math/raw/Nat448
instanceKlass org/bouncycastle/math/ec/custom/sec/SecT409Field
instanceKlass javax/swing/text/StyleContext$SmallAttributeSet
instanceKlass javax/swing/text/StyleContext$NamedStyle
instanceKlass javax/swing/text/Style
instanceKlass org/bouncycastle/math/ec/custom/sec/SecP256K1Field
instanceKlass javax/swing/text/SimpleAttributeSet$EmptyAttributeSet
instanceKlass javax/swing/text/SimpleAttributeSet
instanceKlass javax/swing/text/MutableAttributeSet
instanceKlass javax/swing/text/AttributeSet
instanceKlass javax/swing/text/StyleContext$FontKey
instanceKlass javax/swing/text/AttributeSet$ParagraphAttribute
instanceKlass javax/swing/text/AttributeSet$ColorAttribute
instanceKlass javax/swing/text/AttributeSet$FontAttribute
instanceKlass javax/swing/text/AttributeSet$CharacterAttribute
instanceKlass javax/swing/text/StyleConstants
instanceKlass javax/swing/text/StyleContext
instanceKlass javax/swing/text/AbstractDocument$AttributeContext
instanceKlass org/bouncycastle/math/ec/custom/sec/SecT233Field
instanceKlass org/bouncycastle/math/raw/Nat512
instanceKlass  @bci com/intellij/ide/ui/laf/IdeaLaf initComponentDefaults (Ljavax/swing/UIDefaults;)V 27 <appendix> member <vmtarget> ; # com/intellij/ide/ui/laf/IdeaLaf$$Lambda+0x0000000011351bd0
instanceKlass org/bouncycastle/math/ec/custom/sec/SecP521R1Field
instanceKlass  @bci com/intellij/ide/ui/laf/IdeaLafKt initIdeaDefaults (Ljavax/swing/UIDefaults;)V 369 <appendix> argL0 ; # com/intellij/ide/ui/laf/IdeaLafKt$$Lambda+0x0000000011351078
instanceKlass  @bci com/intellij/ide/ui/laf/IdeaLafKt initIdeaDefaults (Ljavax/swing/UIDefaults;)V 357 <appendix> argL0 ; # com/intellij/ide/ui/laf/IdeaLafKt$$Lambda+0x0000000011350a90
instanceKlass  @bci com/intellij/ide/ui/laf/IdeaLafKt initIdeaDefaults (Ljavax/swing/UIDefaults;)V 345 <appendix> argL0 ; # com/intellij/ide/ui/laf/IdeaLafKt$$Lambda+0x00000000113504a8
instanceKlass  @bci com/intellij/ide/ui/laf/IdeaLafKt initIdeaDefaults (Ljavax/swing/UIDefaults;)V 333 <appendix> argL0 ; # com/intellij/ide/ui/laf/IdeaLafKt$$Lambda+0x0000000011350248
instanceKlass org/bouncycastle/math/raw/Nat320
instanceKlass  @bci com/intellij/ide/ui/laf/IdeaLafKt initIdeaDefaults (Ljavax/swing/UIDefaults;)V 321 <appendix> argL0 ; # com/intellij/ide/ui/laf/IdeaLafKt$$Lambda+0x0000000011348400
instanceKlass  @bci com/intellij/ide/ui/laf/IdeaLafKt initIdeaDefaults (Ljavax/swing/UIDefaults;)V 309 <appendix> argL0 ; # com/intellij/ide/ui/laf/IdeaLafKt$$Lambda+0x0000000011348d98
instanceKlass org/bouncycastle/math/ec/custom/sec/SecT283Field
instanceKlass  @bci com/intellij/ide/ui/laf/IdeaLafKt initIdeaDefaults (Ljavax/swing/UIDefaults;)V 297 <appendix> argL0 ; # com/intellij/ide/ui/laf/IdeaLafKt$$Lambda+0x0000000011349a90
instanceKlass  @bci com/intellij/ide/ui/laf/IdeaLafKt initIdeaDefaults (Ljavax/swing/UIDefaults;)V 285 <appendix> argL0 ; # com/intellij/ide/ui/laf/IdeaLafKt$$Lambda+0x0000000011349830
instanceKlass  @bci com/intellij/ide/ui/laf/IdeaLafKt initIdeaDefaults (Ljavax/swing/UIDefaults;)V 273 <appendix> argL0 ; # com/intellij/ide/ui/laf/IdeaLafKt$$Lambda+0x0000000011349248
instanceKlass org/bouncycastle/math/ec/custom/sec/SecT131Field
instanceKlass com/intellij/ui/ColoredSideBorder
instanceKlass  @bci com/intellij/ide/ui/laf/IdeaLafKt initIdeaDefaults (Ljavax/swing/UIDefaults;)V 185 <appendix> argL0 ; # com/intellij/ide/ui/laf/IdeaLafKt$$Lambda+0x000000001134b250
instanceKlass org/bouncycastle/math/ec/custom/sec/SecP192K1Field
instanceKlass  @bci com/intellij/ide/ui/laf/IdeaLafKt initIdeaDefaults (Ljavax/swing/UIDefaults;)V 173 <appendix> argL0 ; # com/intellij/ide/ui/laf/IdeaLafKt$$Lambda+0x000000001134ada8
instanceKlass  @bci com/intellij/ide/ui/laf/IdeaLafKt initIdeaDefaults (Ljavax/swing/UIDefaults;)V 161 <appendix> argL0 ; # com/intellij/ide/ui/laf/IdeaLafKt$$Lambda+0x000000001134a838
instanceKlass  @bci com/intellij/ide/ui/laf/IdeaLafKt initIdeaDefaults (Ljavax/swing/UIDefaults;)V 149 <appendix> argL0 ; # com/intellij/ide/ui/laf/IdeaLafKt$$Lambda+0x000000001134a260
instanceKlass  @bci com/intellij/ide/ui/laf/IdeaLafKt initIdeaDefaults (Ljavax/swing/UIDefaults;)V 137 <appendix> argL0 ; # com/intellij/ide/ui/laf/IdeaLafKt$$Lambda+0x000000001134a000
instanceKlass  @bci com/intellij/ide/ui/laf/IdeaLafKt initIdeaDefaults (Ljavax/swing/UIDefaults;)V 125 <appendix> argL0 ; # com/intellij/ide/ui/laf/IdeaLafKt$$Lambda+0x000000001134fcf0
instanceKlass org/bouncycastle/math/ec/custom/sec/SecP160R1Field
instanceKlass  @bci com/intellij/ide/ui/laf/IdeaLafKt initIdeaDefaults (Ljavax/swing/UIDefaults;)V 113 <appendix> argL0 ; # com/intellij/ide/ui/laf/IdeaLafKt$$Lambda+0x000000001134f848
instanceKlass  @bci com/intellij/ide/ui/laf/IdeaLafKt initIdeaDefaults (Ljavax/swing/UIDefaults;)V 101 <appendix> argL0 ; # com/intellij/ide/ui/laf/IdeaLafKt$$Lambda+0x000000001134ef60
instanceKlass  @bci com/intellij/ide/ui/laf/IdeaLafKt initIdeaDefaults (Ljavax/swing/UIDefaults;)V 89 <appendix> argL0 ; # com/intellij/ide/ui/laf/IdeaLafKt$$Lambda+0x000000001134ed00
instanceKlass org/bouncycastle/math/ec/custom/sec/SecT163Field
instanceKlass com/intellij/ide/ui/laf/IdeaLafKt
instanceKlass org/bouncycastle/math/raw/Nat256
instanceKlass org/bouncycastle/math/ec/custom/sec/SecT193Field
instanceKlass org/bouncycastle/math/ec/custom/sec/SecP224R1Field
instanceKlass org/bouncycastle/math/raw/Nat192
instanceKlass org/bouncycastle/math/raw/Nat384
instanceKlass org/bouncycastle/math/ec/custom/sec/SecP384R1Field
instanceKlass javax/swing/ArrayTable
instanceKlass  @bci jdk/internal/reflect/MethodHandleIntegerFieldAccessorImpl getInt (Ljava/lang/Object;)I 11 <adapter> ; # java/lang/invoke/LambdaForm$MH+0x0000000011348000
instanceKlass java/awt/event/KeyEvent$1
instanceKlass sun/awt/AWTAccessor$KeyEventAccessor
instanceKlass java/awt/VKCollection
instanceKlass javax/swing/InputMap
instanceKlass java/util/EventListenerProxy
instanceKlass org/bouncycastle/math/raw/Nat160
instanceKlass org/bouncycastle/math/ec/custom/sec/SecP160R2Field
instanceKlass java/util/IdentityHashMap$IdentityHashMapIterator
instanceKlass java/awt/Toolkit$DesktopPropertyChangeSupport$1
instanceKlass sun/awt/windows/WDesktopProperties$WinPlaySound
instanceKlass java/util/concurrent/locks/ReentrantReadWriteLock$WriteLock
instanceKlass java/util/concurrent/locks/ReentrantReadWriteLock$ReadLock
instanceKlass java/util/concurrent/locks/ReentrantReadWriteLock
instanceKlass java/util/concurrent/locks/ReadWriteLock
instanceKlass sun/awt/windows/ThemeReader
instanceKlass sun/awt/windows/WDesktopProperties
instanceKlass  @bci javax/swing/plaf/metal/MetalLookAndFeel initComponentDefaults (Ljavax/swing/UIDefaults;)V 12018 <appendix> argL0 ; # javax/swing/plaf/metal/MetalLookAndFeel$$Lambda+0x00000000112e6bc0
instanceKlass  @bci javax/swing/plaf/metal/MetalLookAndFeel initComponentDefaults (Ljavax/swing/UIDefaults;)V 11955 <appendix> argL0 ; # javax/swing/plaf/metal/MetalLookAndFeel$$Lambda+0x00000000112e6960
instanceKlass  @bci javax/swing/plaf/metal/MetalLookAndFeel initComponentDefaults (Ljavax/swing/UIDefaults;)V 11907 <appendix> argL0 ; # javax/swing/plaf/metal/MetalLookAndFeel$$Lambda+0x00000000112e6700
instanceKlass  @bci javax/swing/plaf/metal/MetalLookAndFeel initComponentDefaults (Ljavax/swing/UIDefaults;)V 11758 <appendix> argL0 ; # javax/swing/plaf/metal/MetalLookAndFeel$$Lambda+0x00000000112e64a0
instanceKlass  @bci javax/swing/plaf/metal/MetalLookAndFeel initComponentDefaults (Ljavax/swing/UIDefaults;)V 11740 <appendix> argL0 ; # javax/swing/plaf/metal/MetalLookAndFeel$$Lambda+0x00000000112e6240
instanceKlass  @bci javax/swing/plaf/metal/MetalLookAndFeel initComponentDefaults (Ljavax/swing/UIDefaults;)V 10675 <appendix> argL0 ; # javax/swing/plaf/metal/MetalLookAndFeel$$Lambda+0x00000000112e5fe0
instanceKlass  @bci javax/swing/plaf/metal/MetalLookAndFeel initComponentDefaults (Ljavax/swing/UIDefaults;)V 10657 <appendix> argL0 ; # javax/swing/plaf/metal/MetalLookAndFeel$$Lambda+0x00000000112e5d80
instanceKlass org/bouncycastle/math/ec/ScaleXPointMap
instanceKlass org/bouncycastle/math/ec/ECPointMap
instanceKlass org/bouncycastle/math/ec/endo/GLVTypeBEndomorphism
instanceKlass org/bouncycastle/math/ec/endo/GLVEndomorphism
instanceKlass  @bci javax/swing/plaf/metal/MetalLookAndFeel initComponentDefaults (Ljavax/swing/UIDefaults;)V 10639 <appendix> argL0 ; # javax/swing/plaf/metal/MetalLookAndFeel$$Lambda+0x00000000112e5b20
instanceKlass org/bouncycastle/math/ec/ECCurve$Config
instanceKlass  @bci javax/swing/plaf/metal/MetalLookAndFeel initComponentDefaults (Ljavax/swing/UIDefaults;)V 10621 <appendix> argL0 ; # javax/swing/plaf/metal/MetalLookAndFeel$$Lambda+0x00000000112e58c0
instanceKlass  @bci javax/swing/plaf/metal/MetalLookAndFeel initComponentDefaults (Ljavax/swing/UIDefaults;)V 10603 <appendix> argL0 ; # javax/swing/plaf/metal/MetalLookAndFeel$$Lambda+0x00000000112e5660
instanceKlass org/bouncycastle/math/raw/Nat224
instanceKlass  @bci javax/swing/plaf/metal/MetalLookAndFeel initComponentDefaults (Ljavax/swing/UIDefaults;)V 10124 <appendix> argL0 ; # javax/swing/plaf/metal/MetalLookAndFeel$$Lambda+0x00000000112e5400
instanceKlass org/bouncycastle/math/ec/custom/sec/SecP224K1Field
instanceKlass  @bci javax/swing/plaf/metal/MetalLookAndFeel initComponentDefaults (Ljavax/swing/UIDefaults;)V 10106 <appendix> argL0 ; # javax/swing/plaf/metal/MetalLookAndFeel$$Lambda+0x00000000112e51a0
instanceKlass  @bci javax/swing/plaf/metal/MetalLookAndFeel initComponentDefaults (Ljavax/swing/UIDefaults;)V 9938 <appendix> argL0 ; # javax/swing/plaf/metal/MetalLookAndFeel$$Lambda+0x00000000112e4f40
instanceKlass  @bci javax/swing/plaf/metal/MetalLookAndFeel initComponentDefaults (Ljavax/swing/UIDefaults;)V 9920 <appendix> argL0 ; # javax/swing/plaf/metal/MetalLookAndFeel$$Lambda+0x00000000112e4ce0
instanceKlass org/bouncycastle/math/ec/endo/ScalarSplitParameters
instanceKlass org/bouncycastle/math/ec/endo/GLVTypeBParameters
instanceKlass  @bci javax/swing/plaf/metal/MetalLookAndFeel initComponentDefaults (Ljavax/swing/UIDefaults;)V 9259 <appendix> argL0 ; # javax/swing/plaf/metal/MetalLookAndFeel$$Lambda+0x00000000112e4a80
instanceKlass  @bci javax/swing/plaf/metal/MetalLookAndFeel initComponentDefaults (Ljavax/swing/UIDefaults;)V 9241 <appendix> argL0 ; # javax/swing/plaf/metal/MetalLookAndFeel$$Lambda+0x00000000112e4820
instanceKlass  @bci javax/swing/plaf/metal/MetalLookAndFeel initComponentDefaults (Ljavax/swing/UIDefaults;)V 9074 <appendix> argL0 ; # javax/swing/plaf/metal/MetalLookAndFeel$$Lambda+0x00000000112e45c0
instanceKlass  @bci javax/swing/plaf/metal/MetalLookAndFeel initComponentDefaults (Ljavax/swing/UIDefaults;)V 9056 <appendix> argL0 ; # javax/swing/plaf/metal/MetalLookAndFeel$$Lambda+0x00000000112e4360
instanceKlass  @bci javax/swing/plaf/metal/MetalLookAndFeel initComponentDefaults (Ljavax/swing/UIDefaults;)V 8779 <appendix> argL0 ; # javax/swing/plaf/metal/MetalLookAndFeel$$Lambda+0x00000000112e4100
instanceKlass  @bci javax/swing/plaf/metal/MetalLookAndFeel initComponentDefaults (Ljavax/swing/UIDefaults;)V 5003 <appendix> member <vmtarget> ; # javax/swing/plaf/metal/MetalLookAndFeel$$Lambda+0x00000000112e3ea0
instanceKlass org/bouncycastle/math/raw/Bits
instanceKlass  @bci javax/swing/plaf/metal/MetalLookAndFeel initComponentDefaults (Ljavax/swing/UIDefaults;)V 4983 <appendix> member <vmtarget> ; # javax/swing/plaf/metal/MetalLookAndFeel$$Lambda+0x00000000112e3c40
instanceKlass org/bouncycastle/math/raw/Interleave
instanceKlass  @bci javax/swing/plaf/metal/MetalLookAndFeel initComponentDefaults (Ljavax/swing/UIDefaults;)V 4963 <appendix> member <vmtarget> ; # javax/swing/plaf/metal/MetalLookAndFeel$$Lambda+0x00000000112e39e0
instanceKlass org/bouncycastle/math/raw/Nat576
instanceKlass  @bci javax/swing/plaf/metal/MetalLookAndFeel initComponentDefaults (Ljavax/swing/UIDefaults;)V 4943 <appendix> member <vmtarget> ; # javax/swing/plaf/metal/MetalLookAndFeel$$Lambda+0x00000000112e3780
instanceKlass  @bci javax/swing/plaf/metal/MetalLookAndFeel initComponentDefaults (Ljavax/swing/UIDefaults;)V 4923 <appendix> argL0 ; # javax/swing/plaf/metal/MetalLookAndFeel$$Lambda+0x00000000112e3520
instanceKlass  @bci javax/swing/plaf/metal/MetalLookAndFeel initComponentDefaults (Ljavax/swing/UIDefaults;)V 4887 <appendix> argL0 ; # javax/swing/plaf/metal/MetalLookAndFeel$$Lambda+0x00000000112e32c0
instanceKlass  @bci javax/swing/plaf/metal/MetalLookAndFeel initComponentDefaults (Ljavax/swing/UIDefaults;)V 4869 <appendix> argL0 ; # javax/swing/plaf/metal/MetalLookAndFeel$$Lambda+0x00000000112e3060
instanceKlass org/bouncycastle/math/raw/Nat
instanceKlass  @bci javax/swing/plaf/metal/MetalLookAndFeel initComponentDefaults (Ljavax/swing/UIDefaults;)V 4851 <appendix> argL0 ; # javax/swing/plaf/metal/MetalLookAndFeel$$Lambda+0x00000000112e2e00
instanceKlass  @bci javax/swing/plaf/metal/MetalLookAndFeel initComponentDefaults (Ljavax/swing/UIDefaults;)V 4833 <appendix> argL0 ; # javax/swing/plaf/metal/MetalLookAndFeel$$Lambda+0x00000000112e2ba0
instanceKlass  @bci javax/swing/plaf/metal/MetalLookAndFeel initComponentDefaults (Ljavax/swing/UIDefaults;)V 4204 <appendix> argL0 ; # javax/swing/plaf/metal/MetalLookAndFeel$$Lambda+0x00000000112e2940
instanceKlass org/bouncycastle/math/ec/custom/sec/SecT571Field
instanceKlass  @bci javax/swing/plaf/metal/MetalLookAndFeel initComponentDefaults (Ljavax/swing/UIDefaults;)V 4186 <appendix> argL0 ; # javax/swing/plaf/metal/MetalLookAndFeel$$Lambda+0x00000000112e26e0
instanceKlass  @bci javax/swing/plaf/metal/MetalLookAndFeel initComponentDefaults (Ljavax/swing/UIDefaults;)V 3874 <appendix> argL0 ; # javax/swing/plaf/metal/MetalLookAndFeel$$Lambda+0x00000000112e2480
instanceKlass  @bci javax/swing/plaf/metal/MetalLookAndFeel initComponentDefaults (Ljavax/swing/UIDefaults;)V 3858 <appendix> argL0 ; # javax/swing/plaf/metal/MetalLookAndFeel$$Lambda+0x00000000112e2220
instanceKlass  @bci javax/swing/plaf/metal/MetalLookAndFeel initComponentDefaults (Ljavax/swing/UIDefaults;)V 3842 <appendix> argL0 ; # javax/swing/plaf/metal/MetalLookAndFeel$$Lambda+0x00000000112e1fc0
instanceKlass  @bci javax/swing/plaf/metal/MetalLookAndFeel initComponentDefaults (Ljavax/swing/UIDefaults;)V 3826 <appendix> argL0 ; # javax/swing/plaf/metal/MetalLookAndFeel$$Lambda+0x00000000112e1d60
instanceKlass  @bci javax/swing/plaf/metal/MetalLookAndFeel initComponentDefaults (Ljavax/swing/UIDefaults;)V 3810 <appendix> argL0 ; # javax/swing/plaf/metal/MetalLookAndFeel$$Lambda+0x00000000112e1b00
instanceKlass  @bci javax/swing/plaf/metal/MetalLookAndFeel initComponentDefaults (Ljavax/swing/UIDefaults;)V 3794 <appendix> argL0 ; # javax/swing/plaf/metal/MetalLookAndFeel$$Lambda+0x00000000112e18a0
instanceKlass  @bci javax/swing/plaf/metal/MetalLookAndFeel initComponentDefaults (Ljavax/swing/UIDefaults;)V 3778 <appendix> argL0 ; # javax/swing/plaf/metal/MetalLookAndFeel$$Lambda+0x00000000112e1640
instanceKlass  @bci javax/swing/plaf/metal/MetalLookAndFeel initComponentDefaults (Ljavax/swing/UIDefaults;)V 3762 <appendix> argL0 ; # javax/swing/plaf/metal/MetalLookAndFeel$$Lambda+0x00000000112e13e0
instanceKlass  @bci javax/swing/plaf/metal/MetalLookAndFeel initComponentDefaults (Ljavax/swing/UIDefaults;)V 3746 <appendix> argL0 ; # javax/swing/plaf/metal/MetalLookAndFeel$$Lambda+0x00000000112e1180
instanceKlass  @bci javax/swing/plaf/metal/MetalLookAndFeel initComponentDefaults (Ljavax/swing/UIDefaults;)V 3730 <appendix> argL0 ; # javax/swing/plaf/metal/MetalLookAndFeel$$Lambda+0x00000000112e0f20
instanceKlass  @bci javax/swing/plaf/metal/MetalLookAndFeel initComponentDefaults (Ljavax/swing/UIDefaults;)V 3509 <appendix> argL0 ; # javax/swing/plaf/metal/MetalLookAndFeel$$Lambda+0x00000000112e0cc0
instanceKlass  @bci javax/swing/plaf/metal/MetalLookAndFeel initComponentDefaults (Ljavax/swing/UIDefaults;)V 3399 <appendix> argL0 ; # javax/swing/plaf/metal/MetalLookAndFeel$$Lambda+0x00000000112e0a60
instanceKlass javax/swing/plaf/metal/MetalLookAndFeel$FontActiveValue
instanceKlass  @bci javax/swing/plaf/metal/MetalLookAndFeel initComponentDefaults (Ljavax/swing/UIDefaults;)V 2174 <appendix> member <vmtarget> ; # javax/swing/plaf/metal/MetalLookAndFeel$$Lambda+0x00000000112e0588
instanceKlass  @bci javax/swing/plaf/metal/MetalLookAndFeel initComponentDefaults (Ljavax/swing/UIDefaults;)V 2165 <appendix> member <vmtarget> ; # javax/swing/plaf/metal/MetalLookAndFeel$$Lambda+0x00000000112e0320
instanceKlass  @bci javax/swing/plaf/metal/MetalLookAndFeel initComponentDefaults (Ljavax/swing/UIDefaults;)V 2156 <appendix> member <vmtarget> ; # javax/swing/plaf/metal/MetalLookAndFeel$$Lambda+0x00000000112e00b8
instanceKlass  @bci javax/swing/plaf/metal/MetalLookAndFeel initComponentDefaults (Ljavax/swing/UIDefaults;)V 2147 <appendix> member <vmtarget> ; # javax/swing/plaf/metal/MetalLookAndFeel$$Lambda+0x00000000112dfe50
instanceKlass  @bci javax/swing/plaf/metal/MetalLookAndFeel initComponentDefaults (Ljavax/swing/UIDefaults;)V 2138 <appendix> argL0 ; # javax/swing/plaf/metal/MetalLookAndFeel$$Lambda+0x00000000112dfbf0
instanceKlass  @bci javax/swing/plaf/metal/MetalLookAndFeel initComponentDefaults (Ljavax/swing/UIDefaults;)V 2126 <appendix> argL0 ; # javax/swing/plaf/metal/MetalLookAndFeel$$Lambda+0x00000000112df990
instanceKlass  @bci javax/swing/plaf/metal/MetalLookAndFeel initComponentDefaults (Ljavax/swing/UIDefaults;)V 2119 <appendix> argL0 ; # javax/swing/plaf/metal/MetalLookAndFeel$$Lambda+0x00000000112df730
instanceKlass  @bci javax/swing/plaf/metal/MetalLookAndFeel initComponentDefaults (Ljavax/swing/UIDefaults;)V 2112 <appendix> argL0 ; # javax/swing/plaf/metal/MetalLookAndFeel$$Lambda+0x00000000112df4d0
instanceKlass  @bci javax/swing/plaf/metal/MetalLookAndFeel initComponentDefaults (Ljavax/swing/UIDefaults;)V 2105 <appendix> argL0 ; # javax/swing/plaf/metal/MetalLookAndFeel$$Lambda+0x00000000112df270
instanceKlass  @bci javax/swing/plaf/metal/MetalLookAndFeel initComponentDefaults (Ljavax/swing/UIDefaults;)V 2098 <appendix> member <vmtarget> ; # javax/swing/plaf/metal/MetalLookAndFeel$$Lambda+0x00000000112df008
instanceKlass  @bci javax/swing/plaf/metal/MetalLookAndFeel initComponentDefaults (Ljavax/swing/UIDefaults;)V 2089 <appendix> argL0 ; # javax/swing/plaf/metal/MetalLookAndFeel$$Lambda+0x00000000112deda8
instanceKlass  @bci javax/swing/plaf/metal/MetalLookAndFeel initComponentDefaults (Ljavax/swing/UIDefaults;)V 2082 <appendix> argL0 ; # javax/swing/plaf/metal/MetalLookAndFeel$$Lambda+0x00000000112deb48
instanceKlass  @bci javax/swing/plaf/metal/MetalLookAndFeel initComponentDefaults (Ljavax/swing/UIDefaults;)V 2075 <appendix> argL0 ; # javax/swing/plaf/metal/MetalLookAndFeel$$Lambda+0x00000000112de8e8
instanceKlass  @bci javax/swing/plaf/metal/MetalLookAndFeel initComponentDefaults (Ljavax/swing/UIDefaults;)V 126 <appendix> argL0 ; # javax/swing/plaf/metal/MetalLookAndFeel$$Lambda+0x00000000112de688
instanceKlass  @bci javax/swing/plaf/metal/MetalLookAndFeel initComponentDefaults (Ljavax/swing/UIDefaults;)V 119 <appendix> argL0 ; # javax/swing/plaf/metal/MetalLookAndFeel$$Lambda+0x00000000112de428
instanceKlass  @bci javax/swing/plaf/metal/MetalLookAndFeel initComponentDefaults (Ljavax/swing/UIDefaults;)V 112 <appendix> argL0 ; # javax/swing/plaf/metal/MetalLookAndFeel$$Lambda+0x00000000112de1c8
instanceKlass  @bci javax/swing/plaf/basic/BasicLookAndFeel initComponentDefaults (Ljavax/swing/UIDefaults;)V 10900 <appendix> argL0 ; # javax/swing/plaf/basic/BasicLookAndFeel$$Lambda+0x00000000112ddf68
instanceKlass  @bci javax/swing/plaf/basic/BasicLookAndFeel initComponentDefaults (Ljavax/swing/UIDefaults;)V 10882 <appendix> argL0 ; # javax/swing/plaf/basic/BasicLookAndFeel$$Lambda+0x00000000112ddd08
instanceKlass  @bci javax/swing/plaf/basic/BasicLookAndFeel initComponentDefaults (Ljavax/swing/UIDefaults;)V 2622 <appendix> argL0 ; # javax/swing/plaf/basic/BasicLookAndFeel$$Lambda+0x00000000112ddaa8
instanceKlass  @bci javax/swing/plaf/basic/BasicLookAndFeel initComponentDefaults (Ljavax/swing/UIDefaults;)V 2604 <appendix> argL0 ; # javax/swing/plaf/basic/BasicLookAndFeel$$Lambda+0x00000000112dd848
instanceKlass  @bci javax/swing/plaf/basic/BasicLookAndFeel initComponentDefaults (Ljavax/swing/UIDefaults;)V 2586 <appendix> argL0 ; # javax/swing/plaf/basic/BasicLookAndFeel$$Lambda+0x00000000112dd5e8
instanceKlass  @bci javax/swing/plaf/basic/BasicLookAndFeel initComponentDefaults (Ljavax/swing/UIDefaults;)V 2568 <appendix> argL0 ; # javax/swing/plaf/basic/BasicLookAndFeel$$Lambda+0x00000000112dd388
instanceKlass javax/swing/UIDefaults$LazyInputMap
instanceKlass  @bci javax/swing/plaf/basic/BasicLookAndFeel initComponentDefaults (Ljavax/swing/UIDefaults;)V 789 <appendix> argL0 ; # javax/swing/plaf/basic/BasicLookAndFeel$$Lambda+0x00000000112dceb8
instanceKlass  @bci javax/swing/plaf/basic/BasicLookAndFeel initComponentDefaults (Ljavax/swing/UIDefaults;)V 730 <appendix> argL0 ; # javax/swing/plaf/basic/BasicLookAndFeel$$Lambda+0x00000000112dcc58
instanceKlass  @bci javax/swing/plaf/basic/BasicLookAndFeel initComponentDefaults (Ljavax/swing/UIDefaults;)V 723 <appendix> argL0 ; # javax/swing/plaf/basic/BasicLookAndFeel$$Lambda+0x00000000112dc9f8
instanceKlass  @bci javax/swing/plaf/basic/BasicLookAndFeel initComponentDefaults (Ljavax/swing/UIDefaults;)V 671 <appendix> argL0 ; # javax/swing/plaf/basic/BasicLookAndFeel$$Lambda+0x00000000112dc798
instanceKlass  @bci javax/swing/plaf/basic/BasicLookAndFeel initComponentDefaults (Ljavax/swing/UIDefaults;)V 664 <appendix> member <vmtarget> ; # javax/swing/plaf/basic/BasicLookAndFeel$$Lambda+0x00000000112dc538
instanceKlass  @bci javax/swing/plaf/basic/BasicLookAndFeel initComponentDefaults (Ljavax/swing/UIDefaults;)V 655 <appendix> member <vmtarget> ; # javax/swing/plaf/basic/BasicLookAndFeel$$Lambda+0x00000000112dc2d8
instanceKlass  @bci javax/swing/plaf/basic/BasicLookAndFeel initComponentDefaults (Ljavax/swing/UIDefaults;)V 642 <appendix> member <vmtarget> ; # javax/swing/plaf/basic/BasicLookAndFeel$$Lambda+0x00000000112dc078
instanceKlass  @cpi javax/swing/plaf/basic/BasicLookAndFeel 2637 form vmentry <vmtarget> ; # java/lang/invoke/LambdaForm$DMH+0x0000000011344400
instanceKlass  @bci javax/swing/plaf/basic/BasicLookAndFeel initComponentDefaults (Ljavax/swing/UIDefaults;)V 611 <appendix> argL0 ; # javax/swing/plaf/basic/BasicLookAndFeel$$Lambda+0x00000000112dbb98
instanceKlass  @bci javax/swing/plaf/basic/BasicLookAndFeel initComponentDefaults (Ljavax/swing/UIDefaults;)V 604 <appendix> argL0 ; # javax/swing/plaf/basic/BasicLookAndFeel$$Lambda+0x00000000112db938
instanceKlass  @bci javax/swing/plaf/basic/BasicLookAndFeel initComponentDefaults (Ljavax/swing/UIDefaults;)V 597 <appendix> argL0 ; # javax/swing/plaf/basic/BasicLookAndFeel$$Lambda+0x00000000112db6d8
instanceKlass  @bci javax/swing/plaf/basic/BasicLookAndFeel initComponentDefaults (Ljavax/swing/UIDefaults;)V 590 <appendix> argL0 ; # javax/swing/plaf/basic/BasicLookAndFeel$$Lambda+0x00000000112db478
instanceKlass  @bci javax/swing/plaf/basic/BasicLookAndFeel initComponentDefaults (Ljavax/swing/UIDefaults;)V 583 <appendix> argL0 ; # javax/swing/plaf/basic/BasicLookAndFeel$$Lambda+0x00000000112db218
instanceKlass  @bci javax/swing/plaf/basic/BasicLookAndFeel initComponentDefaults (Ljavax/swing/UIDefaults;)V 576 <appendix> argL0 ; # javax/swing/plaf/basic/BasicLookAndFeel$$Lambda+0x00000000112dafb8
instanceKlass  @bci javax/swing/plaf/basic/BasicLookAndFeel initComponentDefaults (Ljavax/swing/UIDefaults;)V 569 <appendix> argL0 ; # javax/swing/plaf/basic/BasicLookAndFeel$$Lambda+0x00000000112dad58
instanceKlass  @bci javax/swing/plaf/basic/BasicLookAndFeel initComponentDefaults (Ljavax/swing/UIDefaults;)V 562 <appendix> argL0 ; # javax/swing/plaf/basic/BasicLookAndFeel$$Lambda+0x00000000112daaf8
instanceKlass javax/swing/plaf/basic/BasicLookAndFeel$2
instanceKlass  @bci javax/swing/plaf/basic/BasicLookAndFeel initComponentDefaults (Ljavax/swing/UIDefaults;)V 545 <appendix> argL0 ; # javax/swing/plaf/basic/BasicLookAndFeel$$Lambda+0x00000000112da630
instanceKlass  @bci sun/swing/SwingUtilities2 makeIcon (Ljava/lang/Class;Ljava/lang/Class;Ljava/lang/String;)Ljava/lang/Object; 3 <appendix> member <vmtarget> ; # sun/swing/SwingUtilities2$$Lambda+0x00000000112da3c8
instanceKlass sun/swing/SwingUtilities2$LSBCacheEntry
instanceKlass sun/swing/StringUIClientPropertyKey
instanceKlass javax/swing/UIClientPropertyKey
instanceKlass sun/swing/SwingUtilities2
instanceKlass  @bci javax/swing/plaf/basic/BasicLookAndFeel initComponentDefaults (Ljavax/swing/UIDefaults;)V 398 <appendix> argL0 ; # javax/swing/plaf/basic/BasicLookAndFeel$$Lambda+0x00000000112d95f8
instanceKlass  @bci javax/swing/plaf/basic/BasicLookAndFeel initComponentDefaults (Ljavax/swing/UIDefaults;)V 391 <appendix> argL0 ; # javax/swing/plaf/basic/BasicLookAndFeel$$Lambda+0x00000000112d9398
instanceKlass com/jetbrains/rhizomedb/EAVa
instanceKlass  @bci javax/swing/plaf/basic/BasicLookAndFeel initComponentDefaults (Ljavax/swing/UIDefaults;)V 384 <appendix> argL0 ; # javax/swing/plaf/basic/BasicLookAndFeel$$Lambda+0x00000000112d9138
instanceKlass kotlin/sequences/FilteringSequence$iterator$1
instanceKlass kotlin/jvm/internal/ArrayIterator
instanceKlass kotlin/jvm/internal/ArrayIteratorKt
instanceKlass  @bci com/intellij/openapi/actionSystem/impl/ActionManagerImplKt configureGroupDescriptionAndIcon (Lcom/intellij/openapi/actionSystem/Presentation;Ljava/lang/String;Ljava/lang/String;Lcom/intellij/openapi/actionSystem/ActionGroup;Lkotlin/jvm/functions/Function0;Ljava/lang/String;Ljava/lang/ClassLoader;Ljava/lang/String;Lcom/intellij/ide/plugins/IdeaPluginDescriptorImpl;Ljava/lang/String;)V 8 <appendix> form vmentry <vmtarget> ; # java/lang/invoke/LambdaForm$DMH+0x0000000011344000
instanceKlass kotlin/sequences/FlatteningSequence$iterator$1
instanceKlass  @bci kotlin/sequences/SequencesKt__SequencesKt flatten$SequencesKt__SequencesKt (Lkotlin/sequences/Sequence;Lkotlin/jvm/functions/Function1;)Lkotlin/sequences/Sequence; 21 <appendix> argL0 ; # kotlin/sequences/SequencesKt__SequencesKt$$Lambda+0x00000000113424b0
instanceKlass  @bci javax/swing/plaf/basic/BasicLookAndFeel initComponentDefaults (Ljavax/swing/UIDefaults;)V 377 <appendix> member <vmtarget> ; # javax/swing/plaf/basic/BasicLookAndFeel$$Lambda+0x00000000112d8ed0
instanceKlass kotlin/sequences/FlatteningSequence
instanceKlass javax/swing/border/AbstractBorder
instanceKlass javax/swing/border/Border
instanceKlass  @bci kotlin/sequences/SequencesKt__SequencesKt flatten (Lkotlin/sequences/Sequence;)Lkotlin/sequences/Sequence; 7 <appendix> argL0 ; # kotlin/sequences/SequencesKt__SequencesKt$$Lambda+0x0000000011341fe8
instanceKlass kotlin/collections/ArraysKt___ArraysKt$asSequence$$inlined$Sequence$1
instanceKlass  @bci javax/swing/plaf/basic/BasicLookAndFeel initComponentDefaults (Ljavax/swing/UIDefaults;)V 349 <appendix> member <vmtarget> ; # javax/swing/plaf/basic/BasicLookAndFeel$$Lambda+0x00000000112d8220
instanceKlass kotlin/sequences/FilteringSequence
instanceKlass  @bci javax/swing/plaf/basic/BasicLookAndFeel initComponentDefaults (Ljavax/swing/UIDefaults;)V 340 <appendix> argL0 ; # javax/swing/plaf/basic/BasicLookAndFeel$$Lambda+0x00000000112d7fc0
instanceKlass kotlin/collections/CollectionsKt___CollectionsKt$asSequence$$inlined$Sequence$1
instanceKlass  @bci javax/swing/plaf/basic/BasicLookAndFeel initComponentDefaults (Ljavax/swing/UIDefaults;)V 333 <appendix> argL0 ; # javax/swing/plaf/basic/BasicLookAndFeel$$Lambda+0x00000000112d7d60
instanceKlass com/jetbrains/rhizomedb/Novelty$retractions$1$WhenMappings
instanceKlass  @bci javax/swing/plaf/basic/BasicLookAndFeel initComponentDefaults (Ljavax/swing/UIDefaults;)V 326 <appendix> argL0 ; # javax/swing/plaf/basic/BasicLookAndFeel$$Lambda+0x00000000112d7b00
instanceKlass  @bci javax/swing/plaf/basic/BasicLookAndFeel initComponentDefaults (Ljavax/swing/UIDefaults;)V 319 <appendix> argL0 ; # javax/swing/plaf/basic/BasicLookAndFeel$$Lambda+0x00000000112d78a0
instanceKlass com/jetbrains/rhizomedb/EAV
instanceKlass  @bci javax/swing/plaf/basic/BasicLookAndFeel initComponentDefaults (Ljavax/swing/UIDefaults;)V 312 <appendix> argL0 ; # javax/swing/plaf/basic/BasicLookAndFeel$$Lambda+0x00000000112d7640
instanceKlass com/jetbrains/rhizomedb/Novelty$assertions$1$WhenMappings
instanceKlass javax/swing/UIDefaults$ActiveValue
instanceKlass kotlin/sequences/TransformingSequence$iterator$1
instanceKlass  @bci javax/swing/plaf/basic/BasicLookAndFeel initComponentDefaults (Ljavax/swing/UIDefaults;)V 47 <appendix> argL0 ; # javax/swing/plaf/basic/BasicLookAndFeel$$Lambda+0x00000000112d6f50
instanceKlass kotlin/sequences/TransformingSequence
instanceKlass  @bci javax/swing/plaf/basic/BasicLookAndFeel initComponentDefaults (Ljavax/swing/UIDefaults;)V 40 <appendix> argL0 ; # javax/swing/plaf/basic/BasicLookAndFeel$$Lambda+0x00000000112d6cf0
instanceKlass  @bci javax/swing/plaf/basic/BasicLookAndFeel initComponentDefaults (Ljavax/swing/UIDefaults;)V 33 <appendix> argL0 ; # javax/swing/plaf/basic/BasicLookAndFeel$$Lambda+0x00000000112d6a90
instanceKlass  @bci javax/swing/plaf/basic/BasicLookAndFeel initComponentDefaults (Ljavax/swing/UIDefaults;)V 26 <appendix> argL0 ; # javax/swing/plaf/basic/BasicLookAndFeel$$Lambda+0x00000000112d6830
instanceKlass kotlin/sequences/SequencesKt__SequenceBuilderKt$sequence$$inlined$Sequence$1
instanceKlass kotlin/sequences/Sequence
instanceKlass  @bci fleet/kernel/rete/impl/Propagation <init> ()V 42 <appendix> argL0 ; # fleet/kernel/rete/impl/Propagation$$Lambda+0x000000001133d4a8
instanceKlass  @bci javax/swing/plaf/basic/BasicLookAndFeel initComponentDefaults (Ljavax/swing/UIDefaults;)V 19 <appendix> argL0 ; # javax/swing/plaf/basic/BasicLookAndFeel$$Lambda+0x00000000112d65d0
instanceKlass javax/swing/UIDefaults$LazyValue
instanceKlass fleet/kernel/rete/impl/Node
instanceKlass  @bci javax/swing/UIDefaults <clinit> ()V 10 <appendix> argL0 ; # javax/swing/UIDefaults$$Lambda+0x00000000112d6130
instanceKlass fleet/kernel/rete/impl/Propagation
instanceKlass  @cpi com/intellij/openapi/wm/impl/FocusManagerImpl 557 form vmentry <vmtarget> ; # java/lang/invoke/LambdaForm$DMH+0x000000001133c400
instanceKlass sun/swing/SwingAccessor$UIDefaultsAccessor
instanceKlass javax/swing/plaf/metal/DefaultMetalTheme$FontDelegate
instanceKlass com/intellij/platform/ide/bootstrap/kernel/KernelStarted
instanceKlass kotlinx/coroutines/DelayKt
instanceKlass java/awt/Color
instanceKlass java/awt/Paint
instanceKlass com/intellij/platform/kernel/util/KernelUtilsKt
instanceKlass javax/swing/plaf/UIResource
instanceKlass javax/swing/plaf/metal/MetalTheme
instanceKlass kotlinx/collections/immutable/implementations/immutableList/AbstractListIterator
instanceKlass kotlinx/collections/immutable/internal/ListImplementation
instanceKlass kotlin/math/MathKt__MathHKt
instanceKlass  @bci com/intellij/openapi/util/registry/Registry <clinit> ()V 24 <appendix> argL0 ; # com/intellij/openapi/util/registry/Registry$$Lambda+0x000000001133bae8
instanceKlass kotlinx/collections/immutable/implementations/immutableList/SmallPersistentVector$Companion
instanceKlass com/intellij/openapi/util/registry/Registry$Companion$EMPTY_VALUE_LISTENER$1
instanceKlass com/intellij/openapi/util/registry/RegistryValueListener
instanceKlass kotlinx/collections/immutable/PersistentList
instanceKlass com/intellij/openapi/util/registry/Registry$Companion
instanceKlass com/intellij/openapi/util/registry/Registry
instanceKlass kotlinx/collections/immutable/ImmutableList
instanceKlass kotlinx/collections/immutable/implementations/immutableList/UtilsKt
instanceKlass fleet/tracing/runtime/SpanStatus
instanceKlass kotlinx/coroutines/channels/ReceiveCatching
instanceKlass  @bci com/intellij/ui/scale/JBUIScale computeSystemScaleFactor (Ljava/util/function/Supplier;)F 124 <appendix> form vmentry <vmtarget> ; # java/lang/invoke/LambdaForm$MH+0x000000001133c000
instanceKlass kotlinx/coroutines/selects/SelectClause2Impl
instanceKlass kotlinx/coroutines/selects/SelectClause2
instanceKlass fleet/kernel/OnCompleteKey
instanceKlass fleet/kernel/SubscriptionEvent$Next
instanceKlass fleet/kernel/TransactorEvent$SequentialChange
instanceKlass fleet/kernel/SlowChangeReporterKernelKey
instanceKlass fleet/kernel/KernelMetaKey
instanceKlass kotlin/time/DurationJvmKt
instanceKlass kotlin/time/Duration$Companion
instanceKlass kotlin/time/Duration
instanceKlass sun/awt/image/SurfaceManager$ProxiedGraphicsConfig
instanceKlass kotlin/time/DurationUnitKt__DurationUnitJvmKt
instanceKlass fleet/kernel/rete/impl/PosponedVarsKt$postponedVars$1
instanceKlass fleet/kernel/rete/impl/PosponedVars
instanceKlass fleet/kernel/rete/impl/PosponedVarsKt$postponedVars$$inlined$compareBy$1
instanceKlass fleet/util/PriorityQueue
instanceKlass sun/awt/image/SurfaceManager$ProxyCache
instanceKlass kotlin/time/DurationKt
instanceKlass fleet/kernel/rete/impl/PosponedVarsKt
instanceKlass kotlin/time/LongSaturatedMathKt
instanceKlass fleet/fastutil/longs/Long2ObjectOpenHashMap
instanceKlass fleet/fastutil/longs/MutableLongMap
instanceKlass fleet/fastutil/longs/LongMap
instanceKlass kotlin/time/TimedValue
instanceKlass fleet/kernel/rete/impl/PatternIndex
instanceKlass fleet/kernel/rete/impl/SubscriptionsIndex
instanceKlass  @bci fleet/kernel/rete/ReteKt$withRete$2$1$1$3$reteEntity$1 invoke (Lcom/jetbrains/rhizomedb/ChangeScope;)Lfleet/kernel/rete/ReteEntity; 30 <appendix> member <vmtarget> ; # fleet/kernel/rete/ReteKt$withRete$2$1$1$3$reteEntity$1$$Lambda+0x0000000011331018
instanceKlass  @cpi com/intellij/ide/ui/customization/CustomActionsSchemaKt 47 form vmentry <vmtarget> ; # java/lang/invoke/LambdaForm$DMH+0x0000000011334000
instanceKlass fleet/kernel/rete/impl/ReteNetworkImpl
instanceKlass fleet/kernel/rete/ReteNetwork$Companion
instanceKlass fleet/kernel/rete/ReteNetwork
instanceKlass kotlinx/coroutines/channels/Channel$Factory
instanceKlass kotlinx/coroutines/flow/internal/ChannelFlowKt
instanceKlass fleet/kernel/rete/ReteEntity
instanceKlass fleet/kernel/SpanChangeKey
instanceKlass fleet/kernel/DeferredChangeKey
instanceKlass fleet/util/async/FlowExtKt
instanceKlass kotlin/time/TimeSource$Monotonic$ValueTimeMark
instanceKlass kotlin/time/MonotonicTimeSource
instanceKlass kotlin/time/ComparableTimeMark
instanceKlass kotlin/time/TimeMark
instanceKlass kotlin/time/TimeSource$Monotonic
instanceKlass kotlin/time/TimeSource$WithComparableMarks
instanceKlass kotlin/time/TimeSource
instanceKlass com/intellij/ui/scale/JBUIScaleKt
instanceKlass kotlinx/coroutines/channels/ChannelResult$Failed
instanceKlass kotlinx/coroutines/channels/ChannelResult$Companion
# instanceKlass java/lang/invoke/LambdaForm$MH+0x0000000011329400
instanceKlass kotlinx/coroutines/channels/ChannelResult
# instanceKlass java/lang/invoke/LambdaForm$MH+0x0000000011329000
instanceKlass kotlinx/coroutines/CancellableContinuationImplKt
# instanceKlass java/lang/invoke/LambdaForm$BMH+0x0000000011328c00
instanceKlass  @bci kotlinx/coroutines/channels/BufferedChannel onUndeliveredElementReceiveCancellationConstructor$lambda$57$lambda$56 (Lkotlinx/coroutines/channels/BufferedChannel;Lkotlinx/coroutines/selects/SelectInstance;Ljava/lang/Object;Ljava/lang/Object;)Lkotlin/jvm/functions/Function3; 3 <appendix> member <vmtarget> ; # kotlinx/coroutines/channels/BufferedChannel$$Lambda+0x000000001132dcb8
instanceKlass java/awt/Graphics
instanceKlass fleet/kernel/ChangeTask
instanceKlass java/awt/image/WritableRenderedImage
instanceKlass java/awt/image/RenderedImage
instanceKlass java/awt/GraphicsConfiguration
instanceKlass fleet/kernel/rete/Rete$Companion
instanceKlass fleet/kernel/rete/Rete
instanceKlass java/awt/GraphicsDevice
instanceKlass fleet/kernel/rete/ReteDbSource
instanceKlass com/intellij/ui/JreHiDpiUtil
instanceKlass  @bci com/intellij/platform/ide/bootstrap/UiKt initLafAndScale (ZLkotlinx/coroutines/Job;Lkotlin/coroutines/Continuation;)Ljava/lang/Object; 446 <appendix> member <vmtarget> ; # com/intellij/platform/ide/bootstrap/UiKt$$Lambda+0x00000000113274a8
instanceKlass kotlinx/coroutines/flow/MutableStateFlow
instanceKlass  @bci com/intellij/ui/scale/JBUIScale <clinit> ()V 87 <appendix> argL0 ; # com/intellij/ui/scale/JBUIScale$$Lambda+0x00000000113269b8
instanceKlass kotlinx/coroutines/flow/StateFlowKt
instanceKlass fleet/kernel/rete/ReteState$Db
instanceKlass  @bci com/intellij/ui/scale/JBUIScale <clinit> ()V 72 <appendix> argL0 ; # com/intellij/ui/scale/JBUIScale$$Lambda+0x00000000113262c0
instanceKlass fleet/kernel/rete/ReteState
instanceKlass  @bci com/intellij/ui/scale/JBUIScale <clinit> ()V 38 <appendix> argL0 ; # com/intellij/ui/scale/JBUIScale$$Lambda+0x0000000011325e20
instanceKlass  @bci com/intellij/ui/scale/JBUIScale <clinit> ()V 23 <appendix> argL0 ; # com/intellij/ui/scale/JBUIScale$$Lambda+0x00000000113258b8
instanceKlass  @cpi com/intellij/ui/scale/JBUIScale 711 form vmentry <vmtarget> ; # java/lang/invoke/LambdaForm$DMH+0x0000000011328800
instanceKlass kotlinx/coroutines/flow/internal/SafeCollectorKt
# instanceKlass java/lang/invoke/LambdaForm$DMH+0x0000000011328400
instanceKlass  @bci kotlinx/coroutines/flow/internal/SafeCollector_commonKt checkContext (Lkotlinx/coroutines/flow/internal/SafeCollector;Lkotlin/coroutines/CoroutineContext;)V 6 <appendix> member <vmtarget> ; # kotlinx/coroutines/flow/internal/SafeCollector_commonKt$$Lambda+0x0000000011324ff0
instanceKlass  @cpi kotlinx/coroutines/flow/internal/SafeCollector_commonKt 23 form vmentry <vmtarget> ; # java/lang/invoke/LambdaForm$DMH+0x0000000011328000
instanceKlass com/intellij/ui/scale/JBUIScale
instanceKlass kotlinx/coroutines/flow/internal/SafeCollector_commonKt
instanceKlass fleet/kernel/SubscriptionEvent$First
instanceKlass fleet/kernel/SubscriptionEvent
instanceKlass com/intellij/ide/ui/laf/LookAndFeelThemeAdapter$Companion
instanceKlass kotlinx/coroutines/flow/internal/NullSurrogateKt
instanceKlass kotlinx/coroutines/flow/SharedFlowImpl$Emitter
instanceKlass fleet/kernel/TransactorKt$withTransactor$2$transactor$1$log$1$invokeSuspend$$inlined$fold$1
instanceKlass  @bci kotlinx/coroutines/flow/internal/SafeCollector <init> (Lkotlinx/coroutines/flow/FlowCollector;Lkotlin/coroutines/CoroutineContext;)V 35 <appendix> argL0 ; # kotlinx/coroutines/flow/internal/SafeCollector$$Lambda+0x0000000011323530
instanceKlass kotlinx/coroutines/flow/internal/NoOpContinuation
instanceKlass javax/swing/LookAndFeel
instanceKlass fleet/kernel/TransactorKt$subscribe$2$job$1$1
instanceKlass java/util/concurrent/ForkJoinPool$DefaultForkJoinWorkerThreadFactory
instanceKlass java/util/concurrent/ForkJoinPool$1
instanceKlass jdk/internal/access/JavaUtilConcurrentFJPAccess
instanceKlass fleet/kernel/rete/ReteKt$withRete$2$1
instanceKlass fleet/kernel/Subscriber
instanceKlass java/util/concurrent/ForkJoinTask
instanceKlass fleet/kernel/DbSourceKt
instanceKlass java/util/concurrent/ForkJoinPool$WorkQueue
instanceKlass java/util/concurrent/CountDownLatch
instanceKlass kotlinx/coroutines/CopyableThrowable
instanceKlass com/intellij/ide/ui/laf/LookAndFeelThemeAdapterKt
instanceKlass kotlinx/coroutines/internal/ConcurrentLinkedListKt
instanceKlass fleet/kernel/ChangeInterceptor$Companion
instanceKlass java/math/MutableBigInteger
instanceKlass kotlinx/coroutines/selects/SelectImplementation$ClauseData
instanceKlass fleet/kernel/ChangeInterceptor
instanceKlass kotlinx/coroutines/selects/SelectClause1Impl
instanceKlass fleet/kernel/rete/ReteKt
instanceKlass kotlinx/coroutines/selects/SelectClause1
instanceKlass kotlinx/coroutines/selects/SelectClause
instanceKlass kotlinx/coroutines/selects/SelectKt$DUMMY_PROCESS_RESULT_FUNCTION$1
instanceKlass kotlinx/coroutines/selects/SelectKt
instanceKlass org/bouncycastle/util/BigIntegers$Cache
instanceKlass kotlinx/coroutines/selects/SelectImplementation
instanceKlass kotlinx/coroutines/selects/SelectInstanceInternal
instanceKlass java/awt/TrayIcon
instanceKlass kotlinx/coroutines/selects/SelectBuilder
instanceKlass fleet/kernel/rete/ContextMatches$Companion
instanceKlass fleet/kernel/rete/ContextMatches
instanceKlass com/intellij/ide/SequencedEventNestedFieldHolder
instanceKlass  @bci com/intellij/diagnostic/PerformanceWatcher <clinit> ()V 12 <appendix> argL0 ; # com/intellij/diagnostic/PerformanceWatcher$$Lambda+0x000000001131dc68
instanceKlass fleet/kernel/Transactor$DefaultImpls
instanceKlass com/intellij/diagnostic/PerformanceWatcher$Companion
instanceKlass kotlin/jvm/internal/Ref$LongRef
instanceKlass fleet/kernel/FlowDbSource
instanceKlass fleet/kernel/DbSource
instanceKlass com/intellij/diagnostic/PerformanceWatcher
instanceKlass fleet/kernel/DbSource$ContextElement$Companion
instanceKlass fleet/kernel/DbSource$ContextElement
instanceKlass  @bci jdk/internal/reflect/MethodHandleObjectFieldAccessorImpl set (Ljava/lang/Object;Ljava/lang/Object;)V 41 <adapter> ; # java/lang/invoke/LambdaForm$MH+0x0000000011318000
instanceKlass fleet/util/async/JobExtKt
instanceKlass com/intellij/util/concurrency/ContextRunnable
instanceKlass com/intellij/util/concurrency/ChildContext
instanceKlass fleet/util/channels/ChannelExtKt
instanceKlass com/intellij/openapi/application/AccessToken
instanceKlass  @bci com/intellij/util/concurrency/Propagation gatherAppliedChildContext (Lkotlin/coroutines/CoroutineContext;ZLcom/intellij/util/concurrency/BlockingJob;)Lkotlin/Pair; 17 <adapter> ; # java/lang/invoke/LambdaForm$MH+0x0000000011314c00
instanceKlass  @bci com/intellij/platform/ide/bootstrap/StartupUtil logEssentialInfoAboutIde (Lcom/intellij/openapi/diagnostic/Logger;Lcom/intellij/openapi/application/ApplicationInfo;Ljava/util/List;)V 437 <appendix> form names 6 function resolvedHandle form vmentry <vmtarget> ; # java/lang/invoke/LambdaForm$DMH+0x0000000011314800
instanceKlass fleet/multiplatform/shims/SingleThreadCoroutineDispatcher_jvmKt$newSingleThreadCoroutineDispatcherJvm$1$WhenMappings
instanceKlass  @bci com/intellij/util/concurrency/Propagation gatherAppliedChildContext (Lkotlin/coroutines/CoroutineContext;ZLcom/intellij/util/concurrency/BlockingJob;)Lkotlin/Pair; 17 <appendix> form vmentry <vmtarget> ; # java/lang/invoke/LambdaForm$DMH+0x0000000011314400
instanceKlass  @bci com/intellij/util/concurrency/Propagation gatherAppliedChildContext (Lkotlin/coroutines/CoroutineContext;ZLcom/intellij/util/concurrency/BlockingJob;)Lkotlin/Pair; 17 <appendix> member <vmtarget> ; # com/intellij/util/concurrency/Propagation$$Lambda+0x0000000011316308
instanceKlass  @cpi com/intellij/util/concurrency/Propagation 250 form vmentry <vmtarget> ; # java/lang/invoke/LambdaForm$DMH+0x0000000011314000
instanceKlass java/util/concurrent/ScheduledFuture
instanceKlass java/util/concurrent/Delayed
instanceKlass com/intellij/util/concurrency/BlockingJob$Companion
instanceKlass com/intellij/concurrency/IntelliJContextElement
instanceKlass java/util/concurrent/ScheduledExecutorService
instanceKlass kotlinx/coroutines/internal/ConcurrentKt
instanceKlass kotlinx/coroutines/internal/intellij/IntellijCoroutines
instanceKlass kotlinx/coroutines/ExecutorsKt
instanceKlass com/intellij/util/IntelliJCoroutinesFacade
instanceKlass com/intellij/util/concurrency/Holder
instanceKlass  @bci com/intellij/concurrency/client/ClientIdPropagation <clinit> ()V 49 <appendix> argL0 ; # com/intellij/concurrency/client/ClientIdPropagation$$Lambda+0x0000000011311c40
instanceKlass  @bci java/util/concurrent/Executors$AutoShutdownDelegatedExecutorService <init> (Ljava/util/concurrent/ExecutorService;)V 6 <appendix> member <vmtarget> ; # java/util/concurrent/Executors$AutoShutdownDelegatedExecutorService$$Lambda+0x00000000112cb460
instanceKlass  @bci com/intellij/concurrency/client/ClientIdPropagation <clinit> ()V 34 <appendix> argL0 ; # com/intellij/concurrency/client/ClientIdPropagation$$Lambda+0x00000000113119e0
instanceKlass java/util/concurrent/LinkedBlockingQueue$Node
instanceKlass  @bci com/intellij/concurrency/client/ClientIdPropagation <clinit> ()V 19 <appendix> argL0 ; # com/intellij/concurrency/client/ClientIdPropagation$$Lambda+0x0000000011311780
instanceKlass java/util/concurrent/Executors$DelegatedExecutorService
instanceKlass  @bci com/intellij/concurrency/client/ClientIdPropagation <clinit> ()V 4 <appendix> argL0 ; # com/intellij/concurrency/client/ClientIdPropagation$$Lambda+0x0000000011311520
instanceKlass  @bci fleet/multiplatform/shims/SingleThreadCoroutineDispatcher_jvmKt$newSingleThreadCoroutineDispatcherJvm$1 use (Lkotlin/jvm/functions/Function3;Lkotlin/coroutines/Continuation;)Ljava/lang/Object; 101 <appendix> member <vmtarget> ; # fleet/multiplatform/shims/SingleThreadCoroutineDispatcher_jvmKt$newSingleThreadCoroutineDispatcherJvm$1$$Lambda+0x00000000113112b8
instanceKlass org/bouncycastle/util/Integers
instanceKlass com/intellij/concurrency/client/ClientIdPropagation
instanceKlass org/bouncycastle/jce/spec/ECParameterSpec
instanceKlass java/util/concurrent/FutureTask
instanceKlass java/util/concurrent/RunnableFuture
instanceKlass java/util/concurrent/Future
instanceKlass org/bouncycastle/asn1/ASN1BitStringParser
instanceKlass org/bouncycastle/asn1/ASN1String
instanceKlass fleet/multiplatform/shims/SingleThreadCoroutineDispatcher_jvmKt$newSingleThreadCoroutineDispatcherJvm$1
instanceKlass fleet/multiplatform/shims/HighPriorityCoroutineDispatcherResource
instanceKlass fleet/multiplatform/shims/SingleThreadCoroutineDispatcher_jvmKt
instanceKlass fleet/multiplatform/shims/SingleThreadCoroutineDispatcherKt
instanceKlass com/intellij/concurrency/ContextAwareCallable
instanceKlass java/util/concurrent/Callable
instanceKlass org/bouncycastle/asn1/ASN1OutputStream
instanceKlass kotlinx/coroutines/flow/internal/FlowValueWrapperInternalKt
instanceKlass com/intellij/util/concurrency/Propagation
instanceKlass org/bouncycastle/asn1/ASN1SequenceParser
instanceKlass fleet/kernel/TransactorEvent$Init
instanceKlass fleet/kernel/TransactorEvent
instanceKlass org/bouncycastle/asn1/ASN1EncodableVector
instanceKlass kotlinx/coroutines/flow/AbstractFlow
instanceKlass kotlinx/coroutines/flow/FlowKt__BuildersKt
instanceKlass  @bci com/intellij/concurrency/ThreadContext <clinit> ()V 28 <appendix> argL0 ; # com/intellij/concurrency/ThreadContext$$Lambda+0x000000001130d630
instanceKlass org/bouncycastle/math/ec/WNafPreCompInfo
instanceKlass org/bouncycastle/math/ec/WNafUtil$1
instanceKlass com/intellij/concurrency/InstalledThreadContext
instanceKlass org/bouncycastle/math/ec/WNafUtil
instanceKlass fleet/kernel/Transactor$Companion
instanceKlass com/intellij/concurrency/ThreadContext
# instanceKlass java/lang/invoke/LambdaForm$MH+0x0000000011308400
instanceKlass fleet/kernel/TransactorKt$withTransactor$2$transactor$1
instanceKlass fleet/kernel/Transactor
# instanceKlass java/lang/invoke/LambdaForm$MH+0x0000000011308000
instanceKlass fleet/kernel/TransactorKt$withTransactor$2$dbState$1
instanceKlass jdk/internal/reflect/FieldAccessorImpl
instanceKlass kotlinx/coroutines/flow/StateFlow
instanceKlass jdk/internal/reflect/FieldAccessor
instanceKlass  @bci kotlinx/coroutines/channels/BufferedChannel <init> (ILkotlin/jvm/functions/Function1;)V 159 <appendix> member <vmtarget> ; # kotlinx/coroutines/channels/BufferedChannel$$Lambda+0x00000000113070b8
instanceKlass javax/swing/RepaintManager$ProcessingRunnable
instanceKlass kotlinx/coroutines/selects/SelectInstance
instanceKlass com/intellij/openapi/application/impl/InvocationUtil
instanceKlass com/intellij/util/containers/LockFreeCopyOnWriteArrayList$COWIterator
instanceKlass javax/swing/SwingUtilities
instanceKlass javax/swing/SwingConstants
instanceKlass  @bci com/intellij/platform/ide/bootstrap/UiThreadPriority adjust ()V 5 <appendix> member <vmtarget> ; # com/intellij/platform/ide/bootstrap/UiThreadPriority$$Lambda+0x00000000113061c8
instanceKlass com/intellij/platform/ide/bootstrap/UiThreadPriority
instanceKlass com/intellij/openapi/application/RuntimeFlagsKt
instanceKlass fleet/kernel/rebase/WorkspaceClockEntity
instanceKlass com/intellij/openapi/application/impl/AWTExceptionHandler
instanceKlass  @bci com/intellij/ide/IdeEventQueue <init> ()V 500 <appendix> argL0 ; # com/intellij/ide/IdeEventQueue$$Lambda+0x0000000011304c90
instanceKlass com/intellij/ide/EditingCanceller
instanceKlass com/intellij/ide/IdeEventQueue$WindowsUpMaximizer
instanceKlass  @bci com/intellij/util/containers/LockFreeCopyOnWriteArrayList add (Ljava/lang/Object;)Z 2 <appendix> member <vmtarget> ; # com/intellij/util/containers/LockFreeCopyOnWriteArrayList$$Lambda+0x0000000011304508
instanceKlass com/intellij/ide/IdeEventQueueKt
instanceKlass fleet/kernel/rebase/RemoteKernelConnectionEntity
instanceKlass com/intellij/ide/WindowsAltSuppressor
instanceKlass com/intellij/ide/IdeEventQueue$NonLockedEventDispatcher
instanceKlass java/beans/VetoableChangeListener
instanceKlass java/beans/VetoableChangeSupport
instanceKlass javax/swing/LayoutComparator
instanceKlass javax/swing/CompareTabOrderComparator
instanceKlass org/bouncycastle/math/ec/ECAlgorithms
instanceKlass org/bouncycastle/math/ec/ValidityPrecompInfo
instanceKlass org/bouncycastle/math/ec/PreCompInfo
instanceKlass fleet/kernel/rebase/OfferContributorEntity
instanceKlass org/bouncycastle/math/ec/ECPoint$1
instanceKlass fleet/kernel/rebase/RebaseEntitiesKt
instanceKlass sun/awt/KeyboardFocusManagerPeerImpl
instanceKlass java/awt/peer/KeyboardFocusManagerPeer
instanceKlass javax/swing/KeyStroke$1
instanceKlass sun/swing/SwingAccessor$KeyStrokeAccessor
instanceKlass sun/swing/SwingAccessor
instanceKlass java/awt/AWTKeyStroke
instanceKlass java/awt/FocusTraversalPolicy
instanceKlass java/awt/DefaultKeyboardFocusManager$1
instanceKlass sun/awt/AWTAccessor$DefaultKeyboardFocusManagerAccessor
instanceKlass kotlin/collections/builders/MapBuilder$EntryRef
instanceKlass kotlin/collections/builders/MapBuilder$Itr
instanceKlass java/awt/KeyboardFocusManager$1
instanceKlass sun/awt/AWTAccessor$KeyboardFocusManagerAccessor
instanceKlass kotlin/jvm/internal/SpreadBuilder
instanceKlass java/awt/KeyboardFocusManager
instanceKlass org/bouncycastle/util/BigIntegers
instanceKlass java/awt/KeyEventPostProcessor
instanceKlass java/awt/KeyEventDispatcher
instanceKlass org/bouncycastle/asn1/ASN1OctetStringParser
instanceKlass org/bouncycastle/asn1/InMemoryRepresentable
instanceKlass fleet/kernel/SharedRetractionRelation
instanceKlass org/bouncycastle/math/ec/LongArray
instanceKlass com/intellij/ide/IdeKeyboardFocusManagerKt
instanceKlass  @bci com/intellij/util/ui/EDT <clinit> ()V 0 <appendix> argL0 ; # com/intellij/util/ui/EDT$$Lambda+0x00000000112bb588
instanceKlass org/bouncycastle/math/ec/PreCompCallback
instanceKlass com/intellij/util/ui/EDT
instanceKlass org/bouncycastle/math/field/GF2Polynomial
instanceKlass org/bouncycastle/math/field/GenericPolynomialExtensionField
instanceKlass org/bouncycastle/math/field/PrimeField
instanceKlass  @bci com/intellij/openapi/application/impl/NonBlockingFlushQueue <init> (Lcom/intellij/openapi/application/ThreadingSupport;)V 101 <appendix> member <vmtarget> ; # com/intellij/openapi/application/impl/NonBlockingFlushQueue$$Lambda+0x00000000112bfb30
instanceKlass org/bouncycastle/math/field/PolynomialExtensionField
instanceKlass org/bouncycastle/math/field/ExtensionField
instanceKlass org/bouncycastle/math/field/Polynomial
instanceKlass org/bouncycastle/math/field/FiniteFields
instanceKlass org/bouncycastle/util/Properties$2
instanceKlass org/bouncycastle/util/Properties$1
instanceKlass com/intellij/concurrency/ContextAwareRunnable
instanceKlass fleet/kernel/RetractionRelation
instanceKlass org/bouncycastle/util/Properties
instanceKlass fleet/kernel/ChangeScopeExtKt
instanceKlass  @bci it/unimi/dsi/fastutil/objects/ObjectArrayList <clinit> ()V 26 <appendix> argL0 ; # it/unimi/dsi/fastutil/objects/ObjectArrayList$$Lambda+0x00000000112bd6c0
instanceKlass org/bouncycastle/math/ec/ECFieldElement
instanceKlass org/bouncycastle/math/ec/ECConstants
instanceKlass  @cpi com/intellij/openapi/actionSystem/DefaultActionGroup 598 form vmentry <vmtarget> ; # java/lang/invoke/LambdaForm$DMH+0x00000000112b8400
instanceKlass org/bouncycastle/math/ec/ECPoint
instanceKlass org/bouncycastle/math/field/FiniteField
instanceKlass  @bci it/unimi/dsi/fastutil/objects/ObjectArrayList <clinit> ()V 21 <appendix> argL0 ; # it/unimi/dsi/fastutil/objects/ObjectArrayList$$Lambda+0x00000000112bc240
instanceKlass org/bouncycastle/math/ec/ECMultiplier
instanceKlass com/jetbrains/rhizomedb/EntityAttributeKt
instanceKlass org/bouncycastle/math/ec/ECLookupTable
instanceKlass  @cpi it/unimi/dsi/fastutil/objects/ReferenceOpenHashSet 125 form vmentry <vmtarget> ; # java/lang/invoke/LambdaForm$DMH+0x00000000112b8000
instanceKlass com/jetbrains/rhizomedb/EntityTypeKt$buildAttributes$1$1$1
instanceKlass fleet/fastutil/ints/IntOpenHashSet$Companion
instanceKlass org/bouncycastle/internal/asn1/cryptlib/CryptlibObjectIdentifiers
instanceKlass fleet/fastutil/ints/IntOpenHashSet
instanceKlass  @bci it/unimi/dsi/fastutil/objects/ObjectArrayList <clinit> ()V 16 <appendix> argL0 ; # it/unimi/dsi/fastutil/objects/ObjectArrayList$$Lambda+0x00000000112b69e8
instanceKlass fleet/fastutil/ints/MutableIntSet
instanceKlass fleet/fastutil/ints/IntSet
instanceKlass  @bci fleet/kernel/TransactorKt$withTransactor$2$initialDb$2$1$1$1$1 invoke (Lcom/jetbrains/rhizomedb/ChangeScope;)Lfleet/kernel/DbTimestamp; 22 <appendix> argL0 ; # fleet/kernel/TransactorKt$withTransactor$2$initialDb$2$1$1$1$1$$Lambda+0x00000000112b57f8
instanceKlass it/unimi/dsi/fastutil/objects/ObjectListIterator
instanceKlass it/unimi/dsi/fastutil/objects/ObjectBidirectionalIterator
instanceKlass it/unimi/dsi/fastutil/BidirectionalIterator
instanceKlass com/jetbrains/rhizomedb/EntityBuilder$Target
instanceKlass com/jetbrains/rhizomedb/EntityBuilder
instanceKlass it/unimi/dsi/fastutil/objects/ObjectSpliterator
instanceKlass it/unimi/dsi/fastutil/objects/ObjectIterator
instanceKlass it/unimi/dsi/fastutil/objects/ObjectList
instanceKlass it/unimi/dsi/fastutil/Stack
instanceKlass fleet/kernel/rebase/SharedBlock
instanceKlass  @bci java/util/Comparator comparing (Ljava/util/function/Function;)Ljava/util/Comparator; 6 <appendix> member <vmtarget> ; # java/util/Comparator$$Lambda+0x00000000112c0390
instanceKlass com/intellij/openapi/util/Ref
instanceKlass fleet/fastutil/ints/IntEntry
instanceKlass java/lang/classfile/constantpool/IntegerEntry
instanceKlass com/intellij/openapi/application/impl/BulkArrayQueue
instanceKlass sun/invoke/util/BytecodeDescriptor
instanceKlass fleet/kernel/rebase/InstructionsRecordingKt$instructionsRecording$1$SharedInstructionWithEffects
instanceKlass com/intellij/openapi/diagnostic/ThrottledLogger
instanceKlass com/intellij/openapi/application/impl/NonBlockingFlushQueue$Companion
instanceKlass java/lang/classfile/constantpool/StringEntry
instanceKlass java/lang/classfile/constantpool/ConstantValueEntry
instanceKlass com/intellij/openapi/application/impl/NonBlockingFlushQueue
instanceKlass kotlinx/serialization/internal/LongSerializer
instanceKlass java/lang/invoke/InnerClassLambdaMetafactory$4
instanceKlass java/lang/invoke/InnerClassLambdaMetafactory$SerializationSupport
instanceKlass kotlin/jvm/internal/LongCompanionObject
instanceKlass com/jetbrains/rhizomedb/EntityTypeKt
instanceKlass kotlinx/coroutines/channels/BufferedChannel$BufferedChannelIterator
instanceKlass  @cpi com/intellij/ide/plugins/ClassLoaderConfiguratorKt 340 form vmentry <vmtarget> ; # java/lang/invoke/LambdaForm$DMH+0x00000000112ac000
instanceKlass kotlinx/coroutines/channels/ChannelIterator
instanceKlass kotlinx/coroutines/flow/internal/AbstractSharedFlowKt
instanceKlass java/util/concurrent/atomic/AtomicLongArray
instanceKlass kotlinx/coroutines/flow/SubscribedFlowCollector
instanceKlass java/util/concurrent/atomic/AtomicIntegerArray
instanceKlass  @bci sun/font/SunFontManager fontVersionComparator (Ljava/lang/String;Ljava/lang/String;)I 14 <appendix> argL0 ; # sun/font/SunFontManager$$Lambda+0x000000001127e738
instanceKlass kotlinx/coroutines/flow/internal/AbstractSharedFlowSlot
instanceKlass kotlinx/coroutines/flow/ThrowingCollector
instanceKlass com/intellij/util/EventDispatcher
instanceKlass kotlinx/coroutines/flow/FlowKt__EmittersKt
instanceKlass kotlinx/coroutines/flow/internal/ChannelFlowTransformLatest$flowCollect$3$1
instanceKlass kotlin/reflect/jvm/internal/impl/name/SpecialNames
instanceKlass java/io/RandomAccessFile$1
instanceKlass kotlin/reflect/jvm/internal/impl/builtins/CompanionObjectMapping
instanceKlass com/intellij/openapi/application/ModalityStateListener
instanceKlass kotlinx/coroutines/flow/FlowKt__ChannelsKt
instanceKlass kotlinx/coroutines/flow/internal/SendingCollector
instanceKlass sun/nio/cs/ArrayDecoder
instanceKlass kotlin/coroutines/ContinuationKt
instanceKlass kotlinx/coroutines/channels/ProducerScope
instanceKlass org/bouncycastle/crypto/ec/CustomNamedCurves
instanceKlass kotlin/reflect/jvm/internal/impl/name/FqNamesUtilKt
instanceKlass kotlinx/coroutines/channels/BufferedChannelKt
instanceKlass  @bci java/util/stream/Collectors joining (Ljava/lang/CharSequence;Ljava/lang/CharSequence;Ljava/lang/CharSequence;)Ljava/util/stream/Collector; 22 <appendix> argL0 ; # java/util/stream/Collectors$$Lambda+0x000000001127c540
instanceKlass org/bouncycastle/jce/ECNamedCurveTable
instanceKlass kotlin/reflect/jvm/internal/impl/utils/CollectionsKt
instanceKlass java/util/Vector$1
instanceKlass com/intellij/openapi/application/ModalityState
instanceKlass  @bci java/util/stream/Collectors joining (Ljava/lang/CharSequence;Ljava/lang/CharSequence;Ljava/lang/CharSequence;)Ljava/util/stream/Collector; 17 <appendix> argL0 ; # java/util/stream/Collectors$$Lambda+0x000000001127c028
instanceKlass kotlin/reflect/jvm/internal/impl/builtins/PrimitiveType$Companion
instanceKlass kotlin/reflect/jvm/internal/impl/builtins/PrimitiveType$$Lambda$1
instanceKlass org/bouncycastle/asn1/gm/GMNamedCurves
instanceKlass kotlin/reflect/jvm/internal/impl/builtins/PrimitiveType$$Lambda$0
instanceKlass  @bci java/util/stream/Collectors joining (Ljava/lang/CharSequence;Ljava/lang/CharSequence;Ljava/lang/CharSequence;)Ljava/util/stream/Collector; 12 <appendix> argL0 ; # java/util/stream/Collectors$$Lambda+0x0000000011279b60
instanceKlass javax/swing/RootPaneContainer
instanceKlass org/bouncycastle/asn1/cryptopro/ECGOST3410NamedCurves
instanceKlass  @bci java/util/stream/Collectors joining (Ljava/lang/CharSequence;Ljava/lang/CharSequence;Ljava/lang/CharSequence;)Ljava/util/stream/Collector; 7 <appendix> member <vmtarget> ; # java/util/stream/Collectors$$Lambda+0x00000000112796b8
instanceKlass kotlin/reflect/jvm/internal/impl/builtins/StandardNames$FqNames
instanceKlass kotlinx/coroutines/channels/BufferedChannel
instanceKlass javax/swing/WindowConstants
instanceKlass org/bouncycastle/asn1/anssi/ANSSIObjectIdentifiers
instanceKlass java/util/StringJoiner
instanceKlass org/bouncycastle/asn1/anssi/ANSSINamedCurves
instanceKlass  @bci sun/font/TrueTypeFont parseVersion (Ljava/lang/String;)Ljava/lang/String; 55 <appendix> argL0 ; # sun/font/TrueTypeFont$$Lambda+0x0000000011278fa8
instanceKlass kotlin/reflect/jvm/internal/impl/builtins/jvm/JavaToKotlinClassMap$PlatformMutabilityMapping
instanceKlass  @bci sun/font/TrueTypeFont parseVersion (Ljava/lang/String;)Ljava/lang/String; 45 <appendix> argL0 ; # sun/font/TrueTypeFont$$Lambda+0x0000000011278d28
instanceKlass kotlinx/coroutines/channels/Channel
instanceKlass com/intellij/openapi/application/impl/LaterInvocator
instanceKlass kotlinx/coroutines/channels/ReceiveChannel
instanceKlass kotlinx/coroutines/channels/SendChannel
instanceKlass  @bci sun/font/TrueTypeFont parseVersion (Ljava/lang/String;)Ljava/lang/String; 35 <appendix> argL0 ; # sun/font/TrueTypeFont$$Lambda+0x0000000011278810
instanceKlass  @bci com/intellij/ide/IdeEventQueue <init> ()V 300 <appendix> argL0 ; # com/intellij/ide/IdeEventQueue$$Lambda+0x0000000011297198
instanceKlass com/intellij/ide/HoverService
instanceKlass kotlin/reflect/jvm/internal/impl/name/StandardClassIdsKt
instanceKlass  @bci java/util/regex/CharPredicates ctype (I)Ljava/util/regex/Pattern$CharPredicate; 1 <appendix> member <vmtarget> ; # java/util/regex/CharPredicates$$Lambda+0x00000000112773c0
instanceKlass com/intellij/openapi/util/EmptyRunnable
instanceKlass org/bouncycastle/asn1/teletrust/TeleTrusTNamedCurves
instanceKlass com/intellij/openapi/application/ThreadingRuntimeFlagsKt
instanceKlass kotlinx/coroutines/channels/ChannelKt
instanceKlass kotlin/reflect/jvm/internal/impl/name/StandardClassIds
instanceKlass org/bouncycastle/asn1/nist/NISTNamedCurves
instanceKlass javax/swing/TransferHandler$HasGetTransferHandler
instanceKlass kotlinx/coroutines/channels/ProduceKt
instanceKlass kotlin/reflect/jvm/internal/impl/builtins/StandardNames
instanceKlass org/bouncycastle/math/ec/endo/ECEndomorphism
instanceKlass sun/font/TrueTypeFont$DirectoryEntry
instanceKlass kotlinx/coroutines/flow/internal/NopCollector
instanceKlass kotlinx/coroutines/flow/internal/FusibleFlow$DefaultImpls
instanceKlass kotlin/reflect/jvm/internal/impl/builtins/functions/FunctionTypeKind$Companion
instanceKlass kotlinx/coroutines/flow/FlowKt__ContextKt
instanceKlass com/intellij/ide/IdePopupManager
instanceKlass com/intellij/ide/IdeEventQueue$EventDispatcher
instanceKlass kotlin/reflect/jvm/internal/impl/builtins/functions/FunctionTypeKind
instanceKlass kotlinx/coroutines/flow/internal/ChannelFlow
instanceKlass  @bci sun/nio/fs/ExtendedOptions$InternalOption registerInternal (Ljava/lang/Object;Ljava/lang/Object;)V 16 <appendix> member <vmtarget> ; # sun/nio/fs/ExtendedOptions$InternalOption$$Lambda+0x0000000011274c18
instanceKlass kotlin/reflect/jvm/internal/impl/builtins/jvm/JavaToKotlinClassMap
instanceKlass sun/nio/fs/ExtendedOptions$Wrapper
instanceKlass sun/nio/fs/ExtendedOptions$InternalOption
instanceKlass kotlin/jvm/functions/Function22
instanceKlass sun/nio/fs/ExtendedOptions
instanceKlass kotlin/jvm/functions/Function21
instanceKlass kotlin/jvm/functions/Function20
instanceKlass kotlin/jvm/functions/Function19
instanceKlass java/io/IoOverNioOsSpecific
instanceKlass kotlin/jvm/functions/Function18
instanceKlass kotlinx/coroutines/flow/FlowKt__MergeKt
instanceKlass kotlin/jvm/functions/Function17
instanceKlass kotlin/jvm/functions/Function16
instanceKlass kotlin/jvm/functions/Function15
instanceKlass javax/accessibility/Accessible
instanceKlass kotlin/jvm/functions/Function14
instanceKlass kotlin/jvm/functions/Function13
instanceKlass sun/font/TrueTypeFont$TTDisposerRecord
instanceKlass kotlin/jvm/functions/Function12
instanceKlass kotlin/jvm/functions/Function11
instanceKlass kotlinx/coroutines/flow/FlowKt__CollectKt
instanceKlass kotlin/jvm/functions/Function10
instanceKlass kotlin/jvm/functions/Function9
instanceKlass kotlin/jvm/functions/Function8
instanceKlass java/util/stream/ReduceOps$2ReducingSink
instanceKlass kotlin/jvm/functions/Function7
instanceKlass kotlin/jvm/functions/Function6
instanceKlass kotlin/jvm/functions/Function5
instanceKlass kotlin/jvm/functions/Function4
instanceKlass  @bci java/util/function/BinaryOperator maxBy (Ljava/util/Comparator;)Ljava/util/function/BinaryOperator; 6 <appendix> member <vmtarget> ; # java/util/function/BinaryOperator$$Lambda+0x0000000011271008
instanceKlass org/bouncycastle/asn1/sec/SECNamedCurves
instanceKlass kotlinx/coroutines/flow/FlowKt
instanceKlass  @bci sun/awt/Win32FontManager registerJREFonts ()V 107 <appendix> argL0 ; # sun/awt/Win32FontManager$$Lambda+0x0000000011270d30
instanceKlass kotlin/reflect/jvm/internal/impl/descriptors/runtime/structure/ReflectClassUtilKt
instanceKlass com/intellij/openapi/actionSystem/Shortcut
instanceKlass org/bouncycastle/math/ec/ECCurve
instanceKlass  @bci sun/awt/Win32FontManager registerJREFonts ()V 97 <appendix> member <vmtarget> ; # sun/awt/Win32FontManager$$Lambda+0x0000000011270aa8
instanceKlass com/intellij/openapi/keymap/impl/IdeMouseEventDispatcher
instanceKlass kotlin/reflect/jvm/internal/RuntimeTypeMapper
instanceKlass kotlin/reflect/jvm/internal/KClassImpl$Data$$Lambda$21
instanceKlass java/util/stream/Streams$2
instanceKlass kotlin/reflect/jvm/internal/KClassImpl$Data$$Lambda$20
instanceKlass java/util/stream/Streams$ConcatSpliterator
instanceKlass kotlin/reflect/jvm/internal/KClassImpl$Data$$Lambda$19
instanceKlass kotlin/reflect/jvm/internal/KClassImpl$Data$$Lambda$18
instanceKlass kotlin/reflect/jvm/internal/KClassImpl$Data$$Lambda$17
instanceKlass kotlin/reflect/jvm/internal/KClassImpl$Data$$Lambda$16
instanceKlass kotlin/reflect/jvm/internal/KClassImpl$Data$$Lambda$15
instanceKlass kotlin/reflect/jvm/internal/KClassImpl$Data$$Lambda$14
instanceKlass kotlin/reflect/jvm/internal/KClassImpl$Data$$Lambda$13
instanceKlass kotlin/reflect/jvm/internal/KClassImpl$Data$$Lambda$12
instanceKlass kotlinx/coroutines/flow/internal/AbstractSharedFlow
instanceKlass kotlin/reflect/jvm/internal/KClassImpl$Data$$Lambda$11
instanceKlass org/bouncycastle/asn1/x9/X9ECParametersHolder
instanceKlass kotlin/reflect/jvm/internal/KClassImpl$Data$$Lambda$10
instanceKlass org/bouncycastle/asn1/x9/X962NamedCurves
instanceKlass kotlin/reflect/jvm/internal/KClassImpl$Data$$Lambda$9
instanceKlass kotlin/reflect/jvm/internal/KClassImpl$Data$$Lambda$8
instanceKlass org/bouncycastle/asn1/x9/ECNamedCurveTable
instanceKlass kotlin/reflect/jvm/internal/KClassImpl$Data$$Lambda$7
instanceKlass kotlin/reflect/jvm/internal/KClassImpl$Data$$Lambda$6
instanceKlass org/bouncycastle/jcajce/provider/asymmetric/EC
instanceKlass kotlinx/coroutines/flow/internal/FusibleFlow
instanceKlass kotlin/reflect/jvm/internal/KClassImpl$Data$$Lambda$5
instanceKlass kotlin/reflect/jvm/internal/KClassImpl$Data$$Lambda$4
instanceKlass kotlin/reflect/jvm/internal/KClassImpl$Data$$Lambda$3
instanceKlass kotlinx/coroutines/flow/CancellableFlow
instanceKlass kotlin/reflect/jvm/internal/KClassImpl$Data$$Lambda$2
instanceKlass kotlin/reflect/jvm/internal/KClassImpl$Data$$Lambda$1
instanceKlass kotlin/reflect/jvm/internal/KClassImpl$Data$$Lambda$0
instanceKlass kotlinx/coroutines/flow/MutableSharedFlow
instanceKlass kotlinx/coroutines/flow/FlowCollector
instanceKlass kotlin/reflect/jvm/internal/ReflectProperties$Val$1
instanceKlass kotlinx/coroutines/flow/SharedFlow
instanceKlass kotlinx/coroutines/flow/Flow
instanceKlass kotlin/reflect/jvm/internal/ReflectProperties$Val
instanceKlass kotlin/reflect/jvm/internal/ReflectProperties
instanceKlass org/bouncycastle/jcajce/provider/asymmetric/DH
instanceKlass kotlin/reflect/jvm/internal/KDeclarationContainerImpl$Data$$Lambda$0
instanceKlass kotlin/reflect/KProperty$Getter
instanceKlass kotlin/reflect/KProperty$Accessor
instanceKlass kotlinx/coroutines/flow/SharedFlowKt
instanceKlass org/bouncycastle/jcajce/provider/asymmetric/dsa/DSAUtil
instanceKlass kotlin/reflect/jvm/internal/KDeclarationContainerImpl$Data
instanceKlass org/bouncycastle/crypto/params/AsymmetricKeyParameter
instanceKlass com/intellij/openapi/keymap/impl/KeyProcessorContext
instanceKlass fleet/kernel/DbTimestamp
instanceKlass com/jetbrains/rhizomedb/DBUtilKt$withDefaultPart$1$1
instanceKlass com/intellij/openapi/actionSystem/AnActionEventVisitor
instanceKlass com/intellij/openapi/keymap/impl/keyGestures/KeyboardGestureProcessor$1
instanceKlass javax/swing/Timer$DoPostEvent
instanceKlass fleet/kernel/rebase/SafetyNetKt
instanceKlass fleet/kernel/rebase/InstructionsRecordingKt$instructionsRecording$1$1
instanceKlass javax/swing/Timer
instanceKlass org/bouncycastle/asn1/x509/X509ObjectIdentifiers
instanceKlass fleet/kernel/rebase/InstructionsRecordingKt
instanceKlass com/intellij/util/ui/TimerUtil
instanceKlass  @bci com/intellij/openapi/keymap/impl/keyGestures/KeyboardGestureProcessor <init> (Lcom/intellij/openapi/keymap/impl/IdeKeyEventDispatcher;)V 101 <appendix> argL0 ; # com/intellij/openapi/keymap/impl/keyGestures/KeyboardGestureProcessor$$Lambda+0x0000000011266640
instanceKlass fleet/kernel/StorageKey$$serializer
instanceKlass fleet/kernel/StorageKey$Companion
instanceKlass fleet/kernel/StorageKey
instanceKlass com/intellij/openapi/actionSystem/AnActionEvent
instanceKlass com/intellij/ui/PlaceProvider
instanceKlass org/bouncycastle/jce/spec/ECNamedCurveGenParameterSpec
instanceKlass  @bci fleet/kernel/Durable <clinit> ()V 24 <appendix> argL0 ; # fleet/kernel/Durable$$Lambda+0x00000000112648f0
instanceKlass com/jetbrains/rhizomedb/DefaultValue
instanceKlass java/security/spec/RSAKeyGenParameterSpec
instanceKlass fleet/util/serialization/DataSerializer
instanceKlass org/bouncycastle/crypto/Digest
instanceKlass com/intellij/openapi/keymap/impl/keyGestures/StateContext
instanceKlass org/bouncycastle/jcajce/provider/asymmetric/compositesignatures/CompositeIndex
instanceKlass com/intellij/openapi/keymap/impl/ActionProcessor
instanceKlass java/awt/event/ActionListener
instanceKlass org/bouncycastle/jcajce/provider/asymmetric/EXTERNAL
instanceKlass org/bouncycastle/jcajce/provider/asymmetric/EXTERNAL$ExternalKeyInfoConverter
instanceKlass fleet/kernel/DurableEntityKt
instanceKlass com/intellij/openapi/keymap/impl/keyGestures/KeyGestureState
instanceKlass org/bouncycastle/jcajce/provider/asymmetric/COMPOSITE
instanceKlass com/intellij/openapi/keymap/impl/keyGestures/KeyboardGestureProcessor
instanceKlass org/bouncycastle/jcajce/util/ProviderJcaJceHelper
instanceKlass fleet/kernel/rebase/LeaderTransactorMiddleware$performChange$1$1
instanceKlass fleet/kernel/rebase/Shared$Companion
instanceKlass fleet/kernel/rebase/Shared
instanceKlass fleet/kernel/rebase/SharedChangeScope
instanceKlass  @bci com/intellij/util/containers/ConcurrentRefHashMap <clinit> ()V 13 <appendix> argL0 ; # com/intellij/util/containers/ConcurrentRefHashMap$$Lambda+0x000000001125ef30
instanceKlass org/bouncycastle/asn1/sec/SECObjectIdentifiers
instanceKlass com/intellij/util/containers/ConcurrentRefHashMap$KeyReference
instanceKlass org/bouncycastle/asn1/ASN1Choice
instanceKlass org/bouncycastle/internal/asn1/edec/EdECObjectIdentifiers
instanceKlass fleet/util/openmap/PersistentBoundedOpenMap
instanceKlass  @bci java/io/IoOverNioFileSystem list0 (Ljava/io/File;)[Ljava/lang/String; 168 <appendix> argL0 ; # java/io/IoOverNioFileSystem$$Lambda+0x00000000111fee60
instanceKlass fleet/util/openmap/BoundedOpenMap$Companion
instanceKlass com/jetbrains/rhizomedb/Change
instanceKlass java/security/PublicKey
instanceKlass java/security/PrivateKey
instanceKlass javax/security/auth/Destroyable
instanceKlass java/security/AsymmetricKey
instanceKlass java/security/DEREncodable
instanceKlass java/security/Key
instanceKlass it/unimi/dsi/fastutil/ints/Int2ObjectMap$FastEntrySet
instanceKlass java/security/spec/KeySpec
instanceKlass java/security/KeyFactorySpi
instanceKlass it/unimi/dsi/fastutil/ints/IntSet
instanceKlass java/io/IoOverNioFileSystem$AcceptAllFilter
instanceKlass it/unimi/dsi/fastutil/ints/IntCollection
instanceKlass it/unimi/dsi/fastutil/ints/IntIterable
instanceKlass org/bouncycastle/jcajce/util/JcaJceHelper
instanceKlass sun/font/GlyphRenderData
instanceKlass sun/font/GlyphList
instanceKlass it/unimi/dsi/fastutil/ints/Int2ObjectMap$Entry
instanceKlass kotlin/collections/ArrayAsCollection
instanceKlass  @bci java/lang/invoke/VarHandles filterValue (Ljava/lang/invoke/VarHandle;Ljava/lang/invoke/MethodHandle;Ljava/lang/invoke/MethodHandle;)Ljava/lang/invoke/VarHandle; 391 <appendix> member <vmtarget> ; # java/lang/invoke/VarHandles$$Lambda+0x00000000111fa290
instanceKlass kotlinx/collections/immutable/implementations/immutableSet/TrieNodeIterator
instanceKlass it/unimi/dsi/fastutil/ints/AbstractInt2ObjectFunction
instanceKlass kotlinx/collections/immutable/implementations/immutableSet/PersistentHashSetIterator
instanceKlass jdk/internal/foreign/MemorySessionImpl
instanceKlass java/lang/foreign/MemorySegment$Scope
instanceKlass  @bci java/lang/invoke/VarHandles adaptForCheckedExceptions (Ljava/lang/invoke/MethodHandle;)Ljava/lang/invoke/MethodHandle; 13 <appendix> argL0 ; # java/lang/invoke/VarHandles$$Lambda+0x00000000111f9ae8
instanceKlass kotlinx/collections/immutable/implementations/immutableSet/TrieNodeKt
instanceKlass java/lang/foreign/Arena
instanceKlass java/lang/foreign/SegmentAllocator
instanceKlass jdk/internal/foreign/abi/LinkerOptions
instanceKlass org/bouncycastle/jcajce/provider/symmetric/Zuc
instanceKlass kotlinx/collections/immutable/PersistentSet$Builder
instanceKlass java/lang/foreign/Linker
instanceKlass jdk/internal/foreign/abi/AbstractLinker$UpcallStubFactory
instanceKlass kotlinx/collections/immutable/PersistentCollection$Builder
instanceKlass jdk/internal/foreign/abi/CallingSequence
instanceKlass java/lang/foreign/FunctionDescriptor
instanceKlass it/unimi/dsi/fastutil/ints/Int2ObjectMap
instanceKlass org/bouncycastle/jcajce/provider/symmetric/GOST3412_2015
instanceKlass kotlinx/collections/immutable/implementations/immutableSet/TrieNode$Companion
instanceKlass it/unimi/dsi/fastutil/ints/Int2ObjectFunction
instanceKlass java/lang/invoke/VarHandleSegmentAsLongs
instanceKlass kotlinx/collections/immutable/implementations/immutableSet/TrieNode
instanceKlass java/lang/invoke/VarHandleSegmentAsBytes
instanceKlass org/bouncycastle/jcajce/provider/symmetric/DSTU7624
instanceKlass kotlinx/collections/immutable/implementations/immutableSet/PersistentHashSet$Companion
instanceKlass kotlin/collections/AbstractSet$Companion
instanceKlass com/intellij/util/containers/IntKeyWeakValueHashMap
instanceKlass java/lang/invoke/VarHandleSegmentAsChars
instanceKlass org/bouncycastle/jcajce/provider/symmetric/OpenSSLPBKDF
instanceKlass com/intellij/openapi/util/Key
instanceKlass  @bci com/intellij/concurrency/ThreadContext installThreadContext (Lkotlin/coroutines/CoroutineContext;Z)Lcom/intellij/openapi/application/AccessToken; 17 <appendix> form vmentry <vmtarget> ; # java/lang/invoke/LambdaForm$DMH+0x0000000011254000
instanceKlass org/bouncycastle/jcajce/provider/symmetric/XSalsa20
instanceKlass org/bouncycastle/jcajce/provider/symmetric/XTEA
instanceKlass kotlinx/collections/immutable/PersistentSet
instanceKlass  @bci java/lang/invoke/VarHandles insertCoordinates (Ljava/lang/invoke/VarHandle;I[Ljava/lang/Object;)Ljava/lang/invoke/VarHandle; 204 <appendix> member <vmtarget> ; # java/lang/invoke/VarHandles$$Lambda+0x00000000111f7c60
instanceKlass org/bouncycastle/jcajce/provider/symmetric/VMPCKSA3
instanceKlass kotlinx/collections/immutable/PersistentCollection
instanceKlass com/intellij/openapi/actionSystem/impl/PresentationFactory
instanceKlass kotlinx/collections/immutable/ImmutableSet
instanceKlass org/bouncycastle/jcajce/provider/symmetric/VMPC
instanceKlass com/jetbrains/rhizomedb/SetWithEditor
instanceKlass  @cpi java/lang/invoke/VarHandles 962 form vmentry <vmtarget> ; # java/lang/invoke/LambdaForm$DMH+0x0000000011249c00
instanceKlass org/bouncycastle/jcajce/provider/symmetric/Threefish
instanceKlass com/intellij/openapi/keymap/impl/IdeKeyEventDispatcher$Companion
instanceKlass org/bouncycastle/jcajce/provider/symmetric/Twofish
instanceKlass java/lang/Long$LongCache
instanceKlass java/lang/invoke/VarHandleSegmentAsFloats
instanceKlass org/bouncycastle/jcajce/provider/symmetric/TEA
instanceKlass com/intellij/openapi/keymap/impl/IdeKeyEventDispatcher
instanceKlass  @bci jdk/internal/foreign/layout/AbstractLayout varHandleInternal ([Ljava/lang/foreign/MemoryLayout$PathElement;)Ljava/lang/invoke/VarHandle; 7 <appendix> argL0 ; # jdk/internal/foreign/layout/AbstractLayout$$Lambda+0x00000000111f6b30
instanceKlass com/jetbrains/rhizomedb/impl/AEVT$RemovalResult
# instanceKlass java/lang/invoke/LambdaForm$DMH+0x0000000011249800
instanceKlass org/bouncycastle/jcajce/provider/symmetric/SM4
# instanceKlass java/lang/invoke/LambdaForm$DMH+0x0000000011249400
instanceKlass org/bouncycastle/jcajce/provider/symmetric/Skipjack
instanceKlass  @bci com/intellij/platform/locking/impl/NestedLocksThreadingSupport <init> ()V 234 <appendix> argL0 ; # com/intellij/platform/locking/impl/NestedLocksThreadingSupport$$Lambda+0x000000001124e0a0
instanceKlass kotlinx/serialization/json/JsonElement
# instanceKlass java/lang/invoke/LambdaForm$DMH+0x0000000011249000
instanceKlass org/bouncycastle/jcajce/provider/symmetric/Shacal2
instanceKlass  @bci com/intellij/platform/locking/impl/NestedLocksThreadingSupport <init> ()V 216 <appendix> argL0 ; # com/intellij/platform/locking/impl/NestedLocksThreadingSupport$$Lambda+0x000000001124d760
# instanceKlass java/lang/invoke/LambdaForm$DMH+0x0000000011248c00
instanceKlass fleet/util/reducible/ReduceDecision$Companion
instanceKlass com/intellij/platform/locking/impl/PermitWaitingInterceptor
instanceKlass fleet/util/reducible/ReduceDecision
instanceKlass  @bci com/intellij/platform/locking/impl/NestedLocksThreadingSupport <init> ()V 204 <appendix> argL0 ; # com/intellij/platform/locking/impl/NestedLocksThreadingSupport$$Lambda+0x000000001124cbb8
instanceKlass org/bouncycastle/internal/asn1/gnu/GNUObjectIdentifiers
# instanceKlass java/lang/invoke/LambdaForm$DMH+0x0000000011248800
instanceKlass  @bci com/intellij/platform/locking/impl/NestedLocksThreadingSupport <init> ()V 186 <appendix> argL0 ; # com/intellij/platform/locking/impl/NestedLocksThreadingSupport$$Lambda+0x000000001124c490
instanceKlass fleet/fastutil/ints/IntListExtensionsKt
instanceKlass org/bouncycastle/jcajce/provider/symmetric/Serpent
instanceKlass  @bci com/intellij/platform/locking/impl/NestedLocksThreadingSupport <init> ()V 174 <appendix> argL0 ; # com/intellij/platform/locking/impl/NestedLocksThreadingSupport$$Lambda+0x0000000011247680
instanceKlass com/intellij/platform/rpc/logger/IjLogger
# instanceKlass java/lang/invoke/LambdaForm$DMH+0x0000000011248400
instanceKlass org/bouncycastle/internal/asn1/kisa/KISAObjectIdentifiers
instanceKlass fleet/util/logging/KLogger
instanceKlass  @bci com/intellij/platform/locking/impl/NestedLocksThreadingSupport <init> ()V 162 <appendix> argL0 ; # com/intellij/platform/locking/impl/NestedLocksThreadingSupport$$Lambda+0x00000000112469f0
instanceKlass fleet/util/logging/BaseLogger
instanceKlass org/bouncycastle/jcajce/provider/symmetric/SEED
# instanceKlass java/lang/invoke/LambdaForm$DMH+0x0000000011248000
instanceKlass com/intellij/platform/rpc/logger/IjLoggerFactory
instanceKlass org/bouncycastle/jcajce/provider/symmetric/Salsa20
instanceKlass  @bci com/intellij/platform/locking/impl/NestedLocksThreadingSupport <init> ()V 43 <appendix> argL0 ; # com/intellij/platform/locking/impl/NestedLocksThreadingSupport$$Lambda+0x0000000011245bc8
instanceKlass org/bouncycastle/jcajce/provider/symmetric/Rijndael
instanceKlass jdk/internal/foreign/LayoutPath
instanceKlass fleet/util/logging/KLoggerFactory
instanceKlass fleet/util/logging/KLoggers_jvmKt
instanceKlass org/bouncycastle/jcajce/provider/symmetric/RC6
instanceKlass fleet/util/logging/KLoggersKt
instanceKlass java/lang/foreign/MemoryLayout$PathElement
instanceKlass fleet/util/logging/KLoggers
instanceKlass com/intellij/core/rwmutex/cqs/CancellableQueueSynchronizerKt
instanceKlass com/jetbrains/rhizomedb/MapAttribute$Companion
instanceKlass org/bouncycastle/jcajce/provider/symmetric/RC5
instanceKlass kotlinx/coroutines/internal/ConcurrentLinkedListNode
instanceKlass java/util/stream/Nodes$ArrayNode
instanceKlass org/bouncycastle/jcajce/provider/symmetric/RC2
instanceKlass java/util/stream/Node$Builder
instanceKlass org/bouncycastle/jcajce/provider/symmetric/Noekeon
instanceKlass java/util/stream/Node$OfDouble
instanceKlass java/util/stream/Node$OfLong
instanceKlass org/bouncycastle/jcajce/provider/symmetric/IDEA
instanceKlass java/util/stream/Node$OfInt
instanceKlass com/jetbrains/rhizomedb/Pattern$Companion
instanceKlass java/util/stream/Node$OfPrimitive
instanceKlass org/bouncycastle/jcajce/provider/symmetric/HC256
instanceKlass org/bouncycastle/jcajce/provider/symmetric/HC128
instanceKlass com/jetbrains/rhizomedb/Pattern
instanceKlass org/bouncycastle/jcajce/provider/symmetric/Grain128
instanceKlass java/util/stream/Nodes$EmptyNode
instanceKlass java/util/stream/Node
instanceKlass com/jetbrains/rhizomedb/Novelty$iterator$1$WhenMappings
instanceKlass org/bouncycastle/jcajce/provider/symmetric/Grainv1
instanceKlass kotlinx/collections/immutable/implementations/immutableMap/MapEntry
instanceKlass java/util/stream/Nodes
instanceKlass com/intellij/core/rwmutex/cqs/CancellableQueueSynchronizer
instanceKlass kotlin/jvm/internal/markers/KMutableMap$Entry
instanceKlass org/bouncycastle/jcajce/provider/symmetric/GOST28147
instanceKlass  @bci java/util/stream/ReferencePipeline toArray ()[Ljava/lang/Object; 1 <appendix> argL0 ; # java/util/stream/ReferencePipeline$$Lambda+0x00000000111f1d80
instanceKlass kotlinx/collections/immutable/internal/CommonFunctionsKt
instanceKlass kotlinx/collections/immutable/implementations/immutableMap/PersistentHashMapBaseIterator
instanceKlass org/bouncycastle/jcajce/provider/symmetric/DESede
instanceKlass  @bci java/lang/foreign/MemoryLayout lambda$structLayout$0 ([Ljava/lang/foreign/MemoryLayout;)Ljava/lang/foreign/StructLayout; 4 <appendix> argL0 ; # java/lang/foreign/MemoryLayout$$Lambda+0x00000000111f1b00
instanceKlass com/intellij/core/rwmutex/ReadWriteMutexWithWriteIntentImpl
instanceKlass com/intellij/core/rwmutex/ReadWriteMutexWithWriteIntent
instanceKlass org/bouncycastle/jcajce/provider/symmetric/DES
instanceKlass java/util/Spliterators$ArraySpliterator
instanceKlass kotlinx/collections/immutable/implementations/immutableMap/TrieNodeBaseIterator
instanceKlass  @bci java/lang/foreign/MemoryLayout structLayout ([Ljava/lang/foreign/MemoryLayout;)Ljava/lang/foreign/StructLayout; 6 <appendix> member <vmtarget> ; # java/lang/foreign/MemoryLayout$$Lambda+0x00000000111f13b0
instanceKlass  @bci com/intellij/core/rwmutex/RWMutexIdeaImpl <init> ()V 1 <appendix> argL0 ; # com/intellij/core/rwmutex/RWMutexIdeaImpl$$Lambda+0x000000001123d390
instanceKlass kotlinx/collections/immutable/implementations/immutableMap/PersistentHashMapBuilderEntriesIterator
instanceKlass com/intellij/core/rwmutex/ReadPermitImpl
instanceKlass com/intellij/core/rwmutex/ReadPermit
instanceKlass org/bouncycastle/jcajce/provider/symmetric/ChaCha
instanceKlass java/lang/foreign/StructLayout
instanceKlass java/lang/foreign/GroupLayout
instanceKlass kotlin/jvm/internal/markers/KMutableSet
instanceKlass com/intellij/core/rwmutex/RWMutexIdeaImpl
instanceKlass com/intellij/core/rwmutex/RWMutexIdea
instanceKlass org/bouncycastle/jcajce/provider/symmetric/CAST6
instanceKlass java/lang/foreign/PaddingLayout
instanceKlass kotlin/sequences/SequenceScope
instanceKlass org/bouncycastle/jcajce/provider/symmetric/CAST5
instanceKlass com/intellij/core/rwmutex/RWMutexIdeaKt
instanceKlass java/lang/foreign/ValueLayout$OfDouble
instanceKlass com/intellij/core/rwmutex/WriteIntentPermit
instanceKlass java/lang/foreign/ValueLayout$OfFloat
instanceKlass com/intellij/platform/locking/impl/ParallelizablePermit
instanceKlass java/lang/foreign/ValueLayout$OfLong
instanceKlass com/intellij/platform/locking/impl/NestedLocksThreadingSupport$ComputationState
instanceKlass org/bouncycastle/internal/asn1/ntt/NTTObjectIdentifiers
instanceKlass kotlin/sequences/SequencesKt__SequenceBuilderKt
instanceKlass java/lang/foreign/ValueLayout$OfInt
instanceKlass org/bouncycastle/jcajce/provider/symmetric/Camellia
instanceKlass  @bci com/intellij/platform/locking/impl/NestedLocksThreadingSupport <init> ()V 5 <appendix> argL0 ; # com/intellij/platform/locking/impl/NestedLocksThreadingSupport$$Lambda+0x0000000011238268
instanceKlass java/lang/foreign/ValueLayout$OfShort
instanceKlass java/lang/foreign/ValueLayout$OfChar
instanceKlass org/bouncycastle/jcajce/provider/symmetric/Blowfish
instanceKlass java/lang/foreign/ValueLayout$OfBoolean
instanceKlass com/intellij/core/rwmutex/Permit
instanceKlass java/lang/foreign/ValueLayout$OfByte
instanceKlass com/intellij/platform/locking/impl/NestedLocksThreadingSupport$Companion
instanceKlass jdk/internal/foreign/abi/SharedUtils
instanceKlass org/bouncycastle/internal/asn1/nsri/NSRIObjectIdentifiers
instanceKlass org/bouncycastle/jcajce/provider/symmetric/ARIA
instanceKlass jdk/internal/foreign/Utils
instanceKlass com/intellij/platform/locking/impl/NestedLocksThreadingSupport
instanceKlass jdk/internal/foreign/layout/MemoryLayoutUtil
instanceKlass jdk/internal/foreign/layout/ValueLayouts
instanceKlass com/jetbrains/rhizomedb/impl/MapWithEditor$Companion
instanceKlass jdk/internal/foreign/layout/AbstractLayout
instanceKlass com/jetbrains/rhizomedb/impl/MapWithEditor
instanceKlass org/bouncycastle/jcajce/provider/symmetric/ARC4
instanceKlass com/intellij/openapi/application/ThreadingSupport
instanceKlass com/jetbrains/rhizomedb/Versioned
instanceKlass java/lang/foreign/AddressLayout
instanceKlass com/jetbrains/rhizomedb/impl/IndexKt
instanceKlass fleet/util/MutableMapExtensionsKt
instanceKlass java/lang/foreign/ValueLayout
instanceKlass com/jetbrains/rhizomedb/NoveltyKt$WhenMappings
instanceKlass java/lang/foreign/MemoryLayout
instanceKlass com/jetbrains/rhizomedb/EAT
instanceKlass com/jetbrains/rhizomedb/NoveltyKt
instanceKlass com/intellij/platform/locking/impl/IntelliJLockingUtil
instanceKlass sun/font/StrikeCache
instanceKlass com/jetbrains/rhizomedb/Datom
instanceKlass com/jetbrains/rhizomedb/impl/AEVT$AdditionResult
instanceKlass sun/font/FontStrike
instanceKlass  @bci com/intellij/ide/IdeEventQueue <clinit> ()V 11 <appendix> argL0 ; # com/intellij/ide/IdeEventQueue$$Lambda+0x00000000112336b0
instanceKlass com/jetbrains/rhizomedb/VersionedEID
instanceKlass sun/font/CharToGlyphMapper
instanceKlass fleet/util/radixTrie/RadixTrieKt
instanceKlass com/intellij/ide/IdeEventQueue$Companion
instanceKlass org/bouncycastle/asn1/bc/BCObjectIdentifiers
instanceKlass java/awt/geom/Path2D
instanceKlass fleet/fastutil/ints/Int2ObjectOpenHashMap$MapIterator
instanceKlass kotlin/jvm/internal/Ref$BooleanRef
instanceKlass java/awt/geom/RectangularShape
instanceKlass java/awt/Shape
instanceKlass com/jetbrains/rhizomedb/impl/AEVT$WhenMappings
instanceKlass sun/font/StrikeMetrics
instanceKlass java/awt/geom/Point2D
instanceKlass com/jetbrains/rhizomedb/Expansion
instanceKlass org/bouncycastle/jcajce/provider/symmetric/AES
instanceKlass com/jetbrains/rhizomedb/InstructionExpansion
instanceKlass sun/awt/SunHints$Value
instanceKlass kotlin/collections/builders/ListBuilder$Itr
instanceKlass java/awt/RenderingHints$Key
instanceKlass kotlin/jvm/internal/markers/KMutableListIterator
instanceKlass kotlin/jvm/internal/markers/KMutableIterator
instanceKlass sun/awt/SunHints
instanceKlass java/awt/RenderingHints
instanceKlass com/jetbrains/rhizomedb/Op
instanceKlass java/awt/font/FontRenderContext
instanceKlass org/bouncycastle/crypto/params/DHValidationParameters
instanceKlass sun/font/Font2D
instanceKlass org/bouncycastle/crypto/params/DHParameters
instanceKlass kotlin/random/XorWowRandom$Companion
instanceKlass sun/awt/dnd/SunDragSourceContextPeer
instanceKlass org/bouncycastle/asn1/x9/X9ObjectIdentifiers
instanceKlass java/awt/dnd/peer/DragSourceContextPeer
instanceKlass kotlin/random/RandomKt
instanceKlass com/jetbrains/rhizomedb/impl/SeedKt
instanceKlass java/awt/ModalEventFilter
instanceKlass kotlin/TuplesKt
instanceKlass kotlin/collections/builders/ListBuilder$Companion
instanceKlass java/awt/EventDispatchThread$HierarchyEventFilter
instanceKlass java/awt/EventFilter
instanceKlass org/bouncycastle/crypto/CryptoServicesRegistrar$Property
instanceKlass java/awt/EventDispatchThread$1
instanceKlass java/awt/Conditional
instanceKlass org/bouncycastle/util/encoders/HexEncoder
instanceKlass org/bouncycastle/util/encoders/Encoder
instanceKlass kotlin/jvm/internal/markers/KMutableList
instanceKlass kotlin/jvm/internal/markers/KMutableCollection
instanceKlass kotlin/jvm/internal/markers/KMutableIterable
instanceKlass org/bouncycastle/util/encoders/Hex
instanceKlass org/bouncycastle/crypto/params/DSAValidationParameters
instanceKlass org/bouncycastle/crypto/params/DSAParameters
instanceKlass org/bouncycastle/crypto/CipherParameters
instanceKlass org/bouncycastle/crypto/CryptoServicesRegistrar$1
instanceKlass org/bouncycastle/crypto/CryptoServicesRegistrar$ThreadLocalSecureRandomProvider
instanceKlass com/jetbrains/rhizomedb/IndexQuery
instanceKlass sun/awt/EventQueueItem
instanceKlass org/bouncycastle/crypto/CryptoServicesConstraints
instanceKlass org/bouncycastle/crypto/SecureRandomProvider
instanceKlass org/bouncycastle/crypto/CryptoServicesRegistrar
instanceKlass com/jetbrains/rhizomedb/impl/EntitiesImplKt
instanceKlass  @bci sun/awt/AWTThreading getInstance (Ljava/lang/Thread;)Lsun/awt/AWTThreading; 23 <appendix> member <vmtarget> ; # sun/awt/AWTThreading$$Lambda+0x00000000111e3028
instanceKlass org/bouncycastle/jcajce/provider/symmetric/Poly1305
instanceKlass com/jetbrains/rhizomedb/EntityKt
instanceKlass  @bci sun/awt/AWTThreading <clinit> ()V 39 <appendix> argL0 ; # sun/awt/AWTThreading$$Lambda+0x00000000111e2da8
instanceKlass  @bci com/intellij/openapi/util/NotNullLazyValue createConstantValue (Ljava/lang/Object;)Lcom/intellij/openapi/util/NotNullLazyValue; 9 <appendix> member <vmtarget> ; # com/intellij/openapi/util/NotNullLazyValue$$Lambda+0x0000000011228248
instanceKlass org/bouncycastle/jcajce/provider/symmetric/SipHash128
instanceKlass  @bci sun/awt/AWTThreading <clinit> ()V 27 <appendix> argL0 ; # sun/awt/AWTThreading$$Lambda+0x00000000111e2b48
instanceKlass org/bouncycastle/jcajce/provider/symmetric/SipHash
instanceKlass com/intellij/openapi/util/NotNullLazyValue
instanceKlass sun/awt/AWTThreading
instanceKlass org/bouncycastle/jcajce/provider/symmetric/HKDF
instanceKlass com/jetbrains/rhizomedb/Attribute$Companion
instanceKlass com/intellij/util/text/CharArrayCharSequence
instanceKlass com/jetbrains/rhizomedb/Attribute
instanceKlass com/intellij/openapi/util/text/CharSequenceWithStringHash
instanceKlass com/jetbrains/rhizomedb/Schema$WhenMappings
instanceKlass com/intellij/util/text/CharSequenceBackedByArray
instanceKlass java/util/concurrent/locks/AbstractQueuedSynchronizer$Node
instanceKlass com/jetbrains/rhizomedb/Schema$Companion
instanceKlass org/bouncycastle/jcajce/provider/symmetric/SCRYPT
instanceKlass com/jetbrains/rhizomedb/Schema
instanceKlass java/awt/event/InvocationEvent$1
instanceKlass sun/awt/AWTAccessor$InvocationEventAccessor
instanceKlass java/awt/ActiveEvent
instanceKlass sun/awt/PostEventQueue
instanceKlass com/intellij/openapi/util/text/Strings
instanceKlass kotlin/InitializedLazyImpl
instanceKlass sun/awt/MostRecentKeyValue
instanceKlass org/bouncycastle/jcajce/provider/symmetric/TLSKDF
instanceKlass java/awt/Queue
instanceKlass kotlinx/serialization/descriptors/SerialKind
instanceKlass sun/awt/AppContext$3
instanceKlass jdk/internal/access/JavaAWTAccess
instanceKlass com/intellij/openapi/util/SystemInfoRt
instanceKlass sun/awt/AppContext$GetAppContextLock
instanceKlass org/bouncycastle/jcajce/provider/symmetric/PBEPKCS12
instanceKlass kotlinx/serialization/internal/PrimitiveSerialDescriptor
instanceKlass kotlinx/serialization/internal/StringSerializer
instanceKlass com/intellij/openapi/util/SystemInfo
instanceKlass org/bouncycastle/jcajce/provider/symmetric/PBEPBKDF2
instanceKlass sun/font/FontManagerNativeLibrary
instanceKlass kotlinx/serialization/builtins/BuiltinSerializersKt
instanceKlass sun/font/SunFontManager$T1Filter
instanceKlass sun/font/SunFontManager$TTFilter
instanceKlass java/io/FilenameFilter
instanceKlass org/bouncycastle/jcajce/provider/symmetric/PBEPBKDF1
instanceKlass com/intellij/ui/AppUIUtilKt$WhenMappings
instanceKlass sun/font/Font2DHandle
instanceKlass sun/awt/AppContext
instanceKlass kotlin/jvm/internal/StringCompanionObject
instanceKlass sun/font/SunFontManager
instanceKlass sun/font/FontManagerForSGE
instanceKlass sun/font/FontManager
instanceKlass fleet/fastutil/ints/IntArrayList$Companion
instanceKlass sun/java2d/FontSupport
instanceKlass java/awt/EventQueue$2
instanceKlass sun/awt/AWTAccessor$EventQueueAccessor
instanceKlass com/intellij/ui/AppUIUtilKt
instanceKlass java/awt/EventQueue$1
instanceKlass org/bouncycastle/jcajce/provider/digest/Blake3
instanceKlass fleet/fastutil/ints/IntArrayList
instanceKlass java/awt/EventQueue
instanceKlass fleet/fastutil/ints/MutableIntList
instanceKlass org/bouncycastle/jcajce/provider/digest/Haraka
instanceKlass com/intellij/util/ui/StartupUiUtil
instanceKlass org/bouncycastle/asn1/ua/UAObjectIdentifiers
instanceKlass kotlin/collections/IntIterator
instanceKlass sun/font/PlatformFontInfo
instanceKlass sun/font/FontManagerFactory
instanceKlass org/bouncycastle/jcajce/provider/digest/DSTU7564
instanceKlass kotlin/internal/ProgressionUtilKt
instanceKlass kotlin/ranges/IntRange$Companion
instanceKlass kotlin/ranges/IntProgression$Companion
instanceKlass org/bouncycastle/jcajce/provider/digest/Blake2s
instanceKlass kotlin/ranges/IntProgression
instanceKlass kotlin/ranges/OpenEndRange
instanceKlass kotlin/ranges/ClosedRange
instanceKlass sun/awt/SunDisplayChanger
instanceKlass fleet/fastutil/ints/IntList$Companion
instanceKlass fleet/fastutil/ints/IntList
instanceKlass com/jetbrains/rhizomedb/APIKt
instanceKlass org/bouncycastle/internal/asn1/misc/MiscObjectIdentifiers
instanceKlass kotlin/concurrent/atomics/AtomicsKt__Atomics_commonKt
instanceKlass org/bouncycastle/jcajce/provider/digest/Blake2b
instanceKlass sun/java2d/windows/WindowsFlags
instanceKlass  @bci fleet/multiplatform/shims/MultiplatformMultiplatformConcurrentHashMapJvmImpl computeIfAbsent (Ljava/lang/Object;Lkotlin/jvm/functions/Function1;)Ljava/lang/Object; 12 <appendix> member <vmtarget> ; # fleet/multiplatform/shims/MultiplatformMultiplatformConcurrentHashMapJvmImpl$$Lambda+0x000000001121afb0
instanceKlass org/bouncycastle/internal/asn1/iso/ISOIECObjectIdentifiers
instanceKlass org/bouncycastle/jcajce/provider/digest/Whirlpool
instanceKlass org/bouncycastle/jcajce/provider/digest/Tiger
instanceKlass fleet/multiplatform/shims/MultiplatformMultiplatformConcurrentHashMapJvmImpl
instanceKlass fleet/multiplatform/shims/MultiplatformConcurrentHashMap
instanceKlass java/awt/GraphicsEnvironment$LocalGE
instanceKlass fleet/multiplatform/shims/MultiplatformConcurrentHashMap_jvmKt
instanceKlass org/bouncycastle/asn1/gm/GMObjectIdentifiers
instanceKlass fleet/multiplatform/shims/MultiplatformConcurrentHashMapKt
instanceKlass org/bouncycastle/jcajce/provider/digest/SM3
instanceKlass com/jetbrains/rhizomedb/impl/EidGen$Companion
instanceKlass com/jetbrains/rhizomedb/impl/EidGen
instanceKlass  @bci sun/awt/windows/WToolkit registerShutdownHook ()V 8 <appendix> member <vmtarget> ; # sun/awt/windows/WToolkit$$Lambda+0x00000000111dbef0
instanceKlass org/bouncycastle/jcajce/provider/digest/Skein
instanceKlass com/jetbrains/rhizomedb/EntityAttribute
instanceKlass com/jetbrains/rhizomedb/Presentable
instanceKlass kotlin/collections/EmptyIterator
instanceKlass com/jetbrains/rhizomedb/AttributesKt
instanceKlass kotlin/collections/EmptyList
instanceKlass org/bouncycastle/jcajce/provider/digest/SHA3
instanceKlass com/jetbrains/rhizomedb/Attributes
instanceKlass com/jetbrains/rhizomedb/Entity
instanceKlass kotlinx/collections/immutable/implementations/immutableMap/TrieNode$ModificationResult
instanceKlass org/bouncycastle/jcajce/provider/digest/SHA512
instanceKlass kotlinx/collections/immutable/implementations/immutableMap/TrieNodeKt
instanceKlass com/jetbrains/rhizomedb/MutableNoveltyKey
instanceKlass com/jetbrains/rhizomedb/ChangeScopeKey
instanceKlass fleet/util/openmap/Key
instanceKlass org/bouncycastle/jcajce/provider/digest/SHA384
instanceKlass com/jetbrains/rhizomedb/ChangeScope$Companion$fromContext$1
instanceKlass com/jetbrains/rhizomedb/ChangeScope$Companion
instanceKlass com/jetbrains/rhizomedb/ChangeScope
instanceKlass org/bouncycastle/jcajce/provider/digest/SHA256
instanceKlass com/jetbrains/rhizomedb/ChangeScopeKt
instanceKlass org/bouncycastle/asn1/nist/NISTObjectIdentifiers
instanceKlass com/jetbrains/rhizomedb/DbContext$Companion
instanceKlass org/bouncycastle/jcajce/provider/digest/SHA224
instanceKlass com/jetbrains/rhizomedb/DBUtilKt$processingNovelty$1$1
instanceKlass org/bouncycastle/jcajce/provider/digest/RIPEMD320
instanceKlass org/bouncycastle/jcajce/provider/digest/RIPEMD256
instanceKlass com/jetbrains/rhizomedb/DBUtilKt
instanceKlass org/bouncycastle/jcajce/provider/digest/RIPEMD160
instanceKlass org/bouncycastle/asn1/teletrust/TeleTrusTObjectIdentifiers
instanceKlass kotlin/jvm/internal/CallableReference$NoReceiver
instanceKlass org/bouncycastle/jcajce/provider/digest/RIPEMD128
instanceKlass org/bouncycastle/internal/asn1/oiw/OIWObjectIdentifiers
instanceKlass kotlinx/collections/immutable/internal/MutabilityOwnership
instanceKlass org/bouncycastle/jcajce/provider/digest/SHA1
instanceKlass org/bouncycastle/internal/asn1/iana/IANAObjectIdentifiers
instanceKlass kotlinx/collections/immutable/PersistentMap$Builder
instanceKlass com/jetbrains/rhizomedb/Novelty$Companion
instanceKlass com/jetbrains/rhizomedb/Novelty
instanceKlass kotlinx/collections/immutable/ImmutableCollection
instanceKlass org/bouncycastle/jcajce/provider/digest/MD5
instanceKlass sun/awt/AWTAutoShutdown
instanceKlass com/jetbrains/rhizomedb/MutableNovelty
instanceKlass org/bouncycastle/jcajce/provider/digest/MD4
instanceKlass java/util/concurrent/ConcurrentLinkedDeque$Node
instanceKlass fleet/util/openmap/MutableBoundedOpenMapImpl
instanceKlass fleet/util/openmap/MutableBoundedOpenMap$Companion
instanceKlass fleet/util/openmap/MutableBoundedOpenMap
instanceKlass sun/awt/util/ThreadGroupUtils
instanceKlass fleet/util/openmap/BoundedOpenMap
instanceKlass fleet/util/openmap/OpenMapView
instanceKlass org/bouncycastle/asn1/ASN1ObjectIdentifier$OidHandle
instanceKlass com/jetbrains/rhizomedb/MutableDb
instanceKlass com/jetbrains/rhizomedb/Mut
instanceKlass org/bouncycastle/asn1/pkcs/PKCSObjectIdentifiers
instanceKlass com/jetbrains/rhizomedb/ChangeKt
instanceKlass sun/java2d/Disposer
instanceKlass sun/awt/windows/WToolkit$ToolkitDisposer
instanceKlass sun/java2d/DisposerRecord
instanceKlass org/bouncycastle/jcajce/provider/digest/MD2
instanceKlass  @bci com/intellij/openapi/vfs/newvfs/impl/VfsData <init> (Lcom/intellij/openapi/application/Application;Lcom/intellij/openapi/vfs/newvfs/persistent/PersistentFSImpl;)V 129 <appendix> form vmentry <vmtarget> ; # java/lang/invoke/LambdaForm$MH+0x000000001120c000
instanceKlass kotlinx/collections/immutable/implementations/immutableMap/TrieNode$Companion
instanceKlass kotlinx/collections/immutable/implementations/immutableMap/TrieNode
instanceKlass sun/awt/util/PerformanceLogger$TimeData
instanceKlass org/bouncycastle/jcajce/provider/digest/Keccak
instanceKlass sun/awt/util/PerformanceLogger
instanceKlass org/bouncycastle/internal/asn1/rosstandart/RosstandartObjectIdentifiers
instanceKlass kotlinx/collections/immutable/implementations/immutableMap/PersistentHashMap$Companion
instanceKlass sun/awt/SunToolkit$ModalityListenerList
instanceKlass sun/awt/ModalityListener
instanceKlass kotlin/collections/AbstractMap$Companion
instanceKlass java/beans/PropertyChangeListener
instanceKlass java/beans/ChangeListenerMap
instanceKlass java/beans/PropertyChangeSupport
instanceKlass org/bouncycastle/util/Arrays
instanceKlass kotlin/collections/AbstractMap
instanceKlass org/bouncycastle/asn1/OIDTokenizer
instanceKlass kotlinx/collections/immutable/PersistentMap
instanceKlass kotlinx/collections/immutable/ImmutableMap
instanceKlass javax/swing/event/EventListenerList
instanceKlass org/bouncycastle/asn1/ASN1Tag
instanceKlass sun/awt/windows/WDesktopPeer
instanceKlass java/awt/peer/DesktopPeer
instanceKlass kotlinx/collections/immutable/ExtensionsKt
instanceKlass org/bouncycastle/asn1/ASN1Type
instanceKlass java/awt/Component$DummyRequestFocusController
instanceKlass sun/awt/RequestFocusController
instanceKlass java/awt/Component$1
instanceKlass sun/awt/AWTAccessor$ComponentAccessor
instanceKlass org/bouncycastle/asn1/ASN1Object
instanceKlass org/bouncycastle/util/Encodable
instanceKlass java/awt/font/JavaAWTFontAccessImpl
instanceKlass org/bouncycastle/asn1/ASN1Encodable
instanceKlass jdk/internal/access/JavaAWTFontAccess
instanceKlass com/jetbrains/rhizomedb/QueryCache$QueryCacheData
instanceKlass java/text/AttributedCharacterIterator$Attribute
instanceKlass com/jetbrains/rhizomedb/QueryCache$Companion
instanceKlass com/jetbrains/rhizomedb/QueryCache
instanceKlass com/jetbrains/rhizomedb/impl/ArrayWithEditor$Companion
instanceKlass com/jetbrains/rhizomedb/impl/ArrayWithEditor
instanceKlass sun/font/AttributeValues
instanceKlass com/jetbrains/rhizomedb/impl/AEVT$Companion
instanceKlass org/bouncycastle/asn1/cryptopro/CryptoProObjectIdentifiers
instanceKlass java/awt/geom/AffineTransform
instanceKlass com/jetbrains/rhizomedb/impl/AEVT
instanceKlass org/bouncycastle/jcajce/provider/digest/GOST3411
instanceKlass org/bouncycastle/jcajce/provider/util/AlgorithmProvider
instanceKlass fleet/util/radixTrie/RadixTrieNode$Companion
instanceKlass sun/font/FontAccess
instanceKlass org/bouncycastle/jce/provider/BouncyCastleProvider$1
instanceKlass fleet/util/radixTrie/RadixTrieNode
instanceKlass jdk/internal/math/ToDecimal
instanceKlass java/awt/Font
instanceKlass org/bouncycastle/jce/provider/BouncyCastleProvider$JcaCryptoService
instanceKlass com/jetbrains/rhizomedb/impl/VAET$Companion
instanceKlass java/security/cert/PKIXCertPathChecker
instanceKlass java/security/cert/CertPathChecker
instanceKlass com/jetbrains/rhizomedb/impl/VAET
instanceKlass fleet/fastutil/HashCommon
instanceKlass org/bouncycastle/jcajce/provider/symmetric/util/ClassUtil
instanceKlass sun/awt/windows/WObjectPeer
instanceKlass fleet/fastutil/ints/Int2ObjectOpenHashMap
instanceKlass org/bouncycastle/util/Strings$1
instanceKlass fleet/fastutil/ints/MutableIntMap
instanceKlass fleet/fastutil/ints/IntMap
instanceKlass org/bouncycastle/util/StringList
instanceKlass org/bouncycastle/util/Iterable
instanceKlass java/awt/dnd/peer/DropTargetPeer
instanceKlass java/awt/peer/ComponentPeer
instanceKlass org/bouncycastle/util/Strings
instanceKlass fleet/fastutil/Hash
instanceKlass java/awt/event/InputEvent$1
instanceKlass sun/awt/AWTAccessor$InputEventAccessor
instanceKlass java/util/StringTokenizer
instanceKlass javax/crypto/spec/DHParameterSpec
instanceKlass org/bouncycastle/jce/provider/BouncyCastleProviderConfiguration
instanceKlass org/bouncycastle/crypto/CryptoServiceProperties
instanceKlass java/awt/event/NativeLibLoader
instanceKlass org/bouncycastle/jcajce/provider/config/ProviderConfiguration
instanceKlass org/bouncycastle/jcajce/provider/util/AsymmetricKeyInfoConverter
instanceKlass java/awt/AWTEvent$1
instanceKlass sun/awt/AWTAccessor$AWTEventAccessor
instanceKlass com/jetbrains/rhizomedb/impl/IntMapWithEditor$Companion
instanceKlass com/jetbrains/rhizomedb/impl/IntMapWithEditor
instanceKlass java/util/EventObject
instanceKlass com/jetbrains/rhizomedb/impl/Editor
instanceKlass org/bouncycastle/jcajce/provider/config/ConfigurableProvider
instanceKlass com/jetbrains/rhizomedb/impl/AVET$Companion
instanceKlass com/jetbrains/rhizomedb/impl/AVET
instanceKlass com/jetbrains/rhizomedb/impl/Index$Partition$Companion
instanceKlass com/jetbrains/rhizomedb/impl/Index$Partition
instanceKlass java/awt/Component$AWTTreeLock
instanceKlass com/jetbrains/rhizomedb/impl/Index$Companion
instanceKlass java/awt/Component
instanceKlass java/awt/MenuContainer
instanceKlass java/awt/image/ImageObserver
instanceKlass com/jetbrains/rhizomedb/impl/Index
instanceKlass com/jetbrains/rhizomedb/DB$Companion
instanceKlass sun/awt/DisplayChangedListener
instanceKlass java/util/EventListener
instanceKlass com/jetbrains/rhizomedb/DB
instanceKlass com/jetbrains/rhizomedb/Q
instanceKlass sun/awt/image/SurfaceManager
instanceKlass sun/awt/image/SurfaceManager$ImageAccessor
instanceKlass java/awt/ImageCapabilities
instanceKlass java/awt/Image
instanceKlass sun/java2d/DestSurfaceProvider
instanceKlass sun/security/smartcardio/SunPCSC$1
instanceKlass sun/java2d/loops/RenderCache
instanceKlass kotlin/text/CharsKt__CharJVMKt
instanceKlass sun/java2d/pipe/DrawImage
instanceKlass sun/java2d/pipe/GeneralCompositePipe
instanceKlass sun/java2d/pipe/SpanShapeRenderer
instanceKlass fleet/util/RandomKt
instanceKlass sun/java2d/pipe/AlphaPaintPipe
instanceKlass sun/java2d/pipe/AAShapePipe
instanceKlass sun/java2d/pipe/RegionIterator
instanceKlass sun/java2d/pipe/Region
instanceKlass sun/java2d/pipe/SpanClipRenderer
instanceKlass  @bci sun/security/pkcs11/SunPKCS11 register (Lsun/security/pkcs11/SunPKCS11$Descriptor;)V 27 <appendix> argL0 ; # sun/security/pkcs11/SunPKCS11$$Lambda+0x00000000111b8c88
instanceKlass kotlin/internal/jdk8/JDK8PlatformImplementations$ReflectSdkVersion
instanceKlass sun/java2d/pipe/PixelToShapeConverter
instanceKlass kotlin/internal/PlatformImplementations
instanceKlass sun/java2d/pipe/AlphaColorPipe
instanceKlass sun/java2d/pipe/CompositePipe
instanceKlass sun/security/pkcs11/SunPKCS11$Descriptor
instanceKlass java/util/Formatter$Flags
instanceKlass java/util/Formattable
instanceKlass kotlin/internal/PlatformImplementationsKt
instanceKlass java/util/Formatter$FormatSpecifier
instanceKlass javax/security/auth/Subject
instanceKlass java/util/Formatter$Conversion
instanceKlass javax/security/auth/callback/CallbackHandler
instanceKlass java/util/Formatter$FormatString
instanceKlass kotlin/random/Random
instanceKlass java/util/Formatter
instanceKlass fleet/multiplatform/shims/SynchronizedObject
instanceKlass fleet/multiplatform/shims/Synchronized_jvmKt
instanceKlass fleet/multiplatform/shims/SynchronizedKt
instanceKlass fleet/util/Random
instanceKlass java/awt/geom/Dimension2D
instanceKlass  @bci java/util/regex/Pattern union (Ljava/util/regex/Pattern$CharPredicate;Ljava/util/regex/Pattern$CharPredicate;Z)Ljava/util/regex/Pattern$CharPredicate; 6 <appendix> member <vmtarget> ; # java/util/regex/Pattern$$Lambda+0x00000000111c6cc0
instanceKlass  @bci java/awt/image/ReplicateScaleFilter setProperties (Ljava/util/Hashtable;)V 19 <appendix> form vmentry <vmtarget> ; # java/lang/invoke/LambdaForm$MH+0x00000000111b5c00
instanceKlass  @bci java/util/regex/Pattern Range (II)Ljava/util/regex/Pattern$CharPredicate; 23 <appendix> member <vmtarget> ; # java/util/regex/Pattern$$Lambda+0x00000000111c64e0
instanceKlass java/util/regex/Pattern$BitClass
instanceKlass sun/awt/OSInfo$1
instanceKlass fleet/util/UID$Companion
instanceKlass sun/awt/OSInfo$WindowsVersion
instanceKlass sun/awt/OSInfo
instanceKlass sun/font/FontUtilities
instanceKlass fleet/util/UID
instanceKlass sun/java2d/pipe/GlyphListPipe
instanceKlass sun/java2d/pipe/OutlineTextRenderer
instanceKlass fleet/multiplatform/shims/ThreadLocalKey
instanceKlass sun/java2d/ReentrantContextProvider
instanceKlass fleet/multiplatform/shims/ThreadLocalElement
instanceKlass sun/java2d/marlin/FloatMath
instanceKlass fleet/multiplatform/shims/ThreadLocalElementKt
instanceKlass sun/java2d/marlin/MarlinProperties
instanceKlass fleet/tracing/runtime/SpanInfo
instanceKlass fleet/tracing/SpanInfoBuilder
instanceKlass fleet/tracing/runtime/Span$Noop
instanceKlass sun/java2d/marlin/MarlinConst
instanceKlass fleet/tracing/runtime/CompletableSpan
instanceKlass fleet/tracing/runtime/Span
instanceKlass org/jcp/xml/dsig/internal/dom/XMLDSigRI$2
instanceKlass  @bci fleet/multiplatform/shims/ThreadLocal_jvmKt$threadLocal$1 <init> (Lkotlin/jvm/functions/Function0;)V 6 <appendix> member <vmtarget> ; # fleet/multiplatform/shims/ThreadLocal_jvmKt$threadLocal$1$$Lambda+0x00000000111b2ed8
instanceKlass org/jcp/xml/dsig/internal/dom/XMLDSigRI$1
instanceKlass sun/java2d/pipe/RenderingEngine
instanceKlass sun/java2d/pipe/LoopPipe
instanceKlass sun/java2d/pipe/LoopBasedPipe
instanceKlass fleet/multiplatform/shims/ThreadLocal_jvmKt$threadLocal$1
instanceKlass sun/java2d/pipe/ParallelogramPipe
instanceKlass fleet/multiplatform/shims/ThreadLocal
instanceKlass fleet/multiplatform/shims/ThreadLocal_jvmKt
instanceKlass fleet/multiplatform/shims/ThreadLocalKt
instanceKlass fleet/reporting/shared/runtime/TlKt
instanceKlass java/util/zip/Inflater$InflaterZStreamRef
instanceKlass sun/java2d/pipe/NullPipe
instanceKlass sun/java2d/pipe/DrawImagePipe
instanceKlass fleet/reporting/shared/tracing/TracingKt
instanceKlass sun/java2d/pipe/TextPipe
instanceKlass sun/java2d/pipe/ShapeDrawPipe
instanceKlass sun/java2d/pipe/PixelFillPipe
instanceKlass sun/java2d/pipe/PixelDrawPipe
instanceKlass sun/java2d/StateTrackableDelegate$2
instanceKlass sun/java2d/StateTrackableDelegate
instanceKlass fleet/kernel/TransactorKt
instanceKlass java/util/zip/Inflater
instanceKlass sun/java2d/cmm/ProfileDeferralInfo
instanceKlass jdk/internal/jimage/decompressor/ZipDecompressor
instanceKlass jdk/internal/jimage/decompressor/ResourceDecompressor
instanceKlass java/awt/color/ICC_Profile$BuiltInProfile
instanceKlass  @bci java/awt/color/ICC_Profile <clinit> ()V 0 <appendix> argL0 ; # java/awt/color/ICC_Profile$$Lambda+0x000000001117e450
instanceKlass kotlin/jvm/functions/Function3
instanceKlass jdk/internal/jimage/decompressor/ResourceDecompressorFactory
instanceKlass jdk/internal/jimage/decompressor/ResourceDecompressorRepository
instanceKlass jdk/internal/jimage/decompressor/CompressedResourceHeader
instanceKlass sun/java2d/cmm/Profile
instanceKlass sun/awt/AWTAccessor$ICC_ProfileAccessor
instanceKlass  @bci jdk/internal/jimage/BasicImageReader getResourceBuffer (Ljdk/internal/jimage/ImageLocation;)Ljava/nio/ByteBuffer; 168 <appendix> member <vmtarget> ; # jdk/internal/jimage/BasicImageReader$$Lambda+0x000000001117d410
instanceKlass jdk/internal/jimage/decompressor/ResourceDecompressor$StringsProvider
instanceKlass java/util/TimSort
instanceKlass java/awt/color/ICC_Profile
instanceKlass  @bci fleet/kernel/rebase/InstructionSet encoder ()Lfleet/kernel/rebase/InstructionEncoder; 1 <appendix> member <vmtarget> ; # fleet/kernel/rebase/InstructionSet$$Lambda+0x00000000111b0930
instanceKlass java/util/AbstractMap$SimpleEntry
instanceKlass jdk/internal/jimage/ImageBufferCache$2
instanceKlass jdk/internal/jimage/ImageBufferCache
instanceKlass java/awt/color/ColorSpace$BuiltInSpace
instanceKlass fleet/kernel/rebase/SharedInstructionData
instanceKlass java/awt/color/ColorSpace
instanceKlass jdk/internal/module/ModulePatcher$PatchedModuleReader
instanceKlass fleet/kernel/rebase/InstructionEncodingContext
instanceKlass java/awt/image/ColorModel$1RGBdefault
instanceKlass com/jetbrains/rhizomedb/DbContext
instanceKlass sun/security/jca/ProviderConfig$ProviderLoader
instanceKlass fleet/kernel/rebase/InstructionEncoder
instanceKlass fleet/kernel/rebase/LeaderTransactorMiddleware
instanceKlass fleet/kernel/TransactorMiddleware
instanceKlass java/awt/image/ColorModel
instanceKlass com/intellij/platform/pasta/common/ChangeDocument$Companion
instanceKlass com/intellij/platform/pasta/common/ChangeDocument
instanceKlass sun/awt/image/PixelConverter
instanceKlass com/jetbrains/rhizomedb/CreateEntity
instanceKlass sun/java2d/loops/SurfaceType
instanceKlass fleet/kernel/rebase/Validate
instanceKlass com/jetbrains/rhizomedb/RetractEntityInPartition
instanceKlass com/jetbrains/rhizomedb/RetractAttribute
instanceKlass com/jetbrains/rhizomedb/AtomicComposite
instanceKlass sun/java2d/SurfaceData
instanceKlass kotlin/jvm/JvmClassMappingKt
instanceKlass sun/java2d/Surface
instanceKlass sun/java2d/StateTrackable
instanceKlass sun/java2d/DisposerTarget
instanceKlass com/jetbrains/rhizomedb/Add
instanceKlass java/awt/Transparency
instanceKlass kotlin/collections/builders/ListBuilderKt
instanceKlass kotlin/collections/builders/MapBuilder$Companion
instanceKlass kotlin/collections/builders/MapBuilder
instanceKlass kotlin/jvm/internal/markers/KMutableMap
instanceKlass fleet/kernel/rebase/CreateEntityCoder
instanceKlass jdk/internal/logger/LoggerFinderLoader
instanceKlass fleet/kernel/rebase/ValidateCoder
instanceKlass jdk/internal/logger/LazyLoggers$LazyLoggerFactories
instanceKlass com/intellij/util/singleProduct/MigrationToSingleProductKt
instanceKlass jdk/internal/logger/LazyLoggers$1
instanceKlass jdk/internal/logger/LazyLoggers
instanceKlass com/jetbrains/rhizomedb/ReifyEntities
instanceKlass java/security/spec/ECFieldF2m
instanceKlass sun/awt/WeakIdentityHashMap
instanceKlass kotlin/jdk7/AutoCloseableKt
instanceKlass java/util/ComparableTimSort
instanceKlass com/jetbrains/rhizomedb/MapAttribute
instanceKlass java/util/Arrays$LegacyMergeSort
instanceKlass com/intellij/util/ObjectUtilsRt
instanceKlass com/jetbrains/rhizomedb/EffectInstruction
instanceKlass sun/awt/KeyboardFocusManagerPeerProvider
instanceKlass sun/awt/InputMethodSupport
instanceKlass java/nio/file/FileChannelLinesSpliterator$1
instanceKlass com/intellij/util/containers/CanonicalHashingStrategy
instanceKlass java/util/stream/Streams$1
instanceKlass sun/awt/ComponentFactory
instanceKlass fleet/kernel/rebase/LocalInstructionCoder
instanceKlass  @bci com/intellij/util/containers/ConcurrentWeakKeySoftValueHashMap <clinit> ()V 0 <appendix> argL0 ; # com/intellij/util/containers/ConcurrentWeakKeySoftValueHashMap$$Lambda+0x00000000111addb8
instanceKlass  @bci java/nio/file/Files createFileChannelLinesStream (Ljava/nio/channels/FileChannel;Ljava/nio/charset/Charset;)Ljava/util/stream/Stream; 53 <appendix> member <vmtarget> ; # java/nio/file/Files$$Lambda+0x0000000011171f00
instanceKlass  @bci java/nio/file/Files asUncheckedRunnable (Ljava/io/Closeable;)Ljava/lang/Runnable; 1 <appendix> member <vmtarget> ; # java/nio/file/Files$$Lambda+0x0000000011171a58
instanceKlass fleet/kernel/rebase/RetractEntityCoder
instanceKlass com/intellij/util/containers/ConcurrentWeakKeySoftValueHashMap$ValueReference
instanceKlass com/intellij/util/containers/ConcurrentWeakKeySoftValueHashMap$KeyReference
instanceKlass fleet/kernel/rebase/RetractAttributeCoder
instanceKlass  @bci kotlinx/serialization/internal/PluginGeneratedSerialDescriptor <init> (Ljava/lang/String;Lkotlinx/serialization/internal/GeneratedSerializer;I)V 145 <appendix> member <vmtarget> ; # kotlinx/serialization/internal/PluginGeneratedSerialDescriptor$$Lambda+0x00000000111acc50
instanceKlass java/nio/file/FileChannelLinesSpliterator
instanceKlass com/intellij/util/containers/ConcurrentWeakKeySoftValueHashMap
instanceKlass sun/security/util/ObjectIdentifier
instanceKlass  @bci com/intellij/util/concurrency/SynchronizedClearableLazy getValue ()Ljava/lang/Object; 30 <appendix> member <vmtarget> ; # com/intellij/util/concurrency/SynchronizedClearableLazy$$Lambda+0x00000000111ac000
instanceKlass  @bci kotlinx/serialization/internal/PluginGeneratedSerialDescriptor <init> (Ljava/lang/String;Lkotlinx/serialization/internal/GeneratedSerializer;I)V 129 <appendix> member <vmtarget> ; # kotlinx/serialization/internal/PluginGeneratedSerialDescriptor$$Lambda+0x00000000111a7a80
instanceKlass sun/awt/PlatformGraphicsInfo
instanceKlass java/util/function/UnaryOperator
instanceKlass  @bci kotlinx/serialization/internal/PluginGeneratedSerialDescriptor <init> (Ljava/lang/String;Lkotlinx/serialization/internal/GeneratedSerializer;I)V 113 <appendix> member <vmtarget> ; # kotlinx/serialization/internal/PluginGeneratedSerialDescriptor$$Lambda+0x00000000111a7370
instanceKlass com/intellij/util/containers/Interner
instanceKlass sun/util/calendar/CalendarSystem$GregorianHolder
instanceKlass sun/util/calendar/CalendarSystem
instanceKlass  @bci com/intellij/openapi/util/registry/EarlyAccessRegistryManagerKt <clinit> ()V 15 <appendix> argL0 ; # com/intellij/openapi/util/registry/EarlyAccessRegistryManagerKt$$Lambda+0x00000000111a6eb0
instanceKlass com/intellij/openapi/extensions/PluginId$Companion
instanceKlass java/awt/GraphicsEnvironment
instanceKlass com/intellij/util/ObjectUtils$Sentinel
instanceKlass kotlin/collections/EmptyMap
instanceKlass com/intellij/openapi/extensions/PluginId
instanceKlass java/util/Date
instanceKlass java/awt/Insets
instanceKlass sun/security/util/ByteArrayTagOrder
instanceKlass sun/security/util/ByteArrayLexOrder
instanceKlass com/intellij/util/ObjectUtils
instanceKlass sun/security/util/DerEncoder
instanceKlass java/time/LocalTime
instanceKlass kotlinx/serialization/internal/PluginGeneratedSerialDescriptor
instanceKlass java/security/spec/ECParameterSpec
instanceKlass java/security/spec/AlgorithmParameterSpec
instanceKlass kotlinx/serialization/internal/CachedNames
instanceKlass java/security/spec/ECPoint
instanceKlass com/intellij/util/concurrency/SynchronizedClearableLazy$Companion
instanceKlass java/security/spec/EllipticCurve
instanceKlass java/time/Instant
instanceKlass java/security/spec/ECFieldFp
instanceKlass java/security/spec/ECField
instanceKlass com/intellij/util/concurrency/SynchronizedClearableLazy
instanceKlass  @bci com/intellij/openapi/util/registry/RegistryKeyBean$Companion putNewDescriptorConsideringOverrides (Ljava/util/Map;Lcom/intellij/openapi/util/registry/RegistryKeyDescriptor;Z)V 156 <appendix> form vmentry <vmtarget> ; # java/lang/invoke/LambdaForm$MH+0x00000000111a8c00
instanceKlass sun/security/util/CurveDB
instanceKlass java/time/temporal/ValueRange
instanceKlass kotlinx/serialization/descriptors/SerialDescriptor
instanceKlass  @bci com/intellij/openapi/util/registry/EarlyAccessRegistryManagerKt <clinit> ()V 0 <appendix> argL0 ; # com/intellij/openapi/util/registry/EarlyAccessRegistryManagerKt$$Lambda+0x00000000111a4c98
instanceKlass com/intellij/openapi/util/registry/EarlyAccessRegistryManagerKt
instanceKlass com/intellij/openapi/util/registry/EarlyAccessRegistryManager
instanceKlass  @bci com/intellij/openapi/actionSystem/impl/ActionManagerImplKt computeDescription (Lkotlin/jvm/functions/Function0;Ljava/lang/String;Ljava/lang/String;Ljava/lang/String;Ljava/lang/ClassLoader;)Ljava/lang/String; 41 <appendix> form vmentry <vmtarget> ; # java/lang/invoke/LambdaForm$MH+0x00000000111a8400
instanceKlass java/time/Duration
instanceKlass java/time/temporal/TemporalAmount
instanceKlass  @bci com/intellij/ui/NewUiValue <clinit> ()V 8 <appendix> argL0 ; # com/intellij/ui/NewUiValue$$Lambda+0x00000000111a4068
instanceKlass fleet/kernel/rebase/SharedRemove$$serializer
instanceKlass java/time/temporal/TemporalUnit
instanceKlass kotlinx/serialization/internal/GeneratedSerializer
instanceKlass java/lang/invoke/StringConcatFactory$InlineHiddenClassStrategy$6
instanceKlass sun/security/rsa/SunRsaSignEntries
instanceKlass java/time/temporal/TemporalField
instanceKlass java/lang/invoke/StringConcatFactory$InlineHiddenClassStrategy$3$4
instanceKlass com/intellij/ui/NewUiValue
instanceKlass java/lang/invoke/StringConcatFactory$InlineHiddenClassStrategy$4
instanceKlass  @bci com/intellij/ui/ExperimentalUI <clinit> ()V 24 <appendix> argL0 ; # com/intellij/ui/ExperimentalUI$$Lambda+0x00000000111a36a8
instanceKlass java/lang/invoke/StringConcatFactory$InlineHiddenClassStrategy$3$1
instanceKlass java/lang/invoke/StringConcatFactory$InlineHiddenClassStrategy$7
instanceKlass kotlin/jvm/internal/Lambda
instanceKlass java/lang/invoke/StringConcatFactory$InlineHiddenClassStrategy$3$2
instanceKlass java/time/LocalDate
instanceKlass java/lang/invoke/StringConcatFactory$InlineHiddenClassStrategy$5
instanceKlass java/lang/invoke/StringConcatFactory$InlineHiddenClassStrategy$3$3
instanceKlass com/intellij/openapi/extensions/ExtensionPointName$Companion
instanceKlass java/lang/invoke/StringConcatFactory$InlineHiddenClassStrategy$3
instanceKlass fleet/kernel/rebase/SharedRemove$Companion
instanceKlass com/intellij/openapi/diagnostic/ControlFlowException
instanceKlass java/time/LocalDateTime
instanceKlass fleet/kernel/rebase/SharedRemove
instanceKlass java/time/chrono/ChronoLocalDateTime
instanceKlass com/intellij/openapi/extensions/BaseExtensionPointName
instanceKlass kotlin/reflect/jvm/internal/KClassImpl$$Lambda$0
instanceKlass java/util/LinkedHashMap$LinkedHashIterator
instanceKlass java/time/ZonedDateTime
instanceKlass java/time/chrono/ChronoZonedDateTime
instanceKlass kotlin/_Assertions
instanceKlass kotlin/reflect/jvm/internal/impl/name/ClassId$Companion
instanceKlass kotlin/reflect/jvm/internal/impl/name/ClassId
instanceKlass com/intellij/ui/ExperimentalUI$Companion
instanceKlass java/lang/Override
instanceKlass java/lang/annotation/Documented
instanceKlass java/lang/Deprecated
instanceKlass java/lang/annotation/Retention
instanceKlass com/intellij/ui/ExperimentalUI
instanceKlass java/lang/annotation/Target
instanceKlass kotlin/reflect/jvm/internal/impl/resolve/jvm/JvmClassName
instanceKlass com/intellij/util/SystemProperties
instanceKlass com/intellij/util/ArrayUtilRt
instanceKlass kotlin/reflect/jvm/internal/impl/name/Name
instanceKlass com/intellij/openapi/util/ObjectNode$1
instanceKlass kotlin/reflect/jvm/internal/impl/name/FqNameUnsafe$Companion
instanceKlass com/intellij/openapi/util/Disposer$2
instanceKlass kotlin/reflect/jvm/internal/impl/name/FqNameUnsafe
instanceKlass com/intellij/util/containers/LockFreeCopyOnWriteArrayList
instanceKlass com/intellij/openapi/util/ObjectNode$NodeChildren
instanceKlass kotlin/reflect/jvm/internal/impl/name/FqName$Companion
instanceKlass  @bci com/intellij/util/xml/dom/XmlElement <clinit> ()V 39 <appendix> argL0 ; # com/intellij/util/xml/dom/XmlElement$$Lambda+0x000000001119ec38
instanceKlass com/intellij/openapi/util/ObjectNode
instanceKlass kotlin/reflect/jvm/internal/impl/load/java/JvmAnnotationNames
instanceKlass  @bci com/intellij/util/xml/dom/XmlElement <clinit> ()V 25 <appendix> argL0 ; # com/intellij/util/xml/dom/XmlElement$$Lambda+0x000000001119e540
instanceKlass sun/security/util/SecurityProviderConstants
instanceKlass com/intellij/util/containers/IntObjectMap
instanceKlass it/unimi/dsi/fastutil/objects/Object2ObjectMap$FastEntrySet
instanceKlass java/security/Provider$UString
instanceKlass kotlinx/serialization/KSerializer
instanceKlass java/security/Provider$Service
instanceKlass kotlin/reflect/jvm/internal/impl/name/FqName
instanceKlass kotlinx/serialization/DeserializationStrategy
instanceKlass com/intellij/util/containers/ConcurrentList
instanceKlass sun/security/provider/NativePRNG$NonBlocking
instanceKlass sun/security/provider/NativePRNG$Blocking
instanceKlass sun/security/provider/NativePRNG
instanceKlass it/unimi/dsi/fastutil/objects/Object2ObjectMap$Entry
instanceKlass kotlinx/serialization/SerializationStrategy
instanceKlass kotlin/reflect/jvm/internal/impl/SpecialJvmAnnotations
instanceKlass com/intellij/util/containers/ObjectIntMap
instanceKlass sun/security/provider/SunEntries
instanceKlass it/unimi/dsi/fastutil/objects/AbstractObject2ObjectFunction
instanceKlass com/intellij/util/xml/dom/XmlElement$Companion
instanceKlass kotlin/reflect/jvm/internal/KClassImpl$Companion
instanceKlass java/security/Permission
instanceKlass java/security/Guard
instanceKlass it/unimi/dsi/fastutil/objects/Object2ObjectMap
instanceKlass com/intellij/util/xml/dom/XmlElement
instanceKlass sun/security/util/SecurityConstants
instanceKlass it/unimi/dsi/fastutil/objects/Object2ObjectFunction
instanceKlass kotlin/text/Regex$Companion
instanceKlass com/fasterxml/aalto/util/DataUtil
instanceKlass kotlin/text/Regex
instanceKlass com/fasterxml/aalto/in/ByteBasedPNameTable$Bucket
instanceKlass com/intellij/openapi/util/Condition
instanceKlass kotlin/jvm/internal/DefaultConstructorMarker
instanceKlass kotlin/reflect/jvm/internal/KDeclarationContainerImpl$Companion
instanceKlass java/security/Security$2
instanceKlass jdk/internal/access/JavaSecurityPropertiesAccess
instanceKlass com/intellij/util/xml/dom/XmlElementBuilder
instanceKlass com/intellij/util/xml/dom/NoOpXmlInterner
instanceKlass com/intellij/util/xml/dom/XmlInterner
instanceKlass com/intellij/util/containers/MultiMap
instanceKlass com/fasterxml/aalto/in/NsDeclaration
instanceKlass kotlin/reflect/jvm/internal/impl/types/model/TypeConstructorMarker
instanceKlass com/intellij/util/containers/RefHashMap$Key
instanceKlass com/fasterxml/aalto/util/UriCanonicalizer$CanonicalKey
instanceKlass kotlin/reflect/jvm/internal/KTypeParameterOwnerImpl
instanceKlass com/intellij/util/containers/ContainerUtil
instanceKlass com/fasterxml/aalto/in/ElementScope
instanceKlass com/intellij/util/containers/ReferenceQueueable
instanceKlass com/fasterxml/aalto/in/ByteBasedPNameFactory
instanceKlass kotlin/reflect/jvm/internal/CachesKt$$Lambda$4
instanceKlass com/intellij/util/containers/IdentityHashingStrategy
instanceKlass com/intellij/util/containers/HashingStrategy
instanceKlass kotlin/reflect/jvm/internal/CachesKt$$Lambda$3
instanceKlass com/fasterxml/aalto/util/BufferRecycler
instanceKlass kotlin/reflect/jvm/internal/CachesKt$$Lambda$2
instanceKlass kotlin/reflect/jvm/internal/CachesKt$$Lambda$1
instanceKlass com/fasterxml/aalto/util/NameTable
instanceKlass kotlin/reflect/jvm/internal/CacheByClass
instanceKlass it/unimi/dsi/fastutil/objects/ObjectSortedSet
instanceKlass java/security/Security$SecPropLoader
instanceKlass java/util/SortedSet
instanceKlass kotlin/reflect/jvm/internal/CacheByClassKt
instanceKlass com/intellij/openapi/application/ApplicationManager
instanceKlass it/unimi/dsi/fastutil/objects/ObjectBidirectionalIterable
instanceKlass java/security/Security
instanceKlass kotlin/reflect/jvm/internal/CachesKt$$Lambda$0
instanceKlass com/fasterxml/aalto/util/XmlCharTypes
instanceKlass kotlin/SynchronizedLazyImpl
instanceKlass javax/security/auth/login/Configuration$Parameters
instanceKlass java/security/Policy$Parameters
instanceKlass  @bci com/intellij/platform/ide/bootstrap/ClassicUiToIslandsMigration <clinit> ()V 10 <appendix> argL0 ; # com/intellij/platform/ide/bootstrap/ClassicUiToIslandsMigration$$Lambda+0x000000001118e8a8
instanceKlass kotlin/reflect/jvm/internal/CachesKt
instanceKlass com/fasterxml/aalto/in/AttributeCollector
instanceKlass javax/crypto/KDFParameters
instanceKlass  @cpi com/intellij/ide/plugins/ClassLoaderConfiguratorKt 443 form vmentry <vmtarget> ; # java/lang/invoke/LambdaForm$DMH+0x0000000011190400
instanceKlass java/security/cert/CertStoreParameters
instanceKlass java/security/SecureRandomParameters
instanceKlass it/unimi/dsi/fastutil/Hash$Strategy
instanceKlass com/fasterxml/aalto/util/TextBuilder
instanceKlass  @cpi com/intellij/ide/gdpr/ConsentOptions 894 form vmentry <vmtarget> ; # java/lang/invoke/LambdaForm$DMH+0x0000000011190000
instanceKlass java/security/Provider$EngineDescription
instanceKlass  @bci java/security/Provider <clinit> ()V 28 <appendix> argL0 ; # java/security/Provider$$Lambda+0x000000001115ef68
instanceKlass java/security/Provider$ServiceKey
instanceKlass com/fasterxml/aalto/in/FixedNsContext
instanceKlass com/intellij/platform/ide/bootstrap/ClassicUiToIslandsMigration
instanceKlass kotlinx/coroutines/CompletedContinuation
instanceKlass com/fasterxml/aalto/in/NsBinding
instanceKlass java/util/logging/LogManager$CloseOnReset
instanceKlass com/intellij/util/containers/CollectionFactory
instanceKlass sun/security/jca/ProviderConfig
instanceKlass java/lang/StringConcatHelper$StringConcatBase
instanceKlass it/unimi/dsi/fastutil/HashCommon
instanceKlass sun/security/jca/ProviderList
instanceKlass java/util/logging/ErrorManager
instanceKlass java/lang/invoke/StringConcatFactory$InlineHiddenClassStrategy$2
instanceKlass java/lang/invoke/StringConcatFactory$InlineHiddenClassStrategy$1
instanceKlass jdk/internal/logger/SimpleConsoleLogger$Formatting
instanceKlass sun/security/jca/Providers
instanceKlass kotlin/reflect/jvm/internal/KDeclarationContainerImpl
instanceKlass it/unimi/dsi/fastutil/objects/Reference2ObjectMap$FastEntrySet
instanceKlass kotlin/jvm/internal/ClassBasedDeclarationContainer
instanceKlass sun/security/jca/GetInstance
instanceKlass it/unimi/dsi/fastutil/objects/ObjectSet
instanceKlass java/lang/invoke/StringConcatFactory$InlineHiddenClassStrategy
instanceKlass com/fasterxml/aalto/in/PName
instanceKlass sun/util/logging/PlatformLogger
instanceKlass java/security/SecureRandomSpi
instanceKlass sun/security/util/Debug
instanceKlass org/codehaus/stax2/XMLStreamLocation2
instanceKlass it/unimi/dsi/fastutil/objects/ReferenceSet
instanceKlass it/unimi/dsi/fastutil/objects/ReferenceCollection
instanceKlass kotlin/jvm/internal/CallableReference
instanceKlass sun/util/logging/PlatformLogger$ConfigurableBridge$LoggerConfiguration
instanceKlass kotlin/jvm/internal/KotlinGenericDeclaration
instanceKlass kotlin/io/path/PathsKt__PathReadWriteKt
instanceKlass kotlin/reflect/KTypeParameter
instanceKlass kotlin/reflect/KMutableProperty1
instanceKlass kotlin/reflect/KProperty1
instanceKlass kotlin/reflect/KMutableProperty0
instanceKlass kotlin/reflect/KProperty0
instanceKlass kotlin/reflect/KMutableProperty2
instanceKlass kotlin/reflect/KMutableProperty
instanceKlass kotlin/reflect/KProperty2
instanceKlass kotlin/reflect/KProperty
instanceKlass  @bci java/util/logging/SimpleFormatter <init> ()V 5 <appendix> argL0 ; # java/util/logging/SimpleFormatter$$Lambda+0x0000000011158bd8
instanceKlass it/unimi/dsi/fastutil/objects/ObjectCollection
instanceKlass it/unimi/dsi/fastutil/objects/ObjectIterable
instanceKlass kotlin/reflect/KType
instanceKlass kotlin/reflect/KFunction
instanceKlass org/codehaus/stax2/typed/TypedValueDecoder
instanceKlass kotlin/reflect/KCallable
instanceKlass kotlin/jvm/internal/ReflectionFactory
instanceKlass sun/net/NetProperties
instanceKlass it/unimi/dsi/fastutil/objects/AbstractReference2ObjectFunction
instanceKlass java/util/logging/Logger$SystemLoggerHelper
instanceKlass  @bci com/intellij/platform/ide/bootstrap/ConfigKt importConfigIfNeeded (Lkotlinx/coroutines/CoroutineScope;ZLkotlinx/coroutines/Deferred;Lkotlinx/coroutines/Job;Lkotlinx/coroutines/Deferred;Ljava/util/List;Ljava/nio/file/Path;Lkotlinx/coroutines/Deferred;Lkotlinx/coroutines/Deferred;Lkotlinx/coroutines/Job;Lkotlin/coroutines/Continuation;)Ljava/lang/Object; 379 <appendix> argL0 ; # com/intellij/platform/ide/bootstrap/ConfigKt$$Lambda+0x00000000111804a8
instanceKlass jdk/internal/logger/BootstrapLogger$BootstrapExecutors
instanceKlass org/codehaus/stax2/typed/TypedArrayDecoder
instanceKlass jdk/internal/logger/BootstrapLogger$RedirectedLoggers
instanceKlass sun/nio/ch/UnixDomainSocketsUtil
instanceKlass sun/nio/ch/UnixDomainSockets
instanceKlass it/unimi/dsi/fastutil/objects/Reference2ObjectMap
instanceKlass java/util/ServiceLoader$ProviderImpl
instanceKlass java/util/ServiceLoader$Provider
instanceKlass it/unimi/dsi/fastutil/objects/Reference2ObjectFunction
instanceKlass it/unimi/dsi/fastutil/Function
instanceKlass sun/nio/ch/DefaultSelectorProvider
instanceKlass kotlin/jvm/internal/Reflection
instanceKlass com/intellij/util/lang/ClassPath$ResourceEnumeration
instanceKlass com/jetbrains/rhizomedb/Remove
instanceKlass com/jetbrains/rhizomedb/Instruction
instanceKlass com/fasterxml/aalto/stax/StreamReaderImpl
instanceKlass java/lang/CompoundEnumeration
instanceKlass org/codehaus/stax2/LocationInfo
instanceKlass java/util/Collections$EmptyEnumeration
instanceKlass org/codehaus/stax2/DTDInfo
instanceKlass org/codehaus/stax2/AttributeInfo
instanceKlass jdk/internal/loader/BuiltinClassLoader$1
instanceKlass jdk/internal/loader/URLClassPath$1
instanceKlass jdk/internal/logger/BootstrapLogger$DetectBackend
instanceKlass org/codehaus/stax2/XMLStreamReader2
instanceKlass org/codehaus/stax2/validation/Validatable
instanceKlass org/codehaus/stax2/typed/TypedXMLStreamReader
instanceKlass jdk/internal/logger/BootstrapLogger
instanceKlass fleet/kernel/rebase/RemoveCoder
instanceKlass javax/xml/stream/XMLStreamReader
instanceKlass sun/util/logging/PlatformLogger$ConfigurableBridge
instanceKlass sun/nio/fs/WindowsDirectoryStream$WindowsDirectoryIterator
instanceKlass java/util/ServiceLoader$2
instanceKlass com/intellij/platform/core/nio/fs/DelegatingFileSystemProvider$WrappingDirectoryStream$1
instanceKlass sun/util/logging/PlatformLogger$Bridge
instanceKlass java/util/ServiceLoader$1
instanceKlass java/util/ServiceLoader$LazyClassPathLookupIterator
instanceKlass java/util/Spliterators$1Adapter
instanceKlass sun/nio/fs/WindowsDirectoryStream
instanceKlass java/util/Spliterators$EmptySpliterator
instanceKlass fleet/kernel/rebase/CompositeCoder
instanceKlass java/lang/System$Logger
instanceKlass java/util/ServiceLoader$ModuleServicesLookupIterator
instanceKlass it/unimi/dsi/fastutil/Hash
instanceKlass  @bci com/intellij/platform/core/nio/fs/DelegatingFileSystemProvider craftFilter (Ljava/nio/file/DirectoryStream$Filter;)Ljava/nio/file/DirectoryStream$Filter; 23 <appendix> member <vmtarget> ; # com/intellij/platform/core/nio/fs/DelegatingFileSystemProvider$$Lambda+0x0000000011152450
instanceKlass java/util/ServiceLoader
instanceKlass java/io/FileInputStream$1
instanceKlass fleet/kernel/rebase/AddCoder
instanceKlass java/nio/channels/spi/SelectorProvider$Holder
instanceKlass java/nio/channels/spi/SelectorProvider
instanceKlass  @bci com/intellij/platform/core/nio/fs/BasicFileAttributesHolder2$FetchAttributesFilter <clinit> ()V 0 <appendix> argL0 ; # com/intellij/platform/core/nio/fs/BasicFileAttributesHolder2$FetchAttributesFilter$$Lambda+0x0000000011150a28
instanceKlass java/nio/channels/AsynchronousFileChannel
instanceKlass com/intellij/platform/core/nio/fs/BasicFileAttributesHolder2
instanceKlass java/nio/channels/AsynchronousChannel
instanceKlass fleet/kernel/rebase/InstructionCoder
instanceKlass java/nio/file/FileStore
instanceKlass  @bci java/util/stream/MatchOps makeRef (Ljava/util/function/Predicate;Ljava/util/stream/MatchOps$MatchKind;)Ljava/util/stream/TerminalOp; 20 <appendix> member <vmtarget> ; # java/util/stream/MatchOps$$Lambda+0x000000001114faf0
instanceKlass jdk/internal/vm/ThreadContainers
instanceKlass fleet/kernel/rebase/InstructionSet
instanceKlass java/util/stream/MatchOps$BooleanTerminalSink
instanceKlass com/intellij/platform/core/nio/fs/BasicFileAttributesHolder2$FetchAttributesFilter
instanceKlass java/util/stream/MatchOps$MatchOp
instanceKlass com/intellij/platform/core/nio/fs/DelegatingFileSystemProvider$WrappingDirectoryStream
instanceKlass java/util/stream/MatchOps
instanceKlass java/nio/file/DirectoryStream
instanceKlass java/nio/file/Files$AcceptAllFilter
instanceKlass java/nio/file/DirectoryStream$Filter
instanceKlass fleet/kernel/rebase/InstructionCodingKt
instanceKlass jdk/internal/vm/StackableScope
instanceKlass com/intellij/openapi/util/io/NioFiles$1
instanceKlass com/intellij/openapi/util/ObjectTree
instanceKlass  @bci jdk/internal/module/SystemModuleFinders$SystemModuleReader open (Ljava/lang/String;)Ljava/util/Optional; 6 <appendix> member <vmtarget> ; # jdk/internal/module/SystemModuleFinders$SystemModuleReader$$Lambda+0x000000001114c9e0
instanceKlass java/util/stream/Streams
instanceKlass java/util/concurrent/locks/AbstractQueuedSynchronizer$ConditionObject
instanceKlass java/util/concurrent/locks/Condition
instanceKlass java/util/stream/Streams$AbstractStreamBuilderImpl
instanceKlass java/util/stream/Stream$Builder
instanceKlass java/util/concurrent/LinkedTransferQueue$DualNode
instanceKlass java/util/stream/ReferencePipeline$7$1FlatMap
instanceKlass java/util/concurrent/ForkJoinPool$ManagedBlocker
instanceKlass com/intellij/platform/ide/bootstrap/kernel/KernelKt
instanceKlass java/nio/file/FileVisitor
instanceKlass com/intellij/openapi/util/CheckedDisposable
instanceKlass jdk/internal/module/Checks
instanceKlass  @bci java/util/logging/Level$KnownLevel findByName (Ljava/lang/String;Ljava/util/function/Function;)Ljava/util/Optional; 29 <appendix> argL0 ; # java/util/logging/Level$KnownLevel$$Lambda+0x00000000111495f8
instanceKlass com/intellij/openapi/Disposable
instanceKlass com/intellij/openapi/util/io/NioFiles
instanceKlass java/util/concurrent/TransferQueue
instanceKlass com/fasterxml/aalto/in/XmlScanner
instanceKlass java/util/ArrayList$ArrayListSpliterator
instanceKlass com/intellij/openapi/util/Disposer
instanceKlass  @bci java/util/logging/Level findLevel (Ljava/lang/String;)Ljava/util/logging/Level; 13 <appendix> argL0 ; # java/util/logging/Level$$Lambda+0x0000000011148100
instanceKlass javax/xml/namespace/NamespaceContext
instanceKlass java/util/concurrent/BlockingQueue
instanceKlass javax/xml/stream/XMLStreamConstants
instanceKlass com/intellij/util/BitUtil
instanceKlass java/util/concurrent/ThreadPoolExecutor$AbortPolicy
instanceKlass java/util/concurrent/RejectedExecutionHandler
instanceKlass java/util/Hashtable$Enumerator
instanceKlass java/util/concurrent/ConcurrentHashMap$MapEntry
instanceKlass java/util/concurrent/AbstractExecutorService
instanceKlass com/intellij/ui/icons/IconLayer
instanceKlass com/intellij/platform/ide/bootstrap/EndUserAgreementStatus$NonJbVendor
instanceKlass com/intellij/platform/ide/bootstrap/EndUserAgreementStatus
instanceKlass java/util/ResourceBundle$ResourceBundleProviderHelper
instanceKlass java/util/concurrent/ExecutorService
instanceKlass java/util/concurrent/CopyOnWriteArrayList$COWIterator
instanceKlass com/intellij/platform/ide/bootstrap/ConfigKt
instanceKlass  @bci java/util/ResourceBundle$Control getCandidateLocales (Ljava/lang/String;Ljava/util/Locale;)Ljava/util/List; 23 <appendix> argL0 ; # java/util/ResourceBundle$Control$$Lambda+0x0000000011145948
instanceKlass java/util/Collections$SynchronizedCollection
instanceKlass com/intellij/ui/icons/CoreIconManager$Companion
instanceKlass javax/xml/stream/Location
instanceKlass java/util/concurrent/Executors
instanceKlass  @bci com/intellij/platform/ide/bootstrap/StartupUtil startApplication (Lkotlinx/coroutines/CoroutineScope;Ljava/util/List;Lkotlinx/coroutines/Deferred;Ljava/nio/file/Path;Lkotlinx/coroutines/Deferred;Lkotlinx/coroutines/Deferred;Lkotlinx/coroutines/CoroutineScope;Ljava/lang/Thread;)V 464 <appendix> member <vmtarget> ; # com/intellij/platform/ide/bootstrap/StartupUtil$$Lambda+0x0000000011136290
instanceKlass com/intellij/platform/ide/bootstrap/EuaKt
instanceKlass java/util/Properties$EntrySet
instanceKlass java/util/ResourceBundle$CacheKeyReference
instanceKlass  @bci java/lang/ProcessHandleImpl initReaper ()Ljava/util/concurrent/Executor; 45 <appendix> member <vmtarget> ; # java/lang/ProcessHandleImpl$$Lambda+0x0000000011143ce0
instanceKlass java/util/ResourceBundle$CacheKey
instanceKlass kotlin/reflect/KClass
instanceKlass com/fasterxml/aalto/in/InputBootstrapper
instanceKlass kotlin/reflect/KClassifier
instanceKlass com/fasterxml/aalto/util/XmlConsts
instanceKlass  @bci java/util/ResourceBundle$Control <clinit> ()V 39 <appendix> argL0 ; # java/util/ResourceBundle$Control$$Lambda+0x00000000111435f8
instanceKlass java/util/concurrent/locks/StampedLock
instanceKlass kotlin/reflect/KAnnotatedElement
instanceKlass kotlin/reflect/KDeclarationContainer
instanceKlass jdk/internal/util/random/RandomSupport
instanceKlass java/util/ResourceBundle$Control
instanceKlass com/intellij/util/lang/ZipEntryResolverPool
instanceKlass java/util/Collections$3
instanceKlass com/fasterxml/aalto/util/UriCanonicalizer
instanceKlass java/util/logging/LogManager$VisitedLoggers
instanceKlass java/util/ResourceBundle$1
instanceKlass jdk/internal/access/JavaUtilResourceBundleAccess
instanceKlass java/util/Random
instanceKlass com/intellij/ui/icons/CoreIconManager
instanceKlass java/util/random/RandomGenerator
instanceKlass java/util/ResourceBundle
instanceKlass com/fasterxml/aalto/in/ReaderConfig$EncodingContext
instanceKlass com/intellij/ui/CoreAwareIconManager
instanceKlass java/io/ExternalChannelHolder
instanceKlass sun/awt/AWTAccessor
instanceKlass java/lang/ProcessHandleImpl
instanceKlass java/lang/ProcessHandle
instanceKlass java/awt/Toolkit$1
instanceKlass sun/awt/AWTAccessor$ToolkitAccessor
instanceKlass  @bci com/intellij/platform/ide/bootstrap/StartupUtil lockSystemDirs (Ljava/util/List;)V 10 <appendix> argL0 ; # com/intellij/platform/ide/bootstrap/StartupUtil$$Lambda+0x0000000011131b90
instanceKlass com/fasterxml/aalto/impl/CommonConfig
instanceKlass com/intellij/platform/ide/bootstrap/CommandLineArgs
instanceKlass kotlinx/coroutines/DisposeOnCancel
instanceKlass kotlinx/coroutines/CancelHandler
instanceKlass java/lang/System$LoggerFinder
instanceKlass kotlinx/coroutines/CancellableContinuationKt
instanceKlass java/util/logging/LogManager$LoggingProviderAccess
instanceKlass sun/util/logging/internal/LoggingProviderImpl$LogManagerAccess
instanceKlass java/time/chrono/ChronoLocalDate
instanceKlass java/util/concurrent/atomic/AtomicBoolean
instanceKlass java/time/temporal/Temporal
instanceKlass java/lang/Shutdown$Lock
instanceKlass java/lang/Shutdown
instanceKlass com/intellij/ui/IconManager$Companion
instanceKlass java/awt/Toolkit
instanceKlass java/lang/ApplicationShutdownHooks$1
instanceKlass java/lang/ApplicationShutdownHooks
instanceKlass java/time/temporal/TemporalAdjuster
instanceKlass java/time/temporal/TemporalAccessor
instanceKlass com/intellij/util/xml/dom/StaxFactory
instanceKlass java/util/logging/Formatter
instanceKlass kotlinx/coroutines/Active
instanceKlass kotlinx/coroutines/CompletableDeferred
instanceKlass kotlinx/coroutines/NotCompleted
instanceKlass java/util/Collections$SynchronizedMap
instanceKlass java/time/ZoneId
instanceKlass kotlinx/coroutines/CompletableDeferredKt
instanceKlass com/intellij/ui/IconManager
instanceKlass java/util/logging/LogManager$LogNode
instanceKlass java/util/logging/LogManager$LoggerContext
instanceKlass  @bci com/intellij/openapi/diagnostic/Logger <clinit> ()V 11 <appendix> argL0 ; # com/intellij/openapi/diagnostic/Logger$$Lambda+0x000000001112d818
instanceKlass java/util/logging/LogManager
instanceKlass com/intellij/platform/ide/bootstrap/SplashManagerKt
instanceKlass kotlinx/coroutines/Waiter
instanceKlass com/intellij/openapi/diagnostic/Attachment
instanceKlass kotlinx/coroutines/CancellableContinuation
instanceKlass java/util/logging/Logger$ConfigurationData
instanceKlass java/util/logging/Logger$LoggerBundle
instanceKlass kotlinx/coroutines/JobSupport$Finishing
instanceKlass com/intellij/openapi/diagnostic/Logger$DefaultFactory
instanceKlass  @bci com/intellij/platform/ide/bootstrap/StartupUtil$startApplication$2 invokeSuspend (Ljava/lang/Object;)Ljava/lang/Object; 35 <appendix> argL0 ; # com/intellij/platform/ide/bootstrap/StartupUtil$startApplication$2$$Lambda+0x000000001112b1e0
instanceKlass  @bci java/util/logging/Level$KnownLevel add (Ljava/util/logging/Level;)V 49 <appendix> argL0 ; # java/util/logging/Level$KnownLevel$$Lambda+0x00000000110b9d48
instanceKlass java/util/Collections$1
instanceKlass com/intellij/openapi/diagnostic/Logger$Factory
instanceKlass com/intellij/util/xml/dom/XmlDomReader
instanceKlass java/util/Calendar
instanceKlass com/intellij/openapi/diagnostic/Logger
instanceKlass  @bci java/util/logging/Level$KnownLevel add (Ljava/util/logging/Level;)V 19 <appendix> argL0 ; # java/util/logging/Level$KnownLevel$$Lambda+0x00000000110b9038
instanceKlass  @bci com/intellij/diagnostic/LoadingState <clinit> ()V 141 <appendix> argL0 ; # com/intellij/diagnostic/LoadingState$$Lambda+0x0000000011129650
instanceKlass kotlin/collections/SetsKt__SetsJVMKt
instanceKlass com/intellij/openapi/application/ApplicationInfo
instanceKlass com/intellij/util/lang/HashMapZipFile$1
instanceKlass java/util/logging/Level
instanceKlass java/util/logging/Handler
instanceKlass com/intellij/util/containers/VarHandleWrapper
instanceKlass com/intellij/openapi/application/ApplicationNamesInfo
instanceKlass com/intellij/util/containers/VarHandleWrapper$VarHandleWrapperFactory
instanceKlass com/intellij/platform/ide/bootstrap/UiKt
instanceKlass java/util/logging/Logger
instanceKlass java/net/SocketAddress
instanceKlass java/net/ProtocolFamily
instanceKlass com/intellij/platform/ide/bootstrap/DirectoryLock
instanceKlass kotlinx/coroutines/CoroutineScopeKt
instanceKlass com/intellij/util/containers/Java11Shim$Companion
instanceKlass com/intellij/util/containers/Java11Shim
instanceKlass  @bci com/intellij/platform/ide/bootstrap/StartupUtil <clinit> ()V 4 <appendix> argL0 ; # com/intellij/platform/ide/bootstrap/StartupUtil$$Lambda+0x00000000111241b0
instanceKlass com/intellij/util/PlatformUtils
instanceKlass com/intellij/openapi/diagnostic/ExceptionWithAttachments
instanceKlass com/intellij/idea/MainImpl
instanceKlass com/intellij/platform/ide/bootstrap/AppStarter
instanceKlass com/intellij/platform/ide/bootstrap/StartupUtil
instanceKlass com/intellij/platform/bootstrap/MarketplaceKt
instanceKlass kotlinx/coroutines/IncompleteStateBox
instanceKlass kotlin/coroutines/jvm/internal/Boxing
instanceKlass kotlinx/coroutines/internal/SoftLimitedDispatcher$Worker
instanceKlass kotlinx/coroutines/Deferred
instanceKlass com/intellij/openapi/project/impl/DisabledP3Support
instanceKlass com/intellij/openapi/project/impl/P3Support
instanceKlass kotlinx/coroutines/DefaultExecutorKt
instanceKlass jdk/internal/invoke/MhUtil
instanceKlass java/util/concurrent/atomic/AtomicReference
instanceKlass com/intellij/concurrency/IdeaForkJoinWorkerThreadFactory
instanceKlass java/util/concurrent/ForkJoinPool$ForkJoinWorkerThreadFactory
instanceKlass com/intellij/openapi/project/impl/P3SupportInstaller
instanceKlass kotlin/coroutines/jvm/internal/CompletedContinuation
instanceKlass kotlinx/coroutines/internal/LimitedDispatcherKt
instanceKlass com/intellij/idea/Main$startApp$2$1$1
instanceKlass com/intellij/diagnostic/CoroutineTracerShim$Companion$coroutineTracer$1
instanceKlass com/intellij/diagnostic/CoroutineTracerShim$Companion
instanceKlass com/intellij/diagnostic/CoroutineTracerShim
instanceKlass kotlinx/coroutines/internal/Removed
instanceKlass kotlinx/coroutines/InactiveNodeList
instanceKlass kotlin/jvm/internal/TypeIntrinsics
instanceKlass kotlinx/coroutines/intrinsics/UndispatchedKt
instanceKlass  @bci com/intellij/platform/diagnostic/telemetry/impl/CoroutineTimeMeasurer updateThreadContext (Lkotlin/coroutines/CoroutineContext;)V 135 <appendix> member <vmtarget> ; # com/intellij/platform/diagnostic/telemetry/impl/CoroutineTimeMeasurer$$Lambda+0x000000001111f050
instanceKlass  @bci com/intellij/diagnostic/PerformanceWatcherImplKt collectCrashInfo$lambda$0$0$0 (Ljava/lang/String;JLjava/nio/file/Path;)Z 28 <appendix> form vmentry <vmtarget> ; # java/lang/invoke/LambdaForm$MH+0x0000000011118800
instanceKlass java/lang/invoke/StringConcatFactory
instanceKlass com/intellij/diagnostic/ActivityImpl
instanceKlass java/util/concurrent/ConcurrentLinkedQueue$Node
instanceKlass com/intellij/diagnostic/StartUpMeasurer
instanceKlass kotlinx/coroutines/UndispatchedMarker
instanceKlass kotlinx/coroutines/CoroutineName$Key
instanceKlass kotlinx/coroutines/internal/LockFreeTaskQueueCore$Placeholder
instanceKlass java/lang/Thread$ThreadNumbering
instanceKlass kotlinx/coroutines/scheduling/WorkQueue
instanceKlass kotlinx/coroutines/scheduling/ParallelismCompensation
instanceKlass kotlinx/coroutines/internal/LockFreeLinkedListNode
instanceKlass kotlinx/coroutines/JobKt__JobKt
instanceKlass kotlinx/coroutines/JobKt
instanceKlass com/intellij/platform/diagnostic/telemetry/impl/CoroutineTimeMeasurer$Companion
instanceKlass com/intellij/platform/diagnostic/telemetry/impl/CoroutineTimeMeasurer
instanceKlass  @bci kotlinx/coroutines/CoroutineContextKt foldCopies (Lkotlin/coroutines/CoroutineContext;Lkotlin/coroutines/CoroutineContext;Z)Lkotlin/coroutines/CoroutineContext; 83 <appendix> argL0 ; # kotlinx/coroutines/CoroutineContextKt$$Lambda+0x0000000011116b38
instanceKlass  @bci com/intellij/util/io/OpenChannelsCache$ChannelDescriptor <init> (Ljava/nio/file/Path;Z)V 25 <appendix> form vmentry <vmtarget> ; # java/lang/invoke/LambdaForm$DMH+0x0000000011118400
instanceKlass  @bci kotlinx/coroutines/CoroutineContextKt foldCopies (Lkotlin/coroutines/CoroutineContext;Lkotlin/coroutines/CoroutineContext;Z)Lkotlin/coroutines/CoroutineContext; 50 <appendix> member <vmtarget> ; # kotlinx/coroutines/CoroutineContextKt$$Lambda+0x00000000111168d0
instanceKlass  @cpi kotlinx/coroutines/CoroutineContextKt 131 form vmentry <vmtarget> ; # java/lang/invoke/LambdaForm$DMH+0x0000000011118000
instanceKlass kotlin/jvm/internal/Ref$ObjectRef
instanceKlass kotlinx/coroutines/BuildersKt__Builders_commonKt
instanceKlass kotlin/coroutines/jvm/internal/SpillingKt
instanceKlass com/intellij/platform/diagnostic/telemetry/impl/CoroutineTimeMeasurerKey
instanceKlass kotlinx/coroutines/ThreadContextElement$DefaultImpls
instanceKlass kotlinx/coroutines/CopyableThreadContextElement$DefaultImpls
instanceKlass com/intellij/platform/diagnostic/telemetry/impl/TracerKt$noActivity$1
instanceKlass com/intellij/diagnostic/Activity
instanceKlass com/intellij/platform/diagnostic/telemetry/impl/DefaultTraceReporter
instanceKlass com/intellij/platform/diagnostic/telemetry/impl/TraceReporter
instanceKlass com/intellij/platform/diagnostic/telemetry/impl/MeasureCoroutineTime
instanceKlass com/intellij/platform/diagnostic/telemetry/impl/TracerKt
instanceKlass kotlinx/coroutines/CoroutineExceptionHandler$Key
instanceKlass kotlinx/coroutines/CoroutineExceptionHandler
instanceKlass kotlin/ResultKt
instanceKlass kotlinx/coroutines/DispatchedTaskKt
instanceKlass kotlinx/coroutines/CompletedExceptionally
instanceKlass  @bci kotlinx/coroutines/internal/intellij/IntellijKt <clinit> ()V 0 <appendix> argL0 ; # kotlinx/coroutines/internal/intellij/IntellijKt$$Lambda+0x00000000111133e0
instanceKlass kotlinx/coroutines/internal/intellij/IntellijKt
instanceKlass kotlinx/coroutines/internal/ThreadContextKt
instanceKlass kotlinx/coroutines/EventLoop_commonKt
instanceKlass kotlinx/coroutines/AbstractTimeSourceKt
instanceKlass kotlin/Result$Failure
instanceKlass kotlinx/coroutines/CompletionStateKt
instanceKlass kotlin/Unit
instanceKlass kotlin/Result$Companion
instanceKlass kotlin/Result
instanceKlass  @bci kotlinx/coroutines/internal/ThreadContext_commonKt <clinit> ()V 28 <appendix> argL0 ; # kotlinx/coroutines/internal/ThreadContext_commonKt$$Lambda+0x0000000011111ce8
instanceKlass kotlinx/coroutines/internal/ThreadState
instanceKlass  @bci kotlinx/coroutines/internal/ThreadContext_commonKt <clinit> ()V 20 <appendix> argL0 ; # kotlinx/coroutines/internal/ThreadContext_commonKt$$Lambda+0x0000000011111838
instanceKlass  @bci kotlinx/coroutines/internal/ThreadContext_commonKt <clinit> ()V 12 <appendix> argL0 ; # kotlinx/coroutines/internal/ThreadContext_commonKt$$Lambda+0x00000000111115d8
instanceKlass kotlinx/coroutines/internal/ThreadContext_commonKt
instanceKlass kotlinx/coroutines/internal/DispatchedContinuationKt
instanceKlass kotlinx/coroutines/scheduling/Task
instanceKlass kotlin/coroutines/jvm/internal/CoroutineDumpState
instanceKlass kotlin/coroutines/jvm/internal/DebugProbesKt
instanceKlass kotlin/coroutines/intrinsics/IntrinsicsKt__IntrinsicsJvmKt
instanceKlass kotlinx/coroutines/intrinsics/CancellableKt
instanceKlass kotlinx/coroutines/CoroutineStart$WhenMappings
instanceKlass kotlin/coroutines/CombinedContext
instanceKlass kotlinx/coroutines/Job$DefaultImpls
instanceKlass  @bci kotlin/coroutines/CoroutineContext$DefaultImpls plus (Lkotlin/coroutines/CoroutineContext;Lkotlin/coroutines/CoroutineContext;)Lkotlin/coroutines/CoroutineContext; 19 <appendix> argL0 ; # kotlin/coroutines/CoroutineContext$DefaultImpls$$Lambda+0x0000000011109248
instanceKlass kotlin/coroutines/CoroutineContext$DefaultImpls
instanceKlass kotlinx/coroutines/NonDisposableHandle
instanceKlass kotlinx/coroutines/ChildHandle
instanceKlass kotlinx/coroutines/DisposableHandle
instanceKlass kotlinx/coroutines/Job$Key
instanceKlass kotlinx/coroutines/Empty
instanceKlass kotlinx/coroutines/Incomplete
instanceKlass kotlinx/coroutines/JobSupportKt
instanceKlass kotlinx/coroutines/internal/intellij/JobProbesKt
instanceKlass kotlinx/coroutines/JobSupport
instanceKlass kotlinx/coroutines/ParentJob
instanceKlass kotlinx/coroutines/ChildJob
instanceKlass kotlinx/coroutines/Job
instanceKlass kotlin/coroutines/ContinuationInterceptor$DefaultImpls
instanceKlass java/util/concurrent/atomic/AtomicReferenceArray
instanceKlass kotlinx/coroutines/internal/LockFreeTaskQueueCore$Companion
instanceKlass kotlinx/coroutines/internal/LockFreeTaskQueueCore
instanceKlass kotlinx/coroutines/internal/ResizableAtomicArray
instanceKlass kotlinx/coroutines/internal/LockFreeTaskQueue
instanceKlass java/util/concurrent/atomic/AtomicLongFieldUpdater
instanceKlass kotlinx/coroutines/scheduling/CoroutineScheduler$Companion
instanceKlass kotlinx/coroutines/scheduling/CoroutineScheduler
instanceKlass java/util/concurrent/Executor
instanceKlass kotlinx/coroutines/scheduling/SchedulerTimeSource
instanceKlass kotlinx/coroutines/internal/SystemPropsKt__SystemProps_commonKt
instanceKlass kotlinx/coroutines/scheduling/TasksKt
instanceKlass  @bci kotlinx/coroutines/ExecutorCoroutineDispatcher$Key <init> ()V 7 <appendix> argL0 ; # kotlinx/coroutines/ExecutorCoroutineDispatcher$Key$$Lambda+0x000000001110d3b0
instanceKlass kotlinx/coroutines/internal/SoftLimitedParallelism
instanceKlass kotlinx/coroutines/Dispatchers
instanceKlass kotlinx/coroutines/internal/SystemPropsKt__SystemPropsKt
instanceKlass kotlinx/coroutines/internal/SystemPropsKt
instanceKlass kotlinx/coroutines/DebugKt
instanceKlass kotlinx/coroutines/CopyableThreadContextElement
instanceKlass kotlinx/coroutines/ThreadContextElement
instanceKlass kotlin/coroutines/CoroutineContext$Element$DefaultImpls
instanceKlass  @bci kotlinx/coroutines/CoroutineContextKt hasCopyableElements (Lkotlin/coroutines/CoroutineContext;)Z 5 <appendix> argL0 ; # kotlinx/coroutines/CoroutineContextKt$$Lambda+0x0000000011106e00
instanceKlass java/lang/invoke/TypeConvertingMethodAdapter$BoxHolder
instanceKlass java/lang/invoke/TypeConvertingMethodAdapter$1
instanceKlass  @cpi kotlinx/coroutines/CoroutineContextKt 90 form vmentry <vmtarget> ; # java/lang/invoke/LambdaForm$DMH+0x0000000011108000
instanceKlass kotlinx/coroutines/CoroutineContextKt
instanceKlass kotlinx/coroutines/GlobalScope
instanceKlass kotlinx/coroutines/CoroutineScope
instanceKlass java/util/concurrent/atomic/AtomicIntegerFieldUpdater
instanceKlass  @bci kotlinx/coroutines/CoroutineDispatcher$Key <init> ()V 7 <appendix> argL0 ; # kotlinx/coroutines/CoroutineDispatcher$Key$$Lambda+0x00000000111064b8
instanceKlass kotlin/jvm/functions/Function1
instanceKlass kotlin/coroutines/AbstractCoroutineContextKey
instanceKlass kotlin/coroutines/AbstractCoroutineContextElement
instanceKlass kotlinx/coroutines/Delay
instanceKlass kotlinx/coroutines/EventLoopKt
instanceKlass kotlinx/coroutines/internal/ThreadLocalKt
instanceKlass kotlinx/coroutines/internal/Symbol
instanceKlass kotlinx/coroutines/ThreadLocalEventLoop
instanceKlass kotlin/coroutines/ContinuationInterceptor$Key
instanceKlass kotlin/coroutines/CoroutineContext$Key
instanceKlass kotlin/coroutines/ContinuationInterceptor
instanceKlass kotlin/coroutines/CoroutineContext$Element
instanceKlass kotlin/coroutines/EmptyCoroutineContext
instanceKlass kotlin/coroutines/CoroutineContext
instanceKlass kotlinx/coroutines/BuildersKt__BuildersKt
instanceKlass kotlinx/coroutines/BuildersKt
instanceKlass kotlin/coroutines/jvm/internal/BaseContinuationImpl
instanceKlass kotlin/coroutines/jvm/internal/CoroutineStackFrame
instanceKlass kotlin/coroutines/Continuation
instanceKlass kotlin/coroutines/jvm/internal/SuspendFunction
instanceKlass kotlin/jvm/internal/FunctionBase
instanceKlass kotlin/jvm/functions/Function2
instanceKlass  @bci java/util/regex/Pattern Single (I)Ljava/util/regex/Pattern$BmpCharPredicate; 1 <appendix> member <vmtarget> ; # java/util/regex/Pattern$$Lambda+0x00000000110b1260
instanceKlass com/intellij/openapi/application/PathManager$Lazy
instanceKlass java/util/Properties$LineReader
instanceKlass java/nio/channels/NetworkChannel
instanceKlass sun/nio/ch/SelChImpl
instanceKlass sun/nio/ch/Streams
instanceKlass java/nio/channels/Channels
instanceKlass java/util/Collections$EmptyIterator
instanceKlass sun/nio/fs/WindowsLinkSupport
instanceKlass com/jetbrains/internal/IoToNioErrorMessageHolder
instanceKlass sun/nio/fs/WindowsPath$1
instanceKlass  @bci com/intellij/openapi/application/ArchivedCompilationContextUtil <clinit> ()V 27 <appendix> argL0 ; # com/intellij/openapi/application/ArchivedCompilationContextUtil$$Lambda+0x0000000011100940
instanceKlass kotlin/UNINITIALIZED_VALUE
instanceKlass sun/reflect/misc/ReflectUtil
instanceKlass java/util/concurrent/atomic/AtomicReferenceFieldUpdater
instanceKlass kotlin/SafePublicationLazyImpl$Companion
instanceKlass kotlin/SafePublicationLazyImpl
instanceKlass kotlin/Lazy
instanceKlass kotlin/LazyKt__LazyJVMKt$WhenMappings
instanceKlass kotlin/LazyKt__LazyJVMKt
instanceKlass  @bci com/intellij/openapi/application/ArchivedCompilationContextUtil <clinit> ()V 13 <appendix> argL0 ; # com/intellij/openapi/application/ArchivedCompilationContextUtil$$Lambda+0x000000001109b0b0
instanceKlass kotlin/jvm/functions/Function0
instanceKlass kotlin/Function
instanceKlass com/intellij/openapi/application/ArchivedCompilationContextUtil
instanceKlass sun/nio/fs/WindowsUriSupport
instanceKlass java/net/URLConnection
instanceKlass com/intellij/util/lang/ZipResourceFile$ZipFileResource
instanceKlass com/intellij/util/lang/ImmutableZipFile$MyZipResource
instanceKlass sun/nio/ch/Util$BufferCache
instanceKlass jdk/internal/misc/Blocker
instanceKlass java/util/zip/ZipFile$Source$ChannelFileAccessor
instanceKlass java/nio/file/attribute/PosixFileAttributes
instanceKlass java/nio/file/attribute/DosFileAttributeView
instanceKlass jdk/internal/jimage/ImageLocation
instanceKlass jdk/internal/jimage/decompressor/Decompressor
instanceKlass jdk/internal/jimage/ImageStringsReader
instanceKlass jdk/internal/jimage/ImageStrings
instanceKlass jdk/internal/jimage/ImageHeader
instanceKlass jdk/internal/reflect/Reflection$1Holder
instanceKlass jdk/internal/jimage/NativeImageBuffer$1
instanceKlass jdk/internal/jimage/NativeImageBuffer
instanceKlass java/security/AccessControlContext
instanceKlass java/security/AccessController
instanceKlass jdk/internal/jimage/BasicImageReader$1
instanceKlass java/security/PrivilegedAction
instanceKlass jdk/internal/jimage/BasicImageReader
instanceKlass jdk/internal/jimage/ImageReader
instanceKlass jdk/internal/jimage/ImageReaderFactory$1
instanceKlass jdk/internal/jimage/ImageReaderFactory
instanceKlass jdk/internal/module/SystemModuleFinders$SystemImage
instanceKlass jdk/internal/module/SystemModuleFinders$SystemModuleReader
instanceKlass java/lang/module/ModuleReader
instanceKlass jdk/internal/loader/BuiltinClassLoader$2
instanceKlass jdk/internal/module/Resources
instanceKlass com/intellij/openapi/application/PathManager$2
instanceKlass java/util/TreeMap$Entry
instanceKlass java/lang/ProcessEnvironment$CheckedEntry
instanceKlass java/lang/ProcessEnvironment$CheckedEntrySet$1
instanceKlass java/util/NavigableMap
instanceKlass java/util/SortedMap
instanceKlass java/lang/ProcessEnvironment$EntryComparator
instanceKlass java/lang/ProcessEnvironment$NameComparator
instanceKlass com/intellij/openapi/util/text/StringUtilRt
instanceKlass  @bci com/intellij/openapi/util/text/StringUtil <clinit> ()V 24 <appendix> argL0 ; # com/intellij/openapi/util/text/StringUtil$$Lambda+0x0000000011099be0
instanceKlass  @bci com/intellij/openapi/util/text/StringUtil <clinit> ()V 16 <appendix> argL0 ; # com/intellij/openapi/util/text/StringUtil$$Lambda+0x0000000011099960
instanceKlass com/intellij/openapi/util/text/StringUtil
instanceKlass java/util/regex/Pattern$TreeInfo
instanceKlass  @bci java/util/regex/Pattern DOT ()Ljava/util/regex/Pattern$CharPredicate; 0 <appendix> argL0 ; # java/util/regex/Pattern$$Lambda+0x00000000110a41b0
instanceKlass com/intellij/openapi/util/Version
instanceKlass jdk/internal/math/FloatingDecimal$ASCIIToBinaryBuffer
instanceKlass jdk/internal/math/MathUtils
instanceKlass jdk/internal/math/FloatingDecimal$PreparedASCIIToBinaryBuffer
instanceKlass jdk/internal/math/FloatingDecimal$ASCIIToBinaryConverter
instanceKlass jdk/internal/math/FloatingDecimal$BinaryToASCIIBuffer
instanceKlass jdk/internal/math/FloatingDecimal$ExceptionalBinaryToASCIIBuffer
instanceKlass jdk/internal/math/FloatingDecimal$BinaryToASCIIConverter
instanceKlass jdk/internal/math/FloatingDecimal
instanceKlass java/util/regex/ASCII
instanceKlass java/util/regex/IntHashSet
instanceKlass java/util/regex/Matcher
instanceKlass java/util/regex/MatchResult
instanceKlass  @bci java/util/regex/CharPredicates ASCII_DIGIT ()Ljava/util/regex/Pattern$BmpCharPredicate; 0 <appendix> argL0 ; # java/util/regex/CharPredicates$$Lambda+0x00000000110a06c8
instanceKlass java/util/regex/Pattern$BmpCharPredicate
instanceKlass java/util/regex/Pattern$CharPredicate
instanceKlass java/util/regex/CharPredicates
instanceKlass java/util/regex/Pattern$Node
instanceKlass java/util/regex/Pattern
instanceKlass com/intellij/util/system/OS$VersionHolder
instanceKlass com/intellij/util/system/OS$OsInfo
instanceKlass java/io/Reader
instanceKlass com/intellij/openapi/application/PathManager
instanceKlass com/intellij/idea/WellKnownArgument
instanceKlass com/intellij/idea/ApplicationStartArguments
instanceKlass com/intellij/platform/core/nio/fs/MultiRoutingFsPath
instanceKlass sun/nio/fs/BasicFileAttributesHolder
instanceKlass java/nio/file/Paths
instanceKlass java/util/Arrays$ArrayItr
instanceKlass kotlin/ranges/RangesKt__RangesKt
instanceKlass kotlin/collections/MapsKt__MapWithDefaultKt
instanceKlass kotlin/collections/ArraysUtilJVM
instanceKlass kotlin/collections/CollectionsKt__CollectionsJVMKt
instanceKlass kotlin/collections/AbstractList$Companion
instanceKlass kotlin/collections/AbstractCollection
instanceKlass kotlin/enums/EnumEntries
instanceKlass kotlin/jvm/internal/markers/KMappedMarker
instanceKlass kotlin/enums/EnumEntriesKt
instanceKlass com/intellij/idea/WellKnownCommand
instanceKlass com/intellij/idea/WellKnownCommands
instanceKlass com/intellij/idea/AppMode
instanceKlass kotlin/Pair
instanceKlass kotlin/text/StringsKt__AppendableKt
instanceKlass kotlin/collections/ArraysKt__ArraysJVMKt
instanceKlass kotlin/jvm/internal/Intrinsics
instanceKlass com/intellij/idea/Main
instanceKlass com/android/tools/idea/MainWrapper
instanceKlass com/intellij/util/lang/ClasspathCache$LoaderDataBuilder$1
instanceKlass com/intellij/util/lang/StrippedLongSet
instanceKlass java/util/function/LongPredicate
instanceKlass com/intellij/util/lang/ClasspathCache$LoaderDataBuilder
instanceKlass com/intellij/util/lang/EmptyZipFile
instanceKlass com/intellij/util/lang/ImmutableZipEntry
instanceKlass com/intellij/util/lang/HashMapZipFile
# instanceKlass java/lang/invoke/LambdaForm$MH+0x000000001108c800
instanceKlass java/lang/invoke/MethodHandle$1
instanceKlass java/lang/invoke/VarHandle$AccessDescriptor
instanceKlass java/lang/invoke/VarForm
instanceKlass java/lang/invoke/VarHandleGuards
instanceKlass java/lang/invoke/VarHandles
instanceKlass com/intellij/util/lang/ByteArrayAccess
instanceKlass com/intellij/util/lang/Xxh3
instanceKlass java/nio/charset/StandardCharsets
instanceKlass com/intellij/util/lang/StrippedLongToObjectMap
instanceKlass com/intellij/util/lang/ZipResourceFile$1
instanceKlass java/util/jar/Attributes$Name
instanceKlass java/util/AbstractMap$SimpleImmutableEntry
instanceKlass com/intellij/util/lang/JarLoader
instanceKlass com/intellij/util/lang/Hash
instanceKlass com/intellij/util/lang/StrippedLongToLongMap
instanceKlass com/intellij/util/lang/Ikv
# instanceKlass java/lang/invoke/LambdaForm$MH+0x000000001108c400
instanceKlass jdk/internal/classfile/impl/BytecodeHelpers$1
instanceKlass java/lang/ClassValue$RemovalToken
instanceKlass java/lang/ClassValue$Identity
instanceKlass java/lang/ClassValue$Entry
instanceKlass java/lang/ClassValue
instanceKlass java/lang/invoke/MethodHandleImpl$ArrayAccessor
instanceKlass java/lang/invoke/MethodHandleImpl$CasesHolder
instanceKlass java/lang/invoke/MethodHandleImpl$LoopClauses
# instanceKlass java/lang/invoke/LambdaForm$MH+0x000000001108c000
# instanceKlass java/lang/invoke/LambdaForm$DMH+0x000000001108bc00
# instanceKlass java/lang/invoke/LambdaForm$MH+0x000000001108b800
# instanceKlass java/lang/invoke/LambdaForm$DMH+0x000000001108b400
# instanceKlass java/lang/invoke/LambdaForm$MH+0x000000001108b000
# instanceKlass java/lang/invoke/LambdaForm$MH+0x000000001108ac00
# instanceKlass java/lang/invoke/LambdaForm$MH+0x000000001108a800
# instanceKlass java/lang/invoke/LambdaForm$DMH+0x000000001108a400
# instanceKlass java/lang/invoke/LambdaForm$MH+0x000000001108a000
# instanceKlass java/lang/invoke/LambdaForm$BMH+0x0000000011089c00
# instanceKlass java/lang/invoke/LambdaForm$DMH+0x0000000011089800
# instanceKlass java/lang/invoke/LambdaForm$MH+0x0000000011089400
# instanceKlass java/lang/invoke/LambdaForm$BMH+0x0000000011089000
# instanceKlass java/lang/invoke/LambdaForm$DMH+0x0000000011088c00
# instanceKlass java/lang/invoke/LambdaForm$DMH+0x0000000011088800
# instanceKlass java/lang/invoke/LambdaForm$MH+0x0000000011088400
# instanceKlass java/lang/invoke/LambdaForm$DMH+0x0000000011088000
instanceKlass java/lang/invoke/ClassSpecializer$Factory$1$5$1
instanceKlass java/lang/classfile/attribute/ExceptionsAttribute
instanceKlass java/lang/invoke/ClassSpecializer$Factory$1$5
instanceKlass java/lang/invoke/ClassSpecializer$Factory$1$4
instanceKlass java/lang/invoke/ClassSpecializer$Factory$1$3
instanceKlass java/lang/invoke/ClassSpecializer$Factory$1$2
instanceKlass java/lang/invoke/ClassSpecializer$Factory$1$1Var
instanceKlass java/lang/invoke/ClassSpecializer$Factory$1$1
instanceKlass java/lang/invoke/ClassSpecializer$Factory$1
instanceKlass java/lang/invoke/MethodHandles$1
instanceKlass sun/invoke/util/ValueConversions$1
instanceKlass sun/invoke/util/ValueConversions$WrapperCache
# instanceKlass java/lang/invoke/LambdaForm$DMH+0x0000000011082c00
instanceKlass java/lang/foreign/MemorySegment
instanceKlass sun/nio/ch/Util
instanceKlass sun/nio/ch/FileChannelImpl$Unmapper
instanceKlass jdk/internal/access/foreign/UnmapperProxy
instanceKlass jdk/internal/misc/ExtendedMapMode
instanceKlass java/nio/channels/FileChannel$MapMode
instanceKlass sun/nio/ch/IOStatus
instanceKlass sun/nio/ch/NativeThread
instanceKlass sun/nio/ch/FileChannelImpl$Closer
instanceKlass com/jetbrains/internal/IoOverNio$ParentForFileChannelImplHolder
instanceKlass sun/nio/ch/NativeThreadSet
instanceKlass java/nio/channels/spi/AbstractInterruptibleChannel$1
instanceKlass sun/nio/ch/Interruptible
instanceKlass sun/nio/ch/IOUtil
instanceKlass sun/nio/ch/NativeDispatcher
instanceKlass sun/nio/fs/WindowsChannelFactory$2
instanceKlass java/util/RegularEnumSet$EnumSetIterator
instanceKlass sun/nio/fs/WindowsChannelFactory$Flags
instanceKlass sun/nio/fs/WindowsChannelFactory$1
instanceKlass sun/nio/fs/WindowsChannelFactory
instanceKlass sun/nio/fs/WindowsSecurityDescriptor
instanceKlass java/nio/channels/spi/AbstractInterruptibleChannel
instanceKlass java/nio/channels/InterruptibleChannel
instanceKlass java/nio/channels/ScatteringByteChannel
instanceKlass java/nio/channels/GatheringByteChannel
instanceKlass java/nio/channels/SeekableByteChannel
instanceKlass java/nio/channels/ByteChannel
instanceKlass java/nio/channels/WritableByteChannel
instanceKlass java/nio/channels/ReadableByteChannel
instanceKlass java/nio/channels/Channel
instanceKlass java/nio/file/attribute/FileAttribute
instanceKlass com/intellij/util/lang/ZipFile$ZipResource
instanceKlass com/intellij/util/lang/ImmutableZipFile
instanceKlass com/intellij/util/lang/ZipFile
instanceKlass com/intellij/util/lang/ZipFilePool
instanceKlass com/intellij/util/lang/ClasspathCache$IndexRegistrar
instanceKlass com/intellij/util/lang/Resource
instanceKlass com/intellij/util/lang/ZipResourceFile
instanceKlass com/intellij/util/lang/Xxh3Impl
instanceKlass com/intellij/util/lang/CharSequenceAccess$BaseCharSequenceAccess
instanceKlass com/intellij/util/lang/Access
instanceKlass com/intellij/util/lang/CharSequenceAccess
instanceKlass  @bci com/intellij/util/lang/ClassLoadingLocks getOrCreateLock (Ljava/lang/String;)Ljava/lang/Object; 14 <appendix> member <vmtarget> ; # com/intellij/util/lang/ClassLoadingLocks$$Lambda+0x00000000110844e8
instanceKlass jdk/internal/vm/ContinuationSupport
instanceKlass java/net/URI$Parser
instanceKlass  @bci com/intellij/platform/core/nio/fs/MultiRoutingFileSystem <clinit> ()V 16 <appendix> argL0 ; # com/intellij/platform/core/nio/fs/MultiRoutingFileSystem$$Lambda+0x00000000110e9c40
instanceKlass  @bci com/intellij/platform/core/nio/fs/MultiRoutingFileSystem <clinit> ()V 8 <appendix> argL0 ; # com/intellij/platform/core/nio/fs/MultiRoutingFileSystem$$Lambda+0x00000000110e99c0
instanceKlass  @bci com/intellij/platform/core/nio/fs/MultiRoutingFileSystem <clinit> ()V 0 <appendix> argL0 ; # com/intellij/platform/core/nio/fs/MultiRoutingFileSystem$$Lambda+0x00000000110e9750
instanceKlass com/intellij/platform/core/nio/fs/FileSystemTracingListener$NoopFileSystemTracingListener
instanceKlass com/intellij/platform/core/nio/fs/FileSystemTracingListener
instanceKlass com/intellij/platform/core/nio/fs/RoutingAwareFileSystemProvider
instanceKlass java/nio/file/FileSystems$DefaultFileSystemHolder
instanceKlass java/nio/file/FileSystems
instanceKlass com/intellij/util/lang/ClassLoadingLocks
instanceKlass  @bci com/intellij/util/lang/ClasspathCache <clinit> ()V 8 <appendix> argL0 ; # com/intellij/util/lang/ClasspathCache$$Lambda+0x0000000011083b70
instanceKlass  @bci com/intellij/util/lang/ClasspathCache <clinit> ()V 0 <appendix> argL0 ; # com/intellij/util/lang/ClasspathCache$$Lambda+0x0000000011083910
instanceKlass  @cpi com/intellij/openapi/fileTypes/ex/FileTypeIdentifiableByVirtualFile 48 form vmentry <vmtarget> ; # java/lang/invoke/LambdaForm$DMH+0x0000000011082800
instanceKlass java/util/function/IntFunction
instanceKlass java/util/function/LongFunction
instanceKlass com/intellij/util/lang/ClasspathCache
instanceKlass com/intellij/util/lang/ClassPath$Measurer
instanceKlass com/intellij/util/lang/Loader
instanceKlass com/intellij/util/lang/ClassPath
# instanceKlass java/lang/invoke/LambdaForm$MH+0x0000000011082400
instanceKlass  @bci com/intellij/ide/ui/UIThemeKt createTheme (Lcom/intellij/ide/ui/UIThemeBean;Lcom/intellij/ide/ui/UIThemeBean;Ljava/lang/ClassLoader;Lkotlin/jvm/functions/Function1;Ljava/lang/String;Lkotlin/jvm/functions/Function2;)Lcom/intellij/ide/ui/UITheme; 210 <appendix> form vmentry <vmtarget> ; # java/lang/invoke/LambdaForm$MH+0x0000000011082000
instanceKlass  @bci com/intellij/util/lang/PathClassLoader <clinit> ()V 50 <appendix> argL0 ; # com/intellij/util/lang/PathClassLoader$$Lambda+0x00000000110816d0
instanceKlass com/intellij/util/lang/UrlClassLoader$Builder
instanceKlass com/intellij/util/lang/ResourceFile
instanceKlass com/intellij/util/lang/UrlClassLoader$CachePool
instanceKlass com/intellij/util/lang/ClassPath$ClassDataConsumer
instanceKlass java/security/PermissionCollection
instanceKlass java/security/SecureClassLoader$1
instanceKlass java/util/zip/Checksum$1
instanceKlass java/util/zip/CRC32
instanceKlass java/util/zip/Checksum
instanceKlass sun/nio/ByteBuffered
instanceKlass java/lang/Package$VersionInfo
instanceKlass java/lang/NamedPackage
instanceKlass jdk/internal/loader/Resource
instanceKlass java/util/zip/ZipEntry
instanceKlass java/nio/Bits$1
instanceKlass jdk/internal/misc/VM$BufferPool
instanceKlass java/nio/Bits
instanceKlass sun/nio/ch/DirectBuffer
instanceKlass jdk/internal/perf/PerfCounter$CoreCounters
instanceKlass jdk/internal/perf/Perf
instanceKlass jdk/internal/perf/PerfCounter
instanceKlass java/util/Locale$LocaleCache
instanceKlass jdk/internal/util/ReferencedKeyMap$1
instanceKlass sun/util/locale/BaseLocale$1InterningCache
instanceKlass sun/util/locale/LocaleUtils
instanceKlass sun/util/locale/BaseLocale
instanceKlass java/util/Locale
instanceKlass java/nio/file/attribute/FileTime
instanceKlass java/util/zip/ZipUtils
instanceKlass java/util/zip/ZipFile$Source$End
instanceKlass java/util/zip/ZipFile$Source$RandomAccessFileAccessor
instanceKlass java/util/zip/ZipFile$Source$FileAccessor
instanceKlass com/jetbrains/internal/IoOverNio$RecursionGuard
instanceKlass java/io/RandomAccessFile$2
instanceKlass jdk/internal/access/JavaIORandomAccessFileAccess
instanceKlass java/io/RandomAccessFile
instanceKlass java/io/DataInput
instanceKlass java/io/DataOutput
instanceKlass sun/nio/fs/WindowsNativeDispatcher$CompletionStatus
instanceKlass sun/nio/fs/WindowsNativeDispatcher$AclInformation
instanceKlass sun/nio/fs/WindowsNativeDispatcher$Account
instanceKlass sun/nio/fs/WindowsNativeDispatcher$DiskFreeSpace
instanceKlass sun/nio/fs/WindowsNativeDispatcher$VolumeInformation
instanceKlass sun/nio/fs/WindowsNativeDispatcher$FirstStream
instanceKlass sun/nio/fs/WindowsNativeDispatcher$FirstFile
instanceKlass java/util/concurrent/ConcurrentHashMap$Traverser
instanceKlass java/util/Enumeration
instanceKlass jdk/internal/loader/NativeLibraries$2
instanceKlass jdk/internal/loader/NativeLibrary
instanceKlass java/util/ArrayDeque$DeqIterator
instanceKlass jdk/internal/loader/NativeLibraries$NativeLibraryContext$1
instanceKlass jdk/internal/loader/NativeLibraries$NativeLibraryContext
instanceKlass jdk/internal/loader/NativeLibraries$1
instanceKlass jdk/internal/loader/NativeLibraries$LibraryPaths
instanceKlass sun/nio/fs/WindowsNativeDispatcher
instanceKlass sun/nio/fs/NativeBuffer$Deallocator
instanceKlass sun/nio/fs/NativeBuffer
instanceKlass sun/nio/fs/NativeBuffers
instanceKlass sun/nio/fs/WindowsFileAttributes
instanceKlass java/nio/file/attribute/DosFileAttributes
instanceKlass sun/nio/fs/AbstractBasicFileAttributeView
instanceKlass sun/nio/fs/DynamicFileAttributeView
instanceKlass sun/nio/fs/WindowsFileAttributeViews
instanceKlass sun/nio/fs/Util
instanceKlass java/nio/file/attribute/BasicFileAttributeView
instanceKlass java/nio/file/attribute/FileAttributeView
instanceKlass java/nio/file/attribute/AttributeView
instanceKlass java/nio/file/Files
instanceKlass java/nio/file/CopyOption
instanceKlass java/nio/file/attribute/BasicFileAttributes
instanceKlass sun/nio/fs/WindowsPath
instanceKlass java/util/zip/ZipFile$Source$Key
instanceKlass sun/nio/fs/WindowsPathParser
instanceKlass java/nio/file/FileSystem
instanceKlass java/nio/file/OpenOption
instanceKlass java/nio/file/spi/FileSystemProvider
instanceKlass sun/nio/fs/DefaultFileSystemProvider
instanceKlass java/util/zip/ZipFile$Source
instanceKlass java/util/zip/ZipFile$CleanableResource
instanceKlass java/util/zip/ZipCoder
instanceKlass java/lang/Runtime$Version
instanceKlass java/util/jar/JavaUtilJarAccessImpl
instanceKlass jdk/internal/access/JavaUtilJarAccess
instanceKlass java/nio/charset/CoderResult
instanceKlass java/nio/charset/CharsetDecoder
instanceKlass java/lang/Readable
instanceKlass jdk/internal/loader/FileURLMapper
instanceKlass java/util/zip/ZipFile$1
instanceKlass jdk/internal/access/JavaUtilZipFileAccess
instanceKlass java/util/BitSet
instanceKlass java/util/zip/ZipFile
instanceKlass java/util/zip/ZipConstants
instanceKlass jdk/internal/loader/URLClassPath$Loader
instanceKlass sun/net/util/URLUtil
instanceKlass com/jetbrains/internal/IoOverNio$ThreadLocalCloseable
instanceKlass java/lang/ThreadLocal$ThreadLocalMap
instanceKlass jdk/jfr/internal/Options
instanceKlass jdk/jfr/internal/management/HiddenWait
instanceKlass jdk/jfr/internal/JVM
instanceKlass jdk/jfr/internal/JVMSupport
instanceKlass jdk/jfr/internal/Logger
instanceKlass jdk/jfr/internal/util/Output$LinePrinter
instanceKlass jdk/jfr/internal/util/Output
instanceKlass jdk/jfr/internal/dcmd/AbstractDCmd
instanceKlass jdk/internal/module/ModuleBootstrap$SafeModuleFinder
instanceKlass  @bci java/lang/Module implAddExportsOrOpens (Ljava/lang/String;Ljava/lang/Module;ZZ)V 235 <appendix> member <vmtarget> ; # java/lang/Module$$Lambda+0x00000000110c9760
instanceKlass java/lang/WeakPairMap$Pair$Lookup
instanceKlass java/lang/WeakPairMap$Pair
instanceKlass java/lang/WeakPairMap
instanceKlass java/lang/Module$ReflectionData
instanceKlass  @bci jdk/internal/module/ModuleBootstrap decode (Ljava/lang/String;Ljava/lang/String;Z)Ljava/util/Map; 193 <appendix> argL0 ; # jdk/internal/module/ModuleBootstrap$$Lambda+0x00000000110c8550
instanceKlass java/lang/ModuleLayer$Controller
instanceKlass java/util/concurrent/CopyOnWriteArrayList
instanceKlass jdk/internal/module/ServicesCatalog$ServiceProvider
instanceKlass jdk/internal/loader/AbstractClassLoaderValue$Memoizer
instanceKlass jdk/internal/module/ModuleLoaderMap$Mapper
instanceKlass java/util/ArrayList$Itr
instanceKlass java/lang/module/ResolvedModule
instanceKlass java/util/Collections$UnmodifiableCollection$1
instanceKlass java/util/SequencedMap
instanceKlass java/util/SequencedSet
instanceKlass java/lang/ModuleLayer
instanceKlass java/lang/module/ModuleFinder$1
instanceKlass java/nio/file/Path
instanceKlass java/nio/file/Watchable
instanceKlass java/lang/module/Resolver
instanceKlass java/lang/module/Configuration
instanceKlass java/util/stream/FindOps$FindOp
instanceKlass  @bci java/util/stream/FindOps$FindSink$OfRef <clinit> ()V 6 <appendix> argL0 ; # java/util/stream/FindOps$FindSink$OfRef$$Lambda+0x00000000110c3510
instanceKlass  @bci java/util/stream/FindOps$FindSink$OfRef <clinit> ()V 0 <appendix> argL0 ; # java/util/stream/FindOps$FindSink$OfRef$$Lambda+0x00000000110c3280
instanceKlass java/util/stream/FindOps$FindSink
instanceKlass java/util/stream/FindOps
instanceKlass  @bci jdk/internal/module/DefaultRoots exportsAPI (Ljava/lang/module/ModuleDescriptor;)Z 9 <appendix> argL0 ; # jdk/internal/module/DefaultRoots$$Lambda+0x00000000110c2738
instanceKlass java/util/Collections$2
instanceKlass java/util/stream/Sink$ChainedReference
instanceKlass java/util/stream/ReduceOps$Box
instanceKlass java/util/stream/ReduceOps$AccumulatingSink
instanceKlass java/util/stream/TerminalSink
instanceKlass java/util/stream/Sink
instanceKlass java/util/stream/ReduceOps$ReduceOp
instanceKlass java/util/stream/TerminalOp
instanceKlass java/util/stream/ReduceOps
instanceKlass  @bci java/util/stream/Collectors castingIdentity ()Ljava/util/function/Function; 0 <appendix> argL0 ; # java/util/stream/Collectors$$Lambda+0x00000000110c0288
instanceKlass  @bci java/util/stream/Collectors toSet ()Ljava/util/stream/Collector; 14 <appendix> argL0 ; # java/util/stream/Collectors$$Lambda+0x00000000110c0000
instanceKlass java/util/function/BinaryOperator
instanceKlass  @bci java/util/stream/Collectors toSet ()Ljava/util/stream/Collector; 9 <appendix> argL0 ; # java/util/stream/Collectors$$Lambda+0x000000001107f980
instanceKlass java/lang/classfile/constantpool/InterfaceMethodRefEntry
instanceKlass java/util/function/BiConsumer
instanceKlass  @bci java/util/stream/Collectors toSet ()Ljava/util/stream/Collector; 4 <appendix> argL0 ; # java/util/stream/Collectors$$Lambda+0x000000001107eb28
instanceKlass java/util/stream/Collector
instanceKlass java/util/Collections$UnmodifiableCollection
instanceKlass java/util/stream/Collectors
instanceKlass  @bci jdk/internal/module/DefaultRoots compute (Ljava/lang/module/ModuleFinder;Ljava/lang/module/ModuleFinder;)Ljava/util/Set; 42 <appendix> argL0 ; # jdk/internal/module/DefaultRoots$$Lambda+0x000000001107cbd8
instanceKlass  @bci jdk/internal/module/DefaultRoots compute (Ljava/lang/module/ModuleFinder;Ljava/lang/module/ModuleFinder;)Ljava/util/Set; 32 <appendix> member <vmtarget> ; # jdk/internal/module/DefaultRoots$$Lambda+0x000000001107c940
instanceKlass  @bci jdk/internal/module/DefaultRoots compute (Ljava/lang/module/ModuleFinder;Ljava/lang/module/ModuleFinder;)Ljava/util/Set; 21 <appendix> argL0 ; # jdk/internal/module/DefaultRoots$$Lambda+0x000000001107c160
instanceKlass  @bci jdk/internal/module/DefaultRoots compute (Ljava/lang/module/ModuleFinder;Ljava/lang/module/ModuleFinder;)Ljava/util/Set; 11 <appendix> argL0 ; # jdk/internal/module/DefaultRoots$$Lambda+0x000000001107ab78
instanceKlass java/lang/invoke/TypeConvertingMethodAdapter
instanceKlass java/lang/invoke/InnerClassLambdaMetafactory$6
instanceKlass java/lang/invoke/InnerClassLambdaMetafactory$3
instanceKlass java/lang/classfile/Interfaces
instanceKlass java/util/ImmutableCollections$Access$1
instanceKlass jdk/internal/access/JavaUtilCollectionAccess
instanceKlass java/util/ImmutableCollections$Access
instanceKlass java/lang/invoke/InnerClassLambdaMetafactory$1
instanceKlass java/lang/invoke/InfoFromMemberName
instanceKlass java/lang/invoke/MethodHandleInfo
instanceKlass java/lang/invoke/AbstractValidatingLambdaMetafactory
instanceKlass java/lang/invoke/BootstrapMethodInvoker
instanceKlass java/util/function/Predicate
instanceKlass java/lang/invoke/LambdaMetafactory
# instanceKlass java/lang/invoke/LambdaForm$MH+0x0000000011080000
instanceKlass jdk/internal/util/ModifiedUtf
instanceKlass java/lang/StringCoding
instanceKlass jdk/internal/classfile/impl/ClassReaderImpl
instanceKlass java/lang/classfile/ClassReader
instanceKlass jdk/internal/classfile/impl/ClassHierarchyImpl$CachedClassHierarchyResolver$1
instanceKlass java/lang/classfile/ClassHierarchyResolver$ClassHierarchyInfo
instanceKlass jdk/internal/classfile/impl/ClassHierarchyImpl$CachedClassHierarchyResolver
instanceKlass jdk/internal/classfile/impl/ClassHierarchyImpl$ClassLoadingClassHierarchyResolver$1
instanceKlass jdk/internal/classfile/impl/ClassHierarchyImpl$ClassLoadingClassHierarchyResolver
instanceKlass java/lang/classfile/ClassHierarchyResolver
instanceKlass jdk/internal/classfile/impl/ClassHierarchyImpl
instanceKlass jdk/internal/classfile/impl/RawBytecodeHelper$1
instanceKlass jdk/internal/classfile/impl/RawBytecodeHelper
instanceKlass jdk/internal/classfile/impl/StackMapGenerator$Frame
instanceKlass jdk/internal/classfile/impl/StackMapGenerator
instanceKlass jdk/internal/classfile/impl/AnnotationReader
instanceKlass java/lang/classfile/CustomAttribute
instanceKlass jdk/internal/classfile/impl/TerminalFieldBuilder
instanceKlass java/lang/classfile/FieldBuilder
instanceKlass java/lang/invoke/InvokerBytecodeGenerator$2
instanceKlass jdk/internal/classfile/impl/BytecodeHelpers
instanceKlass java/lang/classfile/constantpool/MethodRefEntry
instanceKlass sun/invoke/empty/Empty
instanceKlass sun/invoke/util/VerifyType
instanceKlass jdk/internal/classfile/impl/DirectCodeBuilder$8
instanceKlass java/lang/classfile/instruction/LabelTarget
instanceKlass java/lang/classfile/Label
instanceKlass jdk/internal/classfile/impl/BufWriterImpl
instanceKlass java/lang/classfile/BufWriter
instanceKlass java/lang/classfile/instruction/LocalVariableType
instanceKlass java/lang/classfile/instruction/LocalVariable
instanceKlass java/lang/classfile/instruction/CharacterRange
instanceKlass java/lang/classfile/PseudoInstruction
instanceKlass java/lang/classfile/CodeElement
instanceKlass jdk/internal/classfile/impl/TerminalCodeBuilder
instanceKlass jdk/internal/classfile/impl/LabelContext
instanceKlass java/lang/classfile/CodeBuilder
instanceKlass java/lang/invoke/InvokerBytecodeGenerator$4$1
instanceKlass java/lang/classfile/constantpool/FieldRefEntry
instanceKlass java/lang/classfile/constantpool/MemberRefEntry
instanceKlass java/lang/classfile/constantpool/NameAndTypeEntry
instanceKlass jdk/internal/classfile/impl/TerminalMethodBuilder
instanceKlass jdk/internal/classfile/impl/MethodInfo
instanceKlass java/lang/classfile/MethodBuilder
instanceKlass java/lang/invoke/InvokerBytecodeGenerator$4
instanceKlass java/lang/classfile/attribute/SourceFileAttribute
instanceKlass java/lang/classfile/Superclass
instanceKlass jdk/internal/classfile/impl/AttributeHolder
instanceKlass jdk/internal/classfile/impl/AbstractDirectBuilder
instanceKlass java/lang/classfile/ClassBuilder
instanceKlass java/lang/classfile/ClassFileBuilder
instanceKlass java/lang/invoke/InvokerBytecodeGenerator$1
instanceKlass jdk/internal/classfile/impl/ClassFileImpl
instanceKlass java/lang/classfile/ClassFile
instanceKlass java/lang/invoke/InvokerBytecodeGenerator$3
instanceKlass java/util/function/Consumer
instanceKlass java/lang/classfile/constantpool/ClassEntry
instanceKlass java/lang/classfile/constantpool/LoadableConstantEntry
instanceKlass jdk/internal/classfile/impl/Util
instanceKlass jdk/internal/classfile/impl/EntryMap
instanceKlass jdk/internal/classfile/impl/BootstrapMethodEntryImpl
instanceKlass java/lang/classfile/BootstrapMethodEntry
instanceKlass jdk/internal/classfile/impl/SplitConstantPool
instanceKlass java/lang/invoke/LambdaFormBuffer
instanceKlass java/lang/invoke/LambdaFormEditor$TransformKey
instanceKlass java/lang/invoke/LambdaFormEditor
instanceKlass java/lang/invoke/Invokers$Holder
instanceKlass java/lang/invoke/DelegatingMethodHandle$Holder
instanceKlass java/lang/invoke/DirectMethodHandle$2
instanceKlass java/lang/invoke/ClassSpecializer$Factory
instanceKlass java/lang/invoke/ClassSpecializer$SpeciesData
instanceKlass java/lang/invoke/ClassSpecializer$1
instanceKlass jdk/internal/vm/annotation/Stable
instanceKlass java/lang/invoke/ClassSpecializer
instanceKlass java/lang/invoke/InvokerBytecodeGenerator$8
instanceKlass jdk/internal/classfile/impl/AbstractAttributeMapper
instanceKlass java/lang/classfile/AttributeMapper
instanceKlass java/lang/classfile/Attributes
instanceKlass jdk/internal/classfile/impl/AbstractElement
instanceKlass jdk/internal/classfile/impl/Util$Writable
instanceKlass java/lang/classfile/attribute/RuntimeVisibleAnnotationsAttribute
instanceKlass java/lang/classfile/FieldElement
instanceKlass java/lang/classfile/MethodElement
instanceKlass java/lang/classfile/ClassElement
instanceKlass java/lang/classfile/Attribute
instanceKlass java/lang/classfile/ClassFileElement
instanceKlass jdk/internal/classfile/impl/AbstractPoolEntry
instanceKlass java/lang/classfile/constantpool/Utf8Entry
instanceKlass java/lang/classfile/constantpool/AnnotationConstantValueEntry
instanceKlass java/lang/classfile/constantpool/PoolEntry
instanceKlass jdk/internal/classfile/impl/TemporaryConstantPool
instanceKlass java/lang/classfile/constantpool/ConstantPoolBuilder
instanceKlass java/lang/classfile/constantpool/ConstantPool
instanceKlass java/lang/classfile/Annotation
instanceKlass java/lang/classfile/AnnotationElement
instanceKlass java/lang/invoke/InvokerBytecodeGenerator
instanceKlass java/lang/invoke/LambdaForm$Holder
instanceKlass java/lang/invoke/LambdaForm$Name
instanceKlass java/lang/reflect/Array
instanceKlass java/lang/invoke/Invokers
instanceKlass sun/invoke/util/ValueConversions
instanceKlass java/lang/invoke/DirectMethodHandle$Holder
instanceKlass java/lang/constant/DynamicConstantDesc
instanceKlass jdk/internal/constant/DirectMethodHandleDescImpl$1
instanceKlass jdk/internal/constant/DirectMethodHandleDescImpl
instanceKlass java/lang/constant/DirectMethodHandleDesc
instanceKlass java/lang/constant/MethodHandleDesc$1
instanceKlass java/lang/constant/MethodHandleDesc
instanceKlass jdk/internal/constant/MethodTypeDescImpl
instanceKlass java/lang/constant/MethodTypeDesc
instanceKlass jdk/internal/constant/ConstantUtils
instanceKlass jdk/internal/constant/ArrayClassDescImpl
instanceKlass jdk/internal/constant/ClassOrInterfaceDescImpl
instanceKlass java/lang/constant/ClassDesc
instanceKlass java/lang/constant/ConstantDescs
instanceKlass sun/invoke/util/Wrapper$Format
instanceKlass java/lang/invoke/MethodHandleImpl$1
instanceKlass jdk/internal/access/JavaLangInvokeAccess
instanceKlass java/lang/invoke/LambdaForm$NamedFunction
instanceKlass jdk/internal/reflect/MethodHandleAccessorFactory$LazyStaticHolder
instanceKlass java/lang/invoke/MethodTypeForm
instanceKlass jdk/internal/util/StrongReferenceKey
instanceKlass jdk/internal/util/ReferenceKey
instanceKlass jdk/internal/util/ReferencedKeyMap
instanceKlass java/lang/invoke/MethodType$1
instanceKlass jdk/internal/reflect/MethodHandleAccessorFactory
instanceKlass sun/reflect/annotation/AnnotationParser
instanceKlass java/lang/PublicMethods$Key
instanceKlass java/lang/PublicMethods$MethodList
instanceKlass java/lang/Class$Atomic
instanceKlass java/lang/Class$ReflectionData
instanceKlass java/util/EnumMap$1
instanceKlass java/util/stream/StreamOpFlag$MaskBuilder
instanceKlass java/util/stream/PipelineHelper
instanceKlass java/util/stream/Stream
instanceKlass java/util/stream/BaseStream
instanceKlass java/util/stream/StreamSupport
instanceKlass java/util/Spliterators$IteratorSpliterator
instanceKlass java/util/Spliterator
instanceKlass java/util/Spliterators
instanceKlass jdk/internal/module/DefaultRoots
instanceKlass jdk/internal/loader/BuiltinClassLoader$LoadedModule
instanceKlass jdk/internal/loader/AbstractClassLoaderValue
instanceKlass jdk/internal/module/ServicesCatalog
instanceKlass java/security/Principal
instanceKlass java/lang/ClassLoader$ParallelLoaders
instanceKlass java/security/cert/Certificate
instanceKlass java/util/Deque
instanceKlass java/util/Queue
instanceKlass sun/net/util/IPAddressUtil$MASKS
instanceKlass sun/net/util/IPAddressUtil
instanceKlass java/net/URLStreamHandler
instanceKlass java/lang/StringUTF16
instanceKlass sun/net/www/ParseUtil
instanceKlass java/net/URL$1
instanceKlass jdk/internal/access/JavaNetURLAccess
instanceKlass java/net/URL$DefaultFactory
instanceKlass java/net/URLStreamHandlerFactory
instanceKlass jdk/internal/loader/URLClassPath
instanceKlass jdk/internal/loader/ArchivedClassLoaders
instanceKlass java/util/concurrent/ConcurrentHashMap$CollectionView
instanceKlass jdk/internal/loader/ClassLoaderHelper
instanceKlass jdk/internal/loader/NativeLibraries
instanceKlass java/lang/Module$EnableNativeAccess
instanceKlass jdk/internal/loader/BootLoader
instanceKlass java/util/Optional
instanceKlass jdk/internal/module/SystemModuleFinders$SystemModuleFinder
instanceKlass java/lang/module/ModuleFinder
instanceKlass jdk/internal/module/SystemModuleFinders$2
instanceKlass jdk/internal/module/ModuleHashes$HashSupplier
instanceKlass jdk/internal/module/SystemModuleFinders$1
instanceKlass java/util/function/Supplier
instanceKlass java/lang/module/ModuleReference
instanceKlass jdk/internal/module/ModuleResolution
instanceKlass java/util/Collections$UnmodifiableMap
instanceKlass jdk/internal/module/ModuleHashes$Builder
instanceKlass jdk/internal/module/ModuleHashes
instanceKlass jdk/internal/module/ModuleTarget
instanceKlass java/util/ImmutableCollections$Set12$1
instanceKlass java/lang/module/ModuleDescriptor$Version
instanceKlass java/lang/module/ModuleDescriptor$Provides
instanceKlass java/lang/module/ModuleDescriptor$Opens
instanceKlass java/util/ImmutableCollections$SetN$SetNIterator
instanceKlass java/lang/module/ModuleDescriptor$Exports
instanceKlass java/lang/module/ModuleDescriptor$Requires
instanceKlass jdk/internal/module/Builder
instanceKlass java/util/ImmutableCollections$ListItr
instanceKlass java/util/ListIterator
instanceKlass jdk/internal/module/SystemModules$all
instanceKlass jdk/internal/module/SystemModules
instanceKlass jdk/internal/module/SystemModulesMap
instanceKlass java/net/URI$1
instanceKlass jdk/internal/access/JavaNetUriAccess
instanceKlass java/net/URI
instanceKlass jdk/internal/module/SystemModuleFinders
instanceKlass jdk/internal/module/ArchivedModuleGraph
instanceKlass jdk/internal/module/ArchivedBootLayer
instanceKlass jdk/internal/module/ModuleBootstrap$Counters
instanceKlass jdk/internal/module/ModuleLoaderMap$Modules
instanceKlass jdk/internal/module/ModuleLoaderMap
instanceKlass jdk/internal/module/ModulePatcher
instanceKlass jdk/internal/util/DecimalDigits
instanceKlass java/io/DefaultFileSystem
instanceKlass java/io/FileSystem
instanceKlass java/lang/ThreadLocal
instanceKlass com/jetbrains/internal/IoOverNio
instanceKlass java/io/File
instanceKlass java/lang/module/ModuleDescriptor$1
instanceKlass jdk/internal/access/JavaLangModuleAccess
instanceKlass java/lang/reflect/Modifier
instanceKlass sun/invoke/util/VerifyAccess
instanceKlass java/util/KeyValueHolder
instanceKlass java/util/ImmutableCollections$MapN$MapNIterator
instanceKlass java/lang/invoke/MethodHandles$Lookup
instanceKlass jdk/internal/reflect/Reflection
instanceKlass java/lang/invoke/MemberName$Factory
instanceKlass java/lang/invoke/MethodHandles
instanceKlass java/lang/module/ModuleDescriptor
instanceKlass jdk/internal/module/ModuleBootstrap
instanceKlass java/lang/Character$CharacterCache
instanceKlass java/util/HexFormat
instanceKlass jdk/internal/util/ClassFileDumper
instanceKlass java/lang/CharacterData
instanceKlass java/lang/invoke/MethodHandleStatics
instanceKlass java/util/Collections
instanceKlass sun/io/Win32ErrorMode
instanceKlass jdk/internal/misc/OSEnvironment
instanceKlass java/lang/Integer$IntegerCache
instanceKlass jdk/internal/misc/Signal$NativeHandler
instanceKlass java/util/Hashtable$Entry
instanceKlass jdk/internal/misc/Signal
instanceKlass java/lang/Terminator$1
instanceKlass jdk/internal/misc/Signal$Handler
instanceKlass java/lang/Terminator
instanceKlass java/nio/ByteOrder
instanceKlass java/nio/Buffer$2
instanceKlass jdk/internal/access/JavaNioAccess
instanceKlass jdk/internal/util/Preconditions$3
instanceKlass jdk/internal/util/Preconditions$2
instanceKlass jdk/internal/util/Preconditions$4
instanceKlass java/util/function/BiFunction
instanceKlass jdk/internal/util/Preconditions$1
instanceKlass jdk/internal/util/Preconditions
instanceKlass java/nio/Buffer$1
instanceKlass jdk/internal/misc/ScopedMemoryAccess
instanceKlass java/util/Arrays
instanceKlass java/nio/charset/CodingErrorAction
instanceKlass java/nio/charset/CharsetEncoder
instanceKlass java/io/Writer
instanceKlass java/io/OutputStream
instanceKlass java/io/Flushable
instanceKlass java/lang/Thread$ThreadIdentifiers
instanceKlass jdk/internal/ref/CleanerImpl$CleanableList$Node
instanceKlass jdk/internal/ref/CleanerImpl$CleanableList
instanceKlass jdk/internal/ref/CleanerImpl
instanceKlass java/lang/ref/Cleaner$1
instanceKlass java/util/function/Function
instanceKlass java/lang/ref/Cleaner
instanceKlass jdk/internal/ref/CleanerFactory$1
instanceKlass java/util/concurrent/ThreadFactory
instanceKlass jdk/internal/ref/CleanerFactory
instanceKlass java/lang/ref/Cleaner$Cleanable
instanceKlass java/io/FileDescriptor$1
instanceKlass jdk/internal/access/JavaIOFileDescriptorAccess
instanceKlass java/io/FileDescriptor
instanceKlass jdk/internal/util/StaticProperty
instanceKlass java/util/HashMap$HashIterator
instanceKlass java/util/concurrent/locks/LockSupport
instanceKlass java/util/concurrent/ConcurrentHashMap$Node
instanceKlass java/util/concurrent/ConcurrentHashMap$CounterCell
instanceKlass java/util/concurrent/locks/ReentrantLock
instanceKlass java/util/concurrent/locks/Lock
instanceKlass java/lang/Runtime
instanceKlass java/lang/VersionProps
instanceKlass java/lang/StringConcatHelper
instanceKlass java/util/HashMap$Node
instanceKlass java/util/Map$Entry
instanceKlass jdk/internal/util/ArraysSupport
instanceKlass java/lang/StrictMath
instanceKlass sun/nio/cs/HistoricallyNamedCharset
instanceKlass java/lang/StringLatin1
instanceKlass java/nio/charset/spi/CharsetProvider
instanceKlass java/nio/charset/Charset
instanceKlass jdk/internal/util/SystemProps$Raw
instanceKlass jdk/internal/util/SystemProps
instanceKlass java/lang/System$1
instanceKlass jdk/internal/access/JavaLangAccess
instanceKlass java/lang/ref/ReferenceQueue$Lock
instanceKlass java/lang/ref/ReferenceQueue
instanceKlass java/lang/ref/Reference$1
instanceKlass jdk/internal/access/JavaLangRefAccess
instanceKlass java/lang/Math
instanceKlass java/io/ObjectStreamClass
instanceKlass jdk/internal/reflect/ReflectionFactory
instanceKlass jdk/internal/access/SharedSecrets
instanceKlass java/lang/reflect/ReflectAccess
instanceKlass jdk/internal/access/JavaLangReflectAccess
instanceKlass java/util/ImmutableCollections
instanceKlass java/util/Objects
instanceKlass java/util/Set
instanceKlass jdk/internal/misc/CDS
instanceKlass java/lang/Module$ArchivedData
instanceKlass jdk/internal/misc/VM
instanceKlass java/lang/String$CaseInsensitiveComparator
instanceKlass java/util/Comparator
instanceKlass java/io/ObjectStreamField
instanceKlass jdk/internal/vm/FillerObject
instanceKlass jdk/internal/vm/vector/VectorSupport$VectorPayload
instanceKlass jdk/internal/vm/vector/VectorSupport
instanceKlass java/lang/reflect/RecordComponent
instanceKlass java/util/Iterator
instanceKlass java/lang/Void
instanceKlass java/lang/Number
instanceKlass java/lang/Character
instanceKlass java/lang/Boolean
instanceKlass java/util/concurrent/locks/AbstractOwnableSynchronizer
instanceKlass java/lang/LiveStackFrame
instanceKlass java/lang/ClassFrameInfo
instanceKlass java/lang/StackWalker$StackFrame
instanceKlass java/lang/StackStreamFactory$AbstractStackWalker
instanceKlass java/lang/StackWalker
instanceKlass java/nio/Buffer
instanceKlass java/lang/StackTraceElement
instanceKlass java/util/AbstractCollection
instanceKlass java/util/RandomAccess
instanceKlass java/util/List
instanceKlass java/util/SequencedCollection
instanceKlass java/util/Collection
instanceKlass java/lang/Iterable
instanceKlass java/util/AbstractMap
instanceKlass java/util/concurrent/ConcurrentMap
instanceKlass java/security/CodeSource
instanceKlass jdk/internal/misc/CDSPreloadHelper
instanceKlass jdk/internal/loader/ClassLoaders
instanceKlass java/util/jar/Manifest
instanceKlass java/lang/Enum
instanceKlass java/net/URL
instanceKlass java/io/InputStream
instanceKlass java/io/Closeable
instanceKlass java/lang/AutoCloseable
instanceKlass jdk/internal/module/Modules
instanceKlass jdk/internal/misc/Unsafe
instanceKlass jdk/internal/misc/UnsafeConstants
instanceKlass java/lang/AbstractStringBuilder
instanceKlass java/lang/Appendable
instanceKlass java/lang/AssertionStatusDirectives
instanceKlass jdk/internal/foreign/abi/ABIDescriptor
instanceKlass jdk/internal/foreign/abi/NativeEntryPoint
instanceKlass java/lang/invoke/CallSite
instanceKlass java/lang/invoke/MethodType
instanceKlass java/lang/invoke/TypeDescriptor$OfMethod
instanceKlass java/lang/invoke/LambdaForm
instanceKlass java/lang/invoke/MethodHandleNatives
instanceKlass java/lang/invoke/MethodHandleImpl
instanceKlass java/lang/invoke/ResolvedMethodName
instanceKlass java/lang/invoke/MemberName
instanceKlass java/lang/invoke/VarHandle
instanceKlass java/lang/invoke/MethodHandle
instanceKlass jdk/internal/reflect/ConstructorAccessorImpl
instanceKlass jdk/internal/reflect/ConstructorAccessor
instanceKlass jdk/internal/reflect/CallerSensitive
instanceKlass java/lang/annotation/Annotation
instanceKlass jdk/internal/reflect/ConstantPool
instanceKlass jdk/internal/reflect/MethodAccessorImpl
instanceKlass jdk/internal/reflect/MethodAccessor
instanceKlass jdk/internal/vm/StackChunk
instanceKlass jdk/internal/vm/Continuation
instanceKlass jdk/internal/vm/ContinuationScope
instanceKlass java/lang/reflect/Parameter
instanceKlass java/lang/reflect/Member
instanceKlass java/lang/reflect/AccessibleObject
instanceKlass java/lang/Module
instanceKlass java/util/Dictionary
instanceKlass java/util/Map
instanceKlass java/lang/ThreadGroup
instanceKlass java/lang/Thread$UncaughtExceptionHandler
instanceKlass java/lang/Thread$Constants
instanceKlass java/lang/Thread$FieldHolder
instanceKlass java/lang/Thread
instanceKlass java/lang/Runnable
instanceKlass java/lang/ref/Reference
instanceKlass java/lang/Record
instanceKlass java/security/ProtectionDomain
instanceKlass java/lang/Throwable
instanceKlass java/lang/System
instanceKlass java/lang/ClassLoader
instanceKlass java/lang/Cloneable
instanceKlass java/lang/Class
instanceKlass java/lang/invoke/TypeDescriptor$OfField
instanceKlass java/lang/invoke/TypeDescriptor
instanceKlass java/lang/reflect/Type
instanceKlass java/lang/reflect/GenericDeclaration
instanceKlass java/lang/reflect/AnnotatedElement
instanceKlass java/lang/String
instanceKlass java/lang/constant/ConstantDesc
instanceKlass java/lang/constant/Constable
instanceKlass java/lang/CharSequence
instanceKlass java/lang/Comparable
instanceKlass java/io/Serializable
ciInstanceKlass java/lang/Object 1 1 115 7 1 10 12 1 1 10 7 12 1 1 1 10 7 12 1 1 1 10 12 1 1 8 1 10 12 1 1 10 7 12 1 1 1 10 12 1 10 12 1 1 100 1 8 1 10 12 1 10 7 12 1 1 1 7 1 10 12 1 7 1 10 12 1 1 8 1 3 8 1 100 1 5 0 1 1 1 1 1 1 1 1 1 1 1 1 1 1 1 1 100 1 1 1 1 1 1 1 1 1 1 1 1 1 100 1 1 1 1 1 1 3 1 1
ciInstanceKlass java/io/Serializable 1 0 7 100 1 100 1 1 1
ciInstanceKlass java/lang/Comparable 1 0 12 100 1 100 1 1 1 1 1 1 1 1
ciInstanceKlass java/lang/CharSequence 1 1 145 11 7 12 1 1 1 18 12 1 1 100 1 10 100 12 1 1 1 18 10 100 12 1 1 1 11 12 1 1 11 100 1 11 12 1 1 10 100 12 1 1 1 11 12 1 1 10 12 1 1 10 12 1 100 1 10 12 1 1 10 100 12 1 1 1 100 1 10 10 12 1 1 100 1 1 1 1 1 1 1 1 1 1 1 1 1 1 1 1 1 1 1 1 1 1 1 1 1 1 1 1 1 1 1 1 1 1 1 1 1 1 1 1 16 1 15 11 12 16 15 11 12 15 10 100 12 1 1 1 1 1 100 1 100 1 1 100 1 1 100 1 100 1 1
ciInstanceKlass java/lang/constant/Constable 1 0 11 100 1 100 1 1 1 1 1 1 1
ciInstanceKlass java/lang/constant/ConstantDesc 1 0 37 100 1 100 1 1 1 1 100 1 1 1 1 100 1 100 1 100 1 100 1 100 1 100 1 100 1 100 1 100 1 1 100 1 100 1 1
ciInstanceKlass java/lang/String 1 1 1471 10 7 12 1 1 1 8 1 9 7 12 1 1 1 9 12 1 1 9 12 1 1 9 12 1 1 10 12 1 10 12 1 1 10 12 1 1 9 12 1 10 7 12 1 1 1 10 12 1 1 10 12 1 10 7 12 1 1 1 10 12 1 1 10 12 1 1 10 12 1 10 12 1 1 10 12 1 10 7 12 1 1 1 7 1 9 7 12 1 1 1 10 7 12 1 1 1 10 12 1 1 10 12 1 1 10 7 12 1 1 1 10 12 1 1 9 7 12 1 1 10 12 9 7 12 1 1 10 12 1 1 3 10 12 1 1 7 1 11 12 1 1 11 12 1 11 12 1 1 10 7 12 1 1 1 10 12 1 1 9 7 12 1 1 1 10 12 1 1 10 12 1 11 12 1 1 10 12 1 10 12 10 12 1 1 100 1 100 1 10 12 1 10 12 1 10 7 12 1 1 1 10 12 1 1 100 1 10 12 1 1 100 1 10 12 1 1 10 12 1 1 10 12 1 10 10 12 1 100 1 100 1 100 1 10 12 1 10 12 1 1 10 12 1 1 10 12 1 10 12 1 1 10 12 1 1 10 100 12 1 1 100 1 11 10 7 12 1 1 11 12 1 11 12 1 10 12 1 10 12 1 10 12 10 12 1 1 10 10 7 12 1 1 1 10 7 12 1 1 10 12 1 1 10 7 12 1 1 10 12 1 10 12 1 1 10 12 1 1 10 12 1 10 12 1 10 12 1 1 100 1 10 12 1 1 10 12 10 12 1 10 12 1 1 10 12 1 1 10 100 12 1 1 1 10 12 1 10 12 1 1 10 12 1 10 12 1 3 3 10 12 1 1 10 12 1 10 12 1 1 10 12 1 1 10 12 1 1 10 12 1 10 12 1 1 10 12 1 1 10 12 1 10 12 1 10 12 1 10 12 1 1 10 12 1 10 12 1 10 12 1 10 12 1 10 12 1 10 12 1 10 100 1 10 8 1 10 12 1 1 10 12 1 8 1 10 12 1 1 10 12 10 12 1 8 1 10 10 12 1 1 10 12 1 1 7 1 5 0 100 1 8 1 10 10 12 1 1 5 0 5 0 5 0 10 12 1 1 10 100 1 10 10 12 1 10 12 1 10 12 1 10 10 12 1 10 12 1 10 12 1 10 12 1 10 12 1 10 12 1 10 12 1 1 10 12 1 1 10 12 1 1 10 10 12 1 1 10 10 12 1 100 1 10 9 100 12 1 1 1 11 100 12 1 1 1 10 12 1 1 10 12 1 1 10 7 1 10 12 1 10 12 1 10 7 12 1 1 1 10 12 1 10 12 1 1 10 12 1 11 7 1 11 12 10 12 1 10 12 1 1 10 12 1 1 10 10 12 1 10 12 1 9 12 1 1 11 7 12 1 1 1 10 12 10 10 12 1 10 12 1 1 10 10 12 1 10 12 1 10 12 1 1 10 12 1 1 10 10 12 1 1 10 10 7 12 1 1 1 10 12 1 10 12 1 10 12 10 10 12 10 10 12 1 10 12 1 10 10 12 10 12 1 1 10 12 10 10 12 10 12 1 10 12 10 12 10 10 12 1 10 12 1 1 10 12 1 1 10 10 12 1 10 7 12 1 1 1 10 12 1 1 10 10 7 12 1 1 1 11 10 12 1 10 12 1 1 10 12 1 1 10 7 12 1 1 1 10 12 1 10 12 1 10 12 1 10 12 1 10 12 1 10 12 1 100 1 10 10 12 1 10 12 1 1 8 1 10 12 1 3 3 10 12 1 10 12 1 1 10 12 7 1 10 10 12 1 1 10 12 10 12 1 10 12 1 10 12 1 1 10 12 1 1 11 7 12 1 1 1 7 1 10 12 1 10 12 1 1 8 1 10 12 1 1 10 12 1 11 100 12 1 1 1 11 100 12 1 1 11 12 1 10 12 1 10 12 1 1 10 10 7 12 1 1 1 10 12 1 10 12 1 10 10 12 10 12 1 1 10 10 12 1 10 10 12 1 10 10 12 1 10 10 12 1 10 12 1 1 10 10 12 1 8 1 10 12 1 1 18 12 1 1 11 100 12 1 1 1 3 18 12 1 18 12 1 8 1 10 100 12 1 1 1 11 12 1 1 10 12 10 10 12 1 10 11 12 1 1 10 12 1 1 11 12 1 18 3 11 10 11 11 10 12 1 10 12 1 1 8 1 10 12 1 10 12 1 10 12 1 1 10 10 12 1 11 100 12 1 100 1 100 1 10 12 100 1 10 10 100 12 1 1 1 100 1 10 7 1 10 10 12 1 10 10 12 1 8 1 10 10 12 1 8 1 8 1 10 12 1 10 12 1 10 10 12 10 7 12 1 1 10 100 12 1 1 10 100 12 1 1 8 1 10 12 1 10 12 1 10 9 12 1 10 12 9 7 12 1 1 1 10 12 1 10 12 1 10 12 1 10 12 10 12 1 10 12 1 8 1 10 100 12 1 1 1 10 12 10 12 1 1 10 12 10 12 10 12 7 1 9 12 1 1 7 1 10 100 1 100 1 100 1 100 1 1 1 1 1 1 5 0 1 1 1 1 1 3 1 3 1 1 1 1 1 1 1 1 1 1 1 1 1 1 1 100 1 1 1 1 1 1 1 1 1 1 1 1 1 1 1 1 1 1 1 1 1 1 1 1 1 1 1 1 1 1 1 100 1 1 1 1 1 1 1 1 1 1 1 1 100 1 1 1 1 1 1 1 1 1 1 1 1 1 1 1 1 1 1 1 1 1 1 1 1 1 1 1 1 1 1 1 1 1 1 1 1 1 1 1 1 1 1 1 1 1 1 1 1 1 1 1 1 1 1 1 1 1 1 1 1 1 1 1 1 1 1 1 1 1 1 1 1 1 1 1 1 1 1 1 1 1 1 1 1 1 1 1 1 1 1 1 1 1 1 1 1 1 1 1 1 1 1 1 1 1 1 1 1 1 1 1 1 1 1 1 1 1 1 1 1 1 1 1 1 1 1 1 1 1 1 1 1 1 1 1 1 1 1 1 1 1 1 1 1 1 1 1 1 1 1 1 1 1 1 1 1 1 1 1 1 1 1 1 1 1 1 1 1 1 1 1 1 1 1 1 1 1 1 1 100 1 1 1 1 1 1 1 1 1 1 1 1 1 1 1 1 1 1 1 1 1 1 1 100 1 1 1 1 1 1 1 1 1 1 1 1 1 1 1 100 1 1 1 1 1 1 1 1 1 1 1 1 1 1 1 16 15 10 12 16 15 10 12 15 10 12 15 10 12 15 10 100 12 1 1 1 1 100 1 1 1 1 1 100 1 100 1 1 1
staticfield java/lang/String COMPACT_STRINGS Z 1
staticfield java/lang/String serialPersistentFields [Ljava/io/ObjectStreamField; 0 [Ljava/io/ObjectStreamField;
staticfield java/lang/String CASE_INSENSITIVE_ORDER Ljava/util/Comparator; java/lang/String$CaseInsensitiveComparator
ciInstanceKlass java/lang/reflect/AnnotatedElement 1 1 165 11 7 12 1 1 1 11 12 1 1 100 1 10 100 12 1 1 1 10 12 1 1 10 12 1 1 10 12 1 10 100 12 1 1 1 11 12 1 1 11 100 12 1 1 10 100 12 1 1 1 10 12 1 10 100 12 1 1 1 18 12 1 1 11 100 12 1 1 18 12 1 18 12 1 1 10 100 12 1 1 1 11 100 12 1 1 1 100 1 10 100 12 1 1 1 1 1 1 1 1 1 1 1 1 1 1 1 1 1 1 1 1 1 1 1 1 1 1 100 1 1 1 1 1 1 1 1 1 1 1 16 15 16 1 16 1 15 11 12 16 16 1 15 10 100 12 1 1 1 16 1 15 10 100 12 1 1 1 1 100 1 100 1 1
ciInstanceKlass java/lang/reflect/GenericDeclaration 1 0 30 100 1 100 1 100 1 1 1 1 1 1 1 1 100 1 8 1 1 12 10 1 1 1 8 1 1 1 8 1
ciInstanceKlass java/lang/reflect/Type 1 1 17 11 100 12 1 1 1 100 1 1 1 1 1 1 1 1 1
ciInstanceKlass java/lang/invoke/TypeDescriptor 1 0 17 100 1 100 1 1 1 1 1 1 100 1 100 1 1 1 1
ciInstanceKlass java/lang/invoke/TypeDescriptor$OfField 1 0 21 100 1 100 1 100 1 1 1 1 1 1 1 1 1 1 1 1 1 1 1
ciInstanceKlass java/lang/Class 1 1 1652 10 7 12 1 1 1 10 7 12 1 1 9 12 1 1 9 12 1 1 9 12 1 1 9 12 1 1 9 12 1 1 10 12 1 1 8 1 10 12 1 8 1 8 1 10 12 1 1 10 7 12 1 1 1 10 12 1 7 1 10 10 12 1 10 12 1 1 10 12 1 1 10 12 1 1 10 7 12 1 1 10 12 1 10 12 1 10 12 1 1 10 12 1 8 1 10 12 1 8 1 10 12 1 8 1 8 1 10 12 1 1 10 7 12 1 1 1 18 12 1 1 11 7 12 1 1 1 8 1 8 1 8 1 10 7 12 1 1 1 11 12 1 1 8 1 10 12 1 10 10 12 1 1 10 12 1 8 1 10 12 1 1 8 1 10 12 1 10 12 1 1 11 7 12 1 1 1 11 100 12 1 1 1 11 8 1 18 8 1 10 12 1 10 7 12 1 1 10 12 1 1 10 7 12 1 1 1 10 12 1 1 10 12 1 1 10 7 12 1 1 1 10 7 12 1 10 12 1 1 10 7 1 10 12 1 8 1 10 8 1 8 1 8 1 8 1 8 1 8 1 8 1 8 1 9 100 12 1 1 9 100 1 9 100 1 9 100 1 9 100 1 9 100 1 9 100 1 9 100 1 9 100 1 9 12 1 1 7 1 8 1 10 12 1 10 12 1 1 100 1 10 12 1 1 10 7 12 1 1 1 10 7 12 1 1 1 7 1 7 1 10 10 12 1 1 10 12 1 1 100 1 10 100 12 1 1 1 10 12 1 1 10 12 1 1 10 12 9 12 1 1 10 12 1 9 12 1 1 9 12 1 1 10 12 1 1 10 7 1 10 12 1 10 12 1 1 10 9 12 1 10 12 1 8 1 10 12 1 1 10 12 1 1 10 12 1 10 12 1 10 12 1 1 9 7 12 1 1 1 10 12 1 10 7 12 1 1 10 12 1 10 12 1 10 12 1 10 12 1 9 100 12 1 1 1 9 12 1 10 12 1 10 12 1 1 9 12 1 1 10 7 10 12 1 1 10 100 12 1 1 10 12 1 10 12 1 1 10 100 12 1 1 1 10 12 1 10 12 1 1 10 12 1 10 12 1 10 12 1 1 10 7 1 10 10 12 1 1 10 12 1 1 10 12 10 10 12 1 1 100 1 8 1 10 10 12 1 1 10 12 1 100 1 11 12 1 10 12 1 10 12 1 10 100 12 1 1 10 10 12 1 1 8 1 10 12 1 8 1 9 12 1 10 12 1 10 12 1 10 12 1 10 12 100 1 9 12 1 10 12 1 9 12 1 10 12 1 10 12 1 10 12 1 10 10 12 1 10 12 1 10 12 1 10 12 1 10 12 1 10 12 1 7 1 10 10 12 1 10 12 1 11 100 12 1 1 11 12 1 1 10 12 1 1 10 12 1 1 10 12 1 1 10 12 1 1 10 12 1 1 10 12 1 1 7 1 10 10 12 1 1 10 12 1 1 10 12 1 1 10 10 12 1 10 12 1 1 10 12 1 1 10 12 1 1 10 12 1 1 10 12 10 12 1 1 10 7 12 1 1 1 10 12 1 10 12 1 1 10 12 1 10 7 12 1 1 1 10 12 1 1 10 10 12 1 1 100 1 10 10 12 1 1 10 100 12 1 1 1 100 1 100 1 10 12 1 1 10 12 1 10 10 12 1 1 10 12 1 10 12 1 10 12 1 10 100 12 1 1 1 11 7 12 1 1 10 12 1 10 12 1 9 100 12 1 1 8 1 10 12 1 10 12 1 10 12 1 10 12 1 1 9 12 1 9 12 1 1 10 7 12 1 1 9 12 1 10 12 1 1 10 10 12 1 10 7 12 1 1 1 10 7 12 1 1 10 7 12 1 1 9 12 1 1 10 12 1 9 12 1 10 12 1 10 12 1 1 9 12 1 1 9 12 1 10 12 1 10 12 1 1 9 12 1 100 1 10 10 12 1 1 7 1 10 100 11 100 1 9 12 1 1 9 12 1 10 12 1 9 12 1 1 9 12 1 10 12 1 10 12 1 1 9 12 1 7 1 10 10 12 1 1 10 10 12 1 10 12 10 10 12 1 9 12 1 10 12 1 1 10 12 1 8 10 100 8 1 18 8 1 8 1 10 12 1 9 12 1 9 12 1 1 10 12 1 7 1 7 1 10 12 1 9 12 1 1 10 10 12 1 9 12 1 8 1 10 12 1 10 10 12 1 1 100 1 100 1 9 12 1 100 1 8 1 10 10 7 12 1 1 1 10 12 11 7 12 1 1 1 10 12 1 10 12 1 1 10 8 1 10 12 1 8 1 10 12 1 1 9 7 12 1 1 11 12 7 1 11 7 12 1 1 9 12 1 10 100 12 1 1 1 10 7 12 1 1 10 12 1 1 9 12 1 9 10 12 1 1 10 12 1 1 10 12 1 1 10 12 1 1 10 12 1 1 11 12 1 11 12 1 1 11 7 12 1 1 11 12 1 7 1 11 12 1 10 7 12 1 1 1 10 12 1 11 12 1 10 100 12 1 1 1 10 12 1 10 100 12 1 1 1 11 12 1 11 12 1 1 10 12 1 10 12 1 1 9 12 1 1 10 12 1 10 100 12 1 1 1 10 12 1 1 10 12 1 10 12 1 10 12 1 10 7 12 1 1 1 10 12 1 8 1 10 12 1 10 12 1 10 12 1 8 1 8 1 10 7 12 1 1 10 7 12 1 1 100 1 10 12 10 7 12 1 1 1 10 7 12 1 1 1 10 12 1 1 10 12 1 18 12 1 1 11 12 1 1 18 11 12 1 18 12 1 11 12 1 10 12 1 10 12 1 10 12 1 10 12 10 12 1 8 1 10 12 1 7 1 9 12 1 1 100 1 100 1 100 1 100 1 1 1 3 1 3 1 3 1 1 1 1 1 1 1 1 1 5 0 1 1 1 1 1 1 1 1 1 1 1 1 1 1 1 1 1 1 1 1 1 1 1 1 1 1 1 100 1 1 1 1 1 1 1 1 1 1 1 100 1 1 1 1 1 7 1 1 1 1 1 1 1 1 1 1 1 1 1 1 1 1 1 1 1 1 1 1 1 1 1 1 1 1 1 1 1 1 1 1 100 1 1 1 1 1 1 1 1 1 1 1 1 1 1 1 1 1 1 1 1 1 1 1 1 1 1 1 1 1 1 1 100 1 1 1 1 1 1 1 1 1 1 1 1 1 1 1 1 1 1 1 1 1 1 1 1 1 1 1 1 1 1 1 1 1 1 1 1 1 1 1 1 1 1 1 1 1 1 1 1 1 1 1 1 1 1 1 1 1 1 1 1 1 100 1 100 1 1 1 1 1 1 1 1 1 1 1 1 1 1 1 1 1 1 1 1 1 1 1 1 1 1 1 1 1 1 1 1 1 1 1 1 1 1 1 1 1 1 1 1 1 1 1 1 1 1 1 1 1 1 1 1 1 1 1 1 1 1 1 1 1 1 1 1 1 1 1 1 1 1 1 1 1 1 1 1 1 1 1 1 1 1 1 1 1 1 1 1 1 1 1 1 1 1 1 1 1 1 1 1 1 1 1 1 1 1 1 1 1 1 1 1 1 1 1 1 16 15 10 12 16 15 11 12 16 1 15 10 12 16 16 15 10 12 16 15 16 1 15 10 12 16 15 10 7 12 1 1 1 1 1 100 1 1 1 1 1 1 1 1 100 1 1 100 1 100 1 1 100 1 100 1 1
staticfield java/lang/Class EMPTY_CLASS_ARRAY [Ljava/lang/Class; 0 [Ljava/lang/Class;
staticfield java/lang/Class serialPersistentFields [Ljava/io/ObjectStreamField; 0 [Ljava/io/ObjectStreamField;
ciInstanceKlass java/lang/Cloneable 1 0 7 100 1 100 1 1 1
instanceKlass com/intellij/util/lang/UrlClassLoader
instanceKlass java/security/SecureClassLoader
ciInstanceKlass java/lang/ClassLoader 1 1 1076 9 7 12 1 1 1 10 7 12 1 1 1 9 12 1 1 10 7 12 1 1 1 7 1 10 12 1 1 10 12 1 1 9 12 1 1 10 12 1 1 100 1 10 12 1 10 12 1 1 10 7 12 1 1 1 100 1 8 1 10 12 1 10 7 1 10 7 1 7 1 7 1 10 12 1 10 12 1 9 12 1 1 10 10 7 12 1 1 1 9 12 1 1 9 12 1 9 12 1 1 9 12 1 9 12 1 1 9 12 1 1 7 1 10 12 1 9 12 1 1 10 12 1 1 10 7 12 1 1 1 9 12 1 9 12 1 1 9 12 1 10 12 1 1 9 12 10 12 1 1 7 1 10 8 1 10 12 1 1 10 12 1 10 7 1 7 1 10 7 12 1 1 1 10 7 12 1 1 1 8 1 10 12 1 10 12 1 10 12 1 1 10 12 1 1 10 12 1 1 10 12 1 1 10 12 1 1 10 12 1 7 1 10 12 1 10 7 12 1 1 1 10 12 1 1 10 12 1 10 12 1 10 12 1 10 12 1 10 12 1 1 10 10 12 1 10 12 1 10 10 12 1 1 10 12 1 1 100 1 8 1 10 8 1 10 12 1 10 12 1 100 1 8 1 10 12 1 1 10 12 1 1 10 10 12 1 1 10 12 1 1 10 12 1 1 10 7 1 10 12 1 10 12 1 1 10 12 1 1 10 12 1 1 10 12 1 1 10 12 1 1 10 12 1 1 10 12 1 1 10 7 12 1 1 1 10 12 1 10 12 1 10 12 1 1 10 12 1 10 12 1 10 12 1 10 12 1 1 10 12 1 10 12 1 1 8 1 9 12 1 10 12 1 1 8 1 8 1 10 7 12 1 1 100 1 10 10 12 10 12 1 10 12 1 10 12 1 10 12 1 1 10 7 12 1 1 10 12 1 10 7 1 7 1 10 12 1 1 10 12 1 10 7 1 10 12 1 100 1 18 12 1 10 100 12 1 1 1 10 100 12 1 1 1 10 7 12 1 1 10 12 1 10 12 1 100 1 10 12 1 8 1 10 10 12 1 1 10 12 1 10 12 1 1 100 1 10 12 1 1 10 100 12 1 1 10 12 1 10 7 12 1 1 10 12 1 8 1 100 1 10 10 12 1 9 12 1 10 7 12 1 1 10 12 1 100 1 8 1 10 12 1 10 8 1 8 1 10 12 1 1 10 12 1 1 10 12 1 1 10 7 12 1 1 100 1 100 1 10 12 1 1 100 1 100 1 10 100 12 1 1 10 12 1 10 12 1 10 12 1 10 12 1 10 12 1 1 10 12 1 8 1 7 1 18 12 1 1 10 12 1 1 10 12 1 10 12 1 10 12 1 8 1 10 12 1 10 12 1 18 12 1 11 100 12 1 1 1 100 1 10 12 1 1 10 12 1 10 11 12 1 1 10 18 10 12 1 1 11 100 12 1 18 12 1 11 12 1 1 10 12 1 10 12 1 1 10 12 1 1 100 1 8 1 10 10 12 1 8 1 8 1 10 100 12 1 1 10 12 1 100 1 10 10 12 1 8 1 8 1 8 1 10 12 1 10 12 1 10 12 1 1 10 12 1 1 10 12 1 10 100 12 1 1 1 11 100 12 1 1 100 1 10 11 10 12 1 10 12 1 10 12 1 1 9 100 12 1 1 9 12 1 1 9 12 9 12 1 9 12 1 9 12 1 8 10 12 1 1 10 7 12 1 1 1 10 12 1 1 10 12 1 1 10 12 1 1 8 1 10 12 1 1 8 10 12 1 1 8 8 10 12 1 10 12 1 10 12 1 11 12 1 1 10 100 12 1 1 1 100 1 10 12 1 10 12 1 10 12 1 1 1 1 1 1 1 1 1 1 1 1 1 1 1 1 1 1 1 1 1 1 1 1 1 1 100 1 1 1 1 1 1 1 1 1 1 1 1 1 1 1 1 1 1 1 1 1 1 1 1 1 100 1 1 1 1 1 1 1 1 1 1 1 1 1 1 1 1 1 1 1 1 1 1 1 1 1 1 1 1 1 1 1 1 1 1 1 1 1 1 1 1 1 1 1 100 1 1 1 1 1 1 1 1 1 1 1 1 1 1 1 1 1 1 1 1 1 100 1 1 1 1 1 1 1 1 1 1 1 1 1 1 1 1 1 1 1 1 1 1 1 1 1 1 1 1 1 1 1 1 1 1 1 1 1 1 1 1 1 1 1 1 100 1 1 1 1 1 1 1 1 1 1 1 1 1 1 1 1 1 1 1 1 1 1 1 1 1 1 1 1 1 1 1 1 1 1 1 1 1 1 1 1 1 1 1 1 1 1 1 1 1 1 1 16 1 15 10 12 16 1 16 15 10 12 16 1 16 1 15 10 12 16 15 10 12 16 15 10 12 16 15 10 100 12 1 1 1 1 1 100 1 100 1 1
staticfield java/lang/ClassLoader nocerts [Ljava/security/cert/Certificate; 0 [Ljava/security/cert/Certificate;
staticfield java/lang/ClassLoader $assertionsDisabled Z 1
ciInstanceKlass java/lang/System 1 1 616 10 100 12 1 1 1 10 7 12 1 1 1 10 12 1 1 10 12 1 9 12 1 1 10 7 12 1 1 1 11 100 12 1 1 1 10 100 12 1 1 1 10 12 1 1 100 1 8 1 10 12 1 9 12 1 1 9 12 1 1 10 7 12 1 1 1 10 7 12 1 1 1 10 12 1 1 10 12 1 10 7 12 1 1 1 10 12 1 10 12 1 1 7 1 10 12 1 1 100 1 8 1 10 10 12 1 1 100 1 8 1 10 10 7 12 1 1 10 12 10 7 12 1 1 10 7 12 1 1 1 100 1 8 1 10 10 7 12 1 1 1 10 7 12 1 1 1 100 1 10 100 12 1 1 1 10 12 1 1 10 7 12 1 1 1 10 12 1 1 10 12 1 10 12 1 8 1 10 12 1 1 10 12 1 1 8 1 10 12 1 7 1 7 1 10 12 1 9 7 12 1 1 1 10 7 12 1 1 1 10 12 1 10 12 1 10 7 12 1 1 1 100 1 8 1 10 9 12 1 1 9 12 1 10 12 1 10 100 12 1 1 10 12 1 10 12 1 1 100 1 10 8 1 10 12 1 1 10 12 1 10 12 1 1 10 12 1 1 8 1 11 7 12 1 1 10 12 11 12 1 1 11 7 12 1 1 1 11 7 12 1 1 11 12 1 1 7 1 11 12 1 10 12 1 8 1 10 12 1 1 8 1 8 1 8 1 8 1 11 12 1 10 12 1 1 10 12 1 10 12 1 8 1 10 12 1 1 8 1 9 12 1 8 1 10 7 12 1 1 8 1 7 1 9 7 12 1 1 1 10 12 1 7 1 9 12 10 9 12 7 1 10 12 9 12 1 1 8 1 10 12 1 1 8 1 9 12 1 10 7 12 1 1 10 12 1 10 12 1 1 11 7 12 1 1 10 12 10 7 12 1 1 1 9 12 1 1 100 1 100 1 8 1 10 12 1 1 10 12 1 8 1 8 1 10 8 1 8 1 8 1 8 1 8 1 10 8 1 10 7 12 1 1 1 10 7 12 1 1 1 10 12 1 1 8 1 10 7 12 1 1 8 1 10 7 12 1 1 1 7 1 10 10 12 1 10 12 1 9 12 1 1 1 1 1 1 1 1 1 1 1 1 100 1 1 100 1 1 1 1 1 1 1 1 1 1 3 1 1 1 1 1 1 1 1 1 1 1 1 1 1 1 1 1 1 1 1 1 1 1 1 1 1 1 1 1 1 1 1 1 1 1 1 1 1 1 1 1 1 1 1 1 1 1 1 1 1 1 100 1 1 1 1 1 1 1 1 1 1 1 1 1 1 1 1 1 1 1 1 1 1 1 1 1 1 1 1 1 1 100 1 100 1 1 1 1 1 1 1 100 1 100 1 1 1
staticfield java/lang/System in Ljava/io/InputStream; java/io/BufferedInputStream
staticfield java/lang/System out Ljava/io/PrintStream; com/intellij/platform/ide/bootstrap/PrintStreamLogger
staticfield java/lang/System err Ljava/io/PrintStream; com/intellij/platform/ide/bootstrap/PrintStreamLogger
instanceKlass com/intellij/util/indexing/FileBasedIndex$RebuildRequestedByUserAction
instanceKlass java/lang/Exception
instanceKlass java/lang/Error
ciInstanceKlass java/lang/Throwable 1 1 427 10 7 12 1 1 1 9 7 12 1 1 1 9 12 1 1 9 12 1 9 12 1 1 9 12 1 10 12 1 1 9 12 1 1 10 12 1 1 10 100 12 1 1 1 9 12 1 1 10 12 1 1 10 12 1 100 1 7 1 10 8 1 10 12 1 1 8 1 10 100 12 1 1 10 10 12 1 100 1 8 1 10 10 7 12 1 1 10 12 1 8 1 9 100 12 1 1 1 10 12 1 1 100 1 10 12 10 12 1 7 1 10 10 7 12 1 1 1 11 7 12 1 1 1 10 7 12 1 1 1 10 12 1 1 10 12 1 1 8 1 10 12 1 10 12 1 1 8 1 8 1 10 12 1 1 10 12 1 8 1 8 1 9 12 1 10 100 12 1 1 100 1 10 11 12 1 8 1 8 1 10 7 12 1 1 8 1 10 12 1 8 1 7 1 10 12 1 9 12 1 1 10 12 1 10 7 12 1 9 12 1 1 10 12 1 1 100 1 8 1 10 12 1 10 100 12 1 1 10 12 1 1 100 1 10 100 12 1 1 1 10 12 1 11 100 12 1 1 1 11 100 12 1 1 1 11 12 1 8 1 10 12 1 1 8 1 10 10 9 100 12 1 1 1 8 1 10 12 1 1 11 10 100 1 8 1 10 11 12 1 1 8 1 9 12 1 10 100 12 1 1 11 9 12 1 1 11 12 1 1 100 9 12 1 1 11 100 12 1 1 100 1 10 12 1 10 12 1 1 100 1 1 1 1 5 0 1 1 1 1 1 1 1 1 1 1 1 1 1 1 1 1 1 1 1 1 1 1 1 1 1 1 1 1 1 1 1 1 1 1 1 1 1 1 1 1 1 1 1 1 1 1 1 1 1 1 1 1 1 1 1 100 1 100 1 1 1 1 1 1 1 1 1 1 1 1 1 1 1 1 1 1 1 1 1 1 1 1 1 1 1 100 1 100 1 1
staticfield java/lang/Throwable UNASSIGNED_STACK [Ljava/lang/StackTraceElement; 0 [Ljava/lang/StackTraceElement;
staticfield java/lang/Throwable SUPPRESSED_SENTINEL Ljava/util/List; java/util/Collections$EmptyList
staticfield java/lang/Throwable EMPTY_THROWABLE_ARRAY [Ljava/lang/Throwable; 0 [Ljava/lang/Throwable;
staticfield java/lang/Throwable $assertionsDisabled Z 1
instanceKlass java/util/ServiceConfigurationError
instanceKlass kotlin/jvm/KotlinReflectionNotSupportedError
instanceKlass kotlin/reflect/jvm/internal/KotlinReflectionInternalError
instanceKlass kotlin/NotImplementedError
instanceKlass java/lang/AssertionError
instanceKlass java/lang/VirtualMachineError
instanceKlass java/lang/LinkageError
ciInstanceKlass java/lang/Error 1 1 58 10 7 12 1 1 1 9 12 1 1 10 100 12 1 1 1 10 100 12 1 1 1 10 12 1 10 12 1 10 12 1 10 12 1 100 1 1 1 1 5 0 1 1 1 1 1 1 1 1 100 1 1 1 1 1 1 1
instanceKlass com/intellij/openapi/fileEditor/impl/FileDocumentManagerImpl$SaveVetoException
instanceKlass org/apache/commons/imaging/ImagingException
instanceKlass java/util/concurrent/TimeoutException
instanceKlass org/jdom/JDOMException
instanceKlass com/intellij/psi/stubs/SerializerNotFoundException
instanceKlass com/intellij/util/indexing/StorageException
instanceKlass java/text/ParseException
instanceKlass java/util/concurrent/ExecutionException
instanceKlass java/lang/InterruptedException
instanceKlass java/awt/AWTException
instanceKlass java/awt/FontFormatException
instanceKlass sun/security/pkcs11/wrapper/PKCS11Exception
instanceKlass java/security/GeneralSecurityException
instanceKlass java/lang/CloneNotSupportedException
instanceKlass javax/xml/stream/XMLStreamException
instanceKlass com/intellij/platform/ide/bootstrap/DirectoryLock$CannotActivateException
instanceKlass kotlinx/coroutines/DispatchException
instanceKlass sun/nio/fs/WindowsException
instanceKlass java/util/zip/DataFormatException
instanceKlass java/net/URISyntaxException
instanceKlass java/io/IOException
instanceKlass java/lang/ReflectiveOperationException
instanceKlass java/lang/RuntimeException
ciInstanceKlass java/lang/Exception 1 1 54 10 7 12 1 1 1 10 12 1 10 12 1 10 12 1 10 12 1 100 1 1 1 1 5 0 1 1 1 1 1 1 1 1 1 1 1 1 1 1 1 100 1 100 1 100 1 100 1 1 1 1 1 1
instanceKlass com/intellij/openapi/command/impl/ForeignCommandException
instanceKlass com/intellij/diagnostic/ImplementationConflictException
instanceKlass com/intellij/util/indexing/impl/MapReduceIndexMappingException
instanceKlass com/intellij/openapi/util/InvalidDataException
instanceKlass java/util/concurrent/CompletionException
instanceKlass com/intellij/openapi/vfs/InvalidVirtualFileAccessException
instanceKlass com/intellij/openapi/util/io/ContentTooBigException
instanceKlass java/nio/file/FileSystemAlreadyExistsException
instanceKlass com/intellij/configurationStore/UnresolvedReadOnlyFilesException
instanceKlass com/intellij/serialization/SerializationException
instanceKlass com/intellij/openapi/extensions/ExtensionNotApplicableException
instanceKlass com/intellij/ide/plugins/StartupAbortedException
instanceKlass java/lang/reflect/UndeclaredThrowableException
instanceKlass com/intellij/openapi/extensions/SortingException
instanceKlass com/intellij/openapi/application/impl/ApplicationImpl$1ApplicationExitException
instanceKlass org/h2/message/DbException
instanceKlass java/nio/file/FileSystemNotFoundException
instanceKlass com/intellij/diagnostic/PluginException
instanceKlass com/intellij/openapi/diagnostic/RuntimeExceptionWithAttachments
instanceKlass com/intellij/ide/plugins/EssentialPluginMissingException
instanceKlass org/h2/mvstore/MVStoreException
instanceKlass fleet/kernel/DispatchChannelOverflowException
instanceKlass com/intellij/openapi/application/impl/InvocationUtil$InternalAPIChangedException
instanceKlass com/intellij/util/lang/CompoundRuntimeException
instanceKlass java/util/EmptyStackException
instanceKlass kotlinx/coroutines/internal/UndeliveredElementException
instanceKlass java/util/ConcurrentModificationException
instanceKlass com/jetbrains/rhizomedb/EntityAttributeIsNotInitialized
instanceKlass com/jetbrains/rhizomedb/OutOfDbContext
instanceKlass com/jetbrains/rhizomedb/OutOfMutableDbContext
instanceKlass com/jetbrains/rhizomedb/TxValidationException
instanceKlass org/bouncycastle/crypto/CryptoServiceConstraintsException
instanceKlass com/jetbrains/rhizomedb/EntityDoesNotExistException
instanceKlass java/security/ProviderException
instanceKlass java/util/MissingResourceException
instanceKlass com/fasterxml/aalto/UncheckedStreamException
instanceKlass com/intellij/util/IncorrectOperationException
instanceKlass java/util/concurrent/RejectedExecutionException
instanceKlass java/lang/SecurityException
instanceKlass kotlin/KotlinNothingValueException
instanceKlass kotlin/NoWhenBranchMatchedException
instanceKlass java/util/NoSuchElementException
instanceKlass kotlin/UninitializedPropertyAccessException
instanceKlass java/lang/UnsupportedOperationException
instanceKlass com/intellij/util/lang/MissingIkvException
instanceKlass java/io/UncheckedIOException
instanceKlass java/lang/IllegalStateException
instanceKlass java/lang/IllegalArgumentException
instanceKlass java/lang/IndexOutOfBoundsException
instanceKlass java/lang/ArithmeticException
instanceKlass java/lang/NullPointerException
instanceKlass java/lang/IllegalCallerException
instanceKlass java/lang/IllegalMonitorStateException
instanceKlass java/lang/ArrayStoreException
instanceKlass java/lang/ClassCastException
ciInstanceKlass java/lang/RuntimeException 1 1 40 10 7 12 1 1 1 10 12 1 10 12 1 10 12 1 10 12 1 100 1 1 1 1 5 0 1 1 1 1 1 1 1 1 1 1 1 1 1 1
ciInstanceKlass java/security/ProtectionDomain 1 1 141 10 7 12 1 1 1 9 7 12 1 1 1 9 12 1 1 9 12 1 1 10 7 12 1 1 7 1 9 12 1 9 12 1 1 7 1 9 12 1 1 9 12 1 10 100 12 1 1 10 100 12 1 1 1 10 12 1 1 10 12 1 8 1 100 1 8 1 10 12 1 10 11 12 1 1 10 100 12 1 1 1 10 12 1 1 8 1 11 8 1 10 12 1 8 1 8 1 8 1 10 12 1 8 1 8 1 1 1 1 1 1 1 1 100 1 1 100 1 1 1 1 1 1 1 1 1 1 1 1 1 1 1 1 1 1 1 100 1 1 1
instanceKlass java/net/URLClassLoader
instanceKlass jdk/internal/loader/BuiltinClassLoader
ciInstanceKlass java/security/SecureClassLoader 1 1 99 10 7 12 1 1 1 7 1 10 12 1 9 7 12 1 1 1 10 12 1 10 12 1 10 12 1 1 10 12 1 1 10 12 1 7 1 10 7 1 10 12 1 7 1 10 12 1 11 7 12 1 1 1 7 1 11 12 1 10 12 1 1 1 1 1 1 1 1 1 1 1 1 1 1 1 1 1 1 1 1 1 1 1 1 1 1 1 1 1 1 1 1 1 1 1 1 1 1
instanceKlass java/lang/InstantiationException
instanceKlass java/lang/IllegalAccessException
instanceKlass java/lang/reflect/InvocationTargetException
instanceKlass java/lang/NoSuchFieldException
instanceKlass java/lang/NoSuchMethodException
instanceKlass java/lang/ClassNotFoundException
ciInstanceKlass java/lang/ReflectiveOperationException 1 1 34 10 7 12 1 1 1 10 12 1 10 12 1 10 12 1 100 1 1 1 1 5 0 1 1 1 1 1 1 1 1 1 1 1
ciInstanceKlass java/lang/ClassNotFoundException 1 1 96 7 1 10 7 12 1 1 1 10 12 1 10 12 1 1 10 100 12 1 1 1 8 1 10 100 12 1 1 1 10 7 12 1 1 10 100 12 1 1 1 10 100 12 1 1 1 10 12 1 1 7 1 10 12 1 9 12 1 1 1 1 1 5 0 1 1 1 1 1 1 1 1 1 1 1 1 1 1 1 1 1 1 100 1 1 1 1 1 1 1 1 1 1 1 1
staticfield java/lang/ClassNotFoundException serialPersistentFields [Ljava/io/ObjectStreamField; 1 [Ljava/io/ObjectStreamField;
instanceKlass jdk/internal/misc/ThreadTracker$ThreadRef
instanceKlass java/text/DecimalFormat$NumericPosition
instanceKlass sun/util/locale/LanguageTag
instanceKlass java/nio/DirectByteBuffer$Deallocator
instanceKlass jdk/internal/classfile/impl/SignaturesImpl$BaseTypeSigImpl
instanceKlass jdk/internal/classfile/impl/SignaturesImpl$ArrayTypeSigImpl
instanceKlass jdk/internal/classfile/impl/SignaturesImpl$MethodSignatureImpl
instanceKlass jdk/internal/classfile/impl/SignaturesImpl$TypeArgImpl
instanceKlass jdk/internal/classfile/impl/SignaturesImpl$TypeVarSigImpl
instanceKlass jdk/internal/classfile/impl/SignaturesImpl$TypeParamImpl
instanceKlass jdk/internal/classfile/impl/SignaturesImpl$ClassTypeSigImpl
instanceKlass com/jetbrains/internal/jbrapi/Proxy$Info$StaticMethod
instanceKlass com/jetbrains/internal/jbrapi/Mapping$Method
instanceKlass jdk/internal/classfile/impl/AbstractInstruction$SwitchCaseImpl
instanceKlass jdk/internal/classfile/impl/ClassFileImpl$ClassHierarchyResolverOptionImpl
instanceKlass com/jetbrains/internal/jbrapi/ProxyGenerator$MethodSignature
instanceKlass jdk/internal/classfile/impl/StackCounter$Target
instanceKlass jdk/internal/classfile/impl/StackMapDecoder$StackMapFrameImpl
instanceKlass jdk/internal/classfile/impl/StackMapDecoder$ObjectVerificationTypeInfoImpl
instanceKlass java/lang/reflect/Proxy$ProxyBuilder$ProxyClassContext
instanceKlass com/jetbrains/internal/jbrapi/ProxyRepository$Key
instanceKlass com/jetbrains/internal/jbrapi/ProxyRepository$Registry$StaticKey
instanceKlass com/jetbrains/internal/jbrapi/ProxyRepository$Registry$StaticValue
instanceKlass sun/java2d/loops/RenderCache$Key
instanceKlass jdk/net/UnixDomainPrincipal
instanceKlass jdk/internal/foreign/LayoutPath$GroupElementByName
instanceKlass java/util/Formatter$FixedString
instanceKlass java/lang/invoke/StringConcatFactory$InlineHiddenClassStrategy$MethodHandlePair
instanceKlass java/io/IoOverNioFileSystem$StreamInitializationBundle
instanceKlass com/intellij/ide/CliResult
instanceKlass java/lang/ClassValue$Version
instanceKlass java/security/SecureClassLoader$CodeSourceKey
instanceKlass java/util/zip/ZipFile$EntryPos
instanceKlass sun/nio/fs/WindowsPathParser$Result
instanceKlass jdk/internal/module/ModuleReferenceImpl$CachedHash
instanceKlass java/util/stream/Collectors$CollectorImpl
instanceKlass java/lang/invoke/MethodHandles$Lookup$ClassDefiner
instanceKlass jdk/internal/classfile/impl/ClassHierarchyImpl$ClassHierarchyInfoImpl
instanceKlass java/lang/classfile/ClassHierarchyResolver$1Factory
instanceKlass jdk/internal/classfile/impl/RawBytecodeHelper$CodeRange
instanceKlass jdk/internal/classfile/impl/StackMapGenerator$Type
instanceKlass jdk/internal/classfile/impl/Util$1WithCodeMethodHandler
instanceKlass jdk/internal/classfile/impl/DirectCodeBuilder$DeferredLabel
instanceKlass java/lang/invoke/InvokerBytecodeGenerator$ClassData
instanceKlass jdk/internal/classfile/impl/AnnotationImpl
instanceKlass jdk/internal/reflect/ReflectionFactory$Config
instanceKlass jdk/internal/foreign/abi/UpcallLinker$CallRegs
instanceKlass jdk/internal/foreign/abi/VMStorage
ciInstanceKlass java/lang/Record 1 1 22 10 7 12 1 1 1 100 1 1 1 1 1 1 1 1 1 1 1 1 1 1
instanceKlass java/lang/ExceptionInInitializerError
instanceKlass java/lang/UnsatisfiedLinkError
instanceKlass java/lang/IncompatibleClassChangeError
instanceKlass java/lang/BootstrapMethodError
instanceKlass java/lang/NoClassDefFoundError
ciInstanceKlass java/lang/LinkageError 1 1 31 10 7 12 1 1 1 10 12 1 10 12 1 100 1 1 1 1 5 0 1 1 1 1 1 1 1 1 1 1 1
ciInstanceKlass java/lang/NoClassDefFoundError 0 0 26 10 100 12 1 1 1 10 12 1 100 1 1 1 1 5 0 1 1 1 1 1 1 1 1 1
ciInstanceKlass java/lang/ClassCastException 1 1 26 10 100 12 1 1 1 10 12 1 100 1 1 1 1 5 0 1 1 1 1 1 1 1 1 1
ciInstanceKlass java/lang/ArrayStoreException 1 1 26 10 100 12 1 1 1 10 12 1 100 1 1 1 1 5 0 1 1 1 1 1 1 1 1 1
instanceKlass java/lang/StackOverflowError
instanceKlass java/lang/OutOfMemoryError
instanceKlass java/lang/InternalError
ciInstanceKlass java/lang/VirtualMachineError 1 1 34 10 100 12 1 1 1 10 12 1 10 12 1 10 12 1 100 1 1 1 1 5 0 1 1 1 1 1 1 1 1 1 1 1
ciInstanceKlass java/lang/InternalError 1 1 34 10 100 12 1 1 1 10 12 1 10 12 1 10 12 1 100 1 1 1 1 5 0 1 1 1 1 1 1 1 1 1 1 1
ciInstanceKlass java/lang/OutOfMemoryError 1 1 26 10 100 12 1 1 1 10 12 1 100 1 1 1 1 5 0 1 1 1 1 1 1 1 1 1
ciInstanceKlass java/lang/StackOverflowError 1 1 26 10 100 12 1 1 1 10 12 1 100 1 1 1 1 5 0 1 1 1 1 1 1 1 1 1
ciInstanceKlass java/lang/IllegalMonitorStateException 1 1 26 10 100 12 1 1 1 10 12 1 100 1 1 1 1 5 0 1 1 1 1 1 1 1 1 1
instanceKlass java/lang/ref/PhantomReference
instanceKlass java/lang/ref/FinalReference
instanceKlass java/lang/ref/WeakReference
instanceKlass java/lang/ref/SoftReference
ciInstanceKlass java/lang/ref/Reference 1 1 198 9 7 12 1 1 1 9 7 12 1 1 10 12 1 1 10 12 1 1 9 12 1 1 10 12 1 1 9 12 1 1 9 12 1 1 7 1 10 12 1 10 7 12 1 1 10 12 1 10 12 1 1 10 12 1 7 1 8 1 10 12 1 1 7 1 10 12 1 1 10 12 1 1 10 12 1 7 1 10 12 10 7 12 1 1 1 9 12 1 10 12 1 1 10 12 1 10 12 1 10 12 1 9 12 1 100 1 100 1 10 9 12 1 9 12 1 100 1 10 10 12 1 10 10 7 12 1 1 10 12 1 1 1 1 1 1 1 1 1 1 1 1 1 1 1 1 1 100 1 1 1 100 1 1 1 1 1 1 1 1 1 1 1 1 1 1 1 1 1 1 1 1 1 1 1 1 1 1 1 1 1 1 1 1 1 1 1 1 1 100 1 100 1 100 1 1 1
staticfield java/lang/ref/Reference processPendingLock Ljava/lang/Object; java/lang/Object
staticfield java/lang/ref/Reference $assertionsDisabled Z 1
ciInstanceKlass java/lang/IllegalCallerException 0 0 35 10 100 12 1 1 1 10 12 1 10 12 1 10 12 1 100 1 1 1 1 5 0 1 1 1 1 1 1 1 1 1 1 1 1
instanceKlass com/intellij/util/containers/ConcurrentSoftValueHashMap$MySoftReference
instanceKlass sun/util/locale/provider/LocaleResources$ResourceReference
instanceKlass sun/util/resources/Bundles$BundleReference
instanceKlass com/intellij/util/containers/ConcurrentRefHashMap$HardKey
instanceKlass com/intellij/reference/SoftReference
instanceKlass java/util/ResourceBundle$BundleReference
instanceKlass jdk/internal/util/SoftReferenceKey
instanceKlass java/lang/invoke/LambdaFormEditor$Transform
ciInstanceKlass java/lang/ref/SoftReference 1 1 50 10 7 12 1 1 1 9 7 12 1 1 1 9 12 1 10 12 1 10 12 1 1 1 1 1 1 1 1 1 1 1 1 1 1 1 1 1 1 1 1 1 1 100 1 1 1 1 1 1
instanceKlass com/intellij/util/containers/ConcurrentWeakValueHashMap$MyWeakReference
instanceKlass com/github/benmanes/caffeine/cache/References$WeakKeyReference
instanceKlass kotlinx/coroutines/debug/internal/HashedWeakRef
instanceKlass com/intellij/util/containers/WeakHashMap$WeakKey
instanceKlass sun/awt/WeakIdentityHashMap$WeakKey
instanceKlass java/lang/WeakPairMap$WeakRefPeer
instanceKlass com/sun/jna/CallbackReference
instanceKlass com/intellij/util/containers/ConcurrentWeakHashMap$WeakKey
instanceKlass sun/nio/ch/FileLockTable$FileLockReference
instanceKlass javax/swing/plaf/metal/MetalLookAndFeel$AATextListener
instanceKlass com/intellij/util/containers/UnsafeWeakList$MyReference
instanceKlass com/intellij/util/containers/IntKeyWeakValueHashMap$MyReference
instanceKlass com/intellij/util/containers/ConcurrentWeakKeySoftValueHashMap$WeakKey
instanceKlass com/intellij/util/containers/ConcurrentWeakKeyWeakValueHashMap$WeakValue
instanceKlass java/util/ResourceBundle$KeyElementReference
instanceKlass java/util/logging/LogManager$LoggerWeakRef
instanceKlass java/util/logging/Level$KnownLevel
instanceKlass com/intellij/util/lang/ClassLoadingLocks$WeakLockReference
instanceKlass java/lang/ThreadLocal$ThreadLocalMap$Entry
instanceKlass jdk/internal/util/WeakReferenceKey
instanceKlass java/util/WeakHashMap$Entry
ciInstanceKlass java/lang/ref/WeakReference 1 1 34 10 7 12 1 1 1 10 12 1 100 1 1 1 1 1 1 1 1 1 1 1 1 1 1 1 1 1 1 1 1 1 1 1
instanceKlass java/lang/ref/Finalizer
ciInstanceKlass java/lang/ref/FinalReference 1 1 50 10 7 12 1 1 1 10 100 12 1 1 1 10 12 1 1 100 1 8 1 10 12 1 1 1 1 1 1 1 1 1 1 1 1 1 1 1 1 1 1 1 1 1 1 1 1 1 100 1
instanceKlass com/intellij/util/containers/ConcurrentWeakKeySoftValueHashMap$HardKey
instanceKlass com/intellij/util/containers/RefHashMap$HardKey
instanceKlass jdk/internal/ref/Cleaner
instanceKlass jdk/internal/ref/PhantomCleanable
ciInstanceKlass java/lang/ref/PhantomReference 1 1 47 10 7 12 1 1 1 10 12 1 1 10 7 12 1 1 1 1 1 1 1 1 1 1 1 1 1 1 1 1 1 1 1 1 1 1 1 1 1 1 1 1 1 1 1 1 1
ciInstanceKlass java/lang/ref/Finalizer 1 1 177 9 7 12 1 1 1 10 7 12 1 1 1 9 12 1 1 9 12 1 1 9 12 1 9 12 1 9 12 1 1 10 12 1 100 1 8 1 10 12 1 10 12 1 1 9 12 1 100 1 10 12 1 100 1 11 100 12 1 1 10 12 1 100 1 10 12 1 10 7 12 1 1 1 10 12 1 1 10 100 12 1 1 8 1 10 12 1 10 12 1 10 12 1 100 1 10 12 1 10 100 12 1 1 1 100 1 10 10 12 1 1 7 1 10 12 1 10 12 1 1 10 12 1 1 10 7 12 1 1 1 7 1 10 7 1 10 10 12 1 1 1 1 1 1 1 1 1 1 1 1 1 1 1 1 1 1 1 1 1 1 1 1 1 1 100 1 1 1 1 1 1 1 1 1 1 1
staticfield java/lang/ref/Finalizer lock Ljava/lang/Object; java/lang/Object
staticfield java/lang/ref/Finalizer ENABLED Z 1
staticfield java/lang/ref/Finalizer $assertionsDisabled Z 1
ciInstanceKlass java/lang/Runnable 1 0 11 100 1 100 1 1 1 1 1 1 1
instanceKlass kotlin/concurrent/ThreadsKt$thread$thread$1
instanceKlass sun/awt/image/ImageFetcher
instanceKlass java/util/concurrent/DelayScheduler
instanceKlass java/awt/EventDispatchThread
instanceKlass java/util/logging/LogManager$Cleaner
instanceKlass java/util/concurrent/ForkJoinWorkerThread
instanceKlass kotlinx/coroutines/scheduling/CoroutineScheduler$Worker
instanceKlass java/lang/ref/Finalizer$FinalizerThread
instanceKlass java/lang/ref/Reference$ReferenceHandler
instanceKlass jdk/internal/misc/InnocuousThread
instanceKlass java/lang/BaseVirtualThread
ciInstanceKlass java/lang/Thread 1 1 761 9 7 12 1 1 1 9 7 12 1 1 1 9 12 1 9 12 1 10 12 1 1 9 12 1 1 10 7 12 1 1 10 12 1 10 100 12 1 1 100 1 8 1 10 12 1 1 9 12 1 1 9 12 1 9 12 1 1 7 1 10 12 1 1 10 12 1 7 1 10 12 10 12 1 1 9 12 1 1 10 12 1 100 1 10 12 1 10 12 1 1 10 12 1 1 10 12 1 10 12 1 1 100 1 8 1 10 9 7 12 1 1 1 10 12 1 1 10 3 8 1 100 1 5 0 10 7 12 1 1 1 9 12 1 10 12 1 1 10 7 1 100 1 8 1 10 10 12 1 10 12 1 1 10 12 1 1 10 7 12 1 1 10 12 1 10 12 1 10 7 12 1 1 5 0 9 12 1 10 7 12 1 1 1 10 12 1 1 9 12 1 1 10 100 12 1 1 10 100 12 1 1 1 10 12 1 10 12 1 1 9 12 1 1 10 7 12 1 1 9 12 1 8 1 9 100 12 1 1 1 5 0 100 1 10 100 1 10 100 1 10 7 1 10 8 1 10 12 1 1 10 7 12 1 10 12 1 10 12 1 100 1 8 1 10 10 12 1 10 12 1 1 10 100 12 1 1 1 10 100 12 1 1 1 10 12 1 7 1 9 12 1 1 100 1 10 10 12 1 9 12 1 1 10 12 1 1 10 12 1 1 10 12 1 10 12 1 9 12 1 1 10 10 12 1 1 10 12 1 1 11 7 12 1 1 10 100 12 1 1 9 12 1 1 9 12 1 1 10 100 12 1 1 10 12 1 1 10 12 1 10 100 12 1 1 10 12 1 100 1 10 9 12 1 1 10 12 1 11 100 12 1 1 11 12 1 10 12 1 10 12 1 10 12 1 9 12 1 10 10 12 1 10 12 1 1 9 12 1 9 12 10 12 1 8 1 10 12 1 10 12 1 10 12 1 10 12 1 10 12 1 1 10 12 1 10 12 1 1 10 100 12 1 1 10 12 1 10 12 1 10 12 1 10 12 1 1 9 7 12 1 1 1 8 1 10 9 12 1 10 12 1 100 1 8 1 10 10 12 1 8 1 10 12 1 1 9 12 8 1 10 10 12 1 10 12 1 8 1 10 12 1 10 8 1 9 12 1 1 10 12 1 1 10 10 12 1 10 12 1 100 10 7 12 1 1 1 10 12 1 1 10 12 1 1 10 100 12 1 1 1 11 100 12 1 1 1 10 12 1 1 9 12 1 10 12 1 10 12 1 1 11 100 12 1 1 1 10 12 1 1 1 1 3 1 3 1 3 1 3 1 1 1 1 1 1 1 1 1 1 1 1 1 1 1 1 1 1 1 1 1 1 1 1 1 1 1 100 1 1 1 1 1 1 1 1 1 1 1 1 1 1 1 1 1 1 100 1 1 1 1 1 1 1 1 1 1 1 1 1 1 1 100 1 1 1 1 1 1 1 1 1 1 1 1 1 1 1 1 1 1 1 1 1 1 1 1 1 1 1 1 1 1 1 1 1 1 1 1 1 1 1 1 1 1 1 1 1 1 1 1 1 1 1 1 1 1 1 1 1 1 1 1 1 1 1 1 1 1 1 1 1 1 100 100 1 1 1 1 1 1 1 1 1 1 1 1 1 1 1 1 1 1 1 1 1 1 1 100 1 100 1 100 1 1 1 1 100 1 1 1 1 1 1 1 1 1 1 1 1
staticfield java/lang/Thread NEW_THREAD_BINDINGS Ljava/lang/Object; java/lang/Class
staticfield java/lang/Thread EMPTY_STACK_TRACE [Ljava/lang/StackTraceElement; 0 [Ljava/lang/StackTraceElement;
ciInstanceKlass java/lang/Thread$FieldHolder 1 1 55 10 7 12 1 1 1 9 7 12 1 1 1 9 12 1 1 9 12 1 1 9 12 1 1 9 12 1 1 1 1 1 1 1 1 1 1 1 1 100 1 100 1 1 1 1 100 1 1 1 100 1 100 1 1
ciInstanceKlass java/lang/Thread$Constants 0 0 47 100 1 10 100 12 1 1 1 10 12 1 1 10 12 1 1 10 100 12 1 1 8 1 10 12 1 9 100 12 1 1 1 1 1 1 1 1 1 1 1 1 1 1 1 1 1
ciInstanceKlass java/lang/Thread$UncaughtExceptionHandler 1 0 16 100 1 100 1 1 1 1 1 1 1 1 100 1 1 1
ciInstanceKlass java/lang/ThreadGroup 1 1 380 10 7 12 1 1 1 9 7 12 1 1 1 8 1 9 12 1 1 100 1 9 12 1 1 9 12 1 1 10 7 12 1 1 1 10 12 1 1 10 12 1 10 12 1 1 10 12 1 1 10 12 1 10 12 1 10 12 1 10 100 12 1 1 1 10 12 1 1 18 12 1 1 11 100 12 1 1 1 10 12 1 1 10 12 1 1 10 12 1 1 10 100 12 1 1 1 10 12 1 11 12 1 1 11 100 12 1 1 11 12 1 1 10 12 1 1 10 12 1 10 12 1 11 12 1 11 12 1 1 10 12 1 100 1 10 18 12 1 1 11 100 12 1 1 1 11 12 1 1 9 100 12 1 1 1 10 12 1 1 8 1 10 100 12 1 1 1 10 100 12 1 1 1 10 12 1 1 11 12 10 12 1 1 10 12 1 1 11 100 1 9 12 1 100 1 10 8 1 10 12 1 1 10 12 1 1 8 1 10 12 1 10 100 12 1 1 1 10 12 1 1 10 7 1 8 1 10 8 1 10 12 1 10 12 1 8 1 9 12 1 1 9 12 1 10 100 12 1 1 1 100 9 12 1 1 100 1 9 12 1 10 12 10 12 1 1 100 10 12 9 12 1 10 12 1 100 1 10 100 1 10 10 12 1 10 12 1 1 1 1 1 1 1 1 1 1 1 1 1 1 1 1 3 1 1 1 1 1 1 1 1 1 1 1 100 1 1 1 1 1 1 1 1 1 1 1 1 1 1 1 1 1 1 1 1 1 1 1 1 1 1 1 1 1 1 1 1 1 1 1 1 1 1 1 1 16 15 10 12 16 16 15 10 12 16 15 10 100 12 1 1 1 1 1 100 1 100 1 1
staticfield java/lang/ThreadGroup $assertionsDisabled Z 1
instanceKlass java/lang/ThreadBuilders$BoundVirtualThread
instanceKlass java/lang/VirtualThread
ciInstanceKlass java/lang/BaseVirtualThread 0 0 36 10 100 12 1 1 1 100 1 1 1 1 1 1 1 1 1 1 1 1 1 1 1 1 1 1 1 1 100 1 100 1 1 100 1 1
ciInstanceKlass java/lang/VirtualThread 0 0 928 9 100 12 1 1 1 9 12 1 1 10 100 12 1 1 1 10 100 12 1 1 1 10 100 12 1 1 1 9 12 1 1 100 1 10 12 1 9 12 1 1 18 12 1 1 9 12 1 1 10 12 1 1 100 1 10 12 1 10 12 1 1 10 12 1 1 10 12 1 10 12 1 1 9 12 1 1 10 12 1 10 100 12 1 10 12 1 10 12 1 10 12 1 10 12 1 9 12 1 1 11 100 12 1 1 1 10 10 12 1 11 100 12 1 1 1 10 12 1 100 1 10 12 1 1 100 1 9 12 1 1 5 0 10 100 12 1 1 1 9 12 1 100 1 100 1 10 10 100 12 1 1 1 10 100 12 1 1 1 10 12 1 1 10 12 1 10 12 1 1 10 12 1 10 12 10 12 1 100 1 10 10 12 1 10 12 1 1 9 12 1 1 10 12 1 1 9 12 1 1 10 12 1 9 12 1 10 100 12 1 1 10 9 10 10 12 1 1 10 12 1 1 10 100 12 1 1 10 100 1 10 9 10 100 1 10 12 1 1 10 12 1 10 10 12 1 1 9 12 1 10 12 1 10 12 1 9 12 1 1 10 12 1 10 12 1 10 12 1 1 9 12 1 1 10 12 1 10 12 1 1 10 12 1 10 12 1 1 9 12 1 18 9 100 12 1 1 1 10 12 1 1 9 12 1 10 12 1 10 12 1 1 10 12 1 9 12 1 1 18 12 1 9 12 1 9 12 1 10 12 9 12 1 1 10 100 12 1 1 10 12 1 10 12 1 1 10 100 12 1 1 10 12 1 100 1 8 1 10 12 1 10 12 1 1 10 12 1 10 12 1 10 12 1 10 100 12 1 1 10 12 1 10 12 1 10 12 1 10 12 1 10 100 12 1 1 8 1 10 12 1 10 12 1 10 12 1 10 12 1 1 10 12 1 10 12 10 12 1 100 1 10 10 12 1 10 12 1 1 10 12 1 1 10 12 1 10 12 1 10 12 1 1 10 12 1 1 11 100 12 1 1 11 12 1 10 12 9 100 12 1 1 1 9 12 1 10 12 1 1 9 12 1 9 12 1 9 12 1 9 12 1 100 1 10 10 12 1 1 10 12 1 100 1 100 1 10 8 1 10 12 1 1 10 12 1 10 12 1 10 10 12 1 8 1 10 10 12 1 10 12 1 10 100 12 1 1 8 1 8 1 10 12 1 1 10 10 9 100 12 1 1 1 10 12 1 1 10 12 1 10 10 12 9 12 1 10 12 1 1 10 12 1 9 12 1 10 12 1 1 9 12 1 10 12 1 1 9 12 1 10 12 1 1 18 12 1 1 8 1 10 12 1 1 8 1 8 1 10 100 12 1 1 1 10 100 12 1 1 1 10 12 1 10 12 1 1 10 12 1 18 12 1 1 18 12 1 1 5 0 9 12 1 10 12 1 10 12 1 10 100 1 10 12 1 1 9 12 1 9 12 1 1 10 12 1 1 10 12 1 10 12 10 12 1 1 10 100 12 1 1 10 12 1 1 100 1 8 1 10 10 12 1 8 10 12 1 1 8 8 9 12 1 8 8 10 12 1 10 12 1 1 8 1 18 12 1 10 100 12 1 1 10 12 1 10 12 1 3 1 3 1 3 1 3 1 3 1 3 1 3 1 3 1 3 1 3 1 3 1 3 1 3 3 1 3 3 1 3 3 1 3 3 1 3 1 1 1 1 1 1 1 1 1 1 1 1 1 1 1 1 1 100 1 1 1 1 1 1 1 1 1 1 1 1 1 1 1 1 1 1 1 1 100 1 1 1 1 1 1 1 1 1 1 1 1 1 1 1 1 1 1 1 1 1 1 1 1 1 1 1 1 1 1 1 1 1 100 1 1 1 1 1 1 1 1 1 1 1 1 1 1 1 1 1 1 1 1 1 1 1 1 1 1 1 100 1 1 1 1 1 1 1 1 1 1 1 1 1 1 1 1 1 1 1 1 1 1 100 1 1 16 15 10 12 15 10 12 15 10 12 16 15 10 12 16 15 10 12 16 15 10 12 16 15 10 12 15 10 100 12 1 1 1 1 1 1 1 100 1 1 1 100 1 100 1 1
ciInstanceKlass java/lang/ThreadBuilders$BoundVirtualThread 0 0 132 10 100 12 1 1 1 9 100 12 1 1 1 10 100 12 1 1 1 9 12 1 1 10 12 1 1 10 12 1 1 9 12 1 1 10 100 12 1 1 1 10 12 1 1 100 1 8 1 10 12 1 10 12 1 1 10 12 1 1 10 12 1 1 10 100 12 1 1 1 8 1 10 12 1 8 1 10 12 1 1 10 100 12 1 1 9 100 12 1 1 1 10 12 1 1 10 10 12 1 1 1 1 1 1 1 1 1 1 1 1 1 1 1 1 1 1 1 1 1 1 1 1 1 1 1 1 100 1 1 1 1
ciInstanceKlass java/util/Map 1 1 263 11 7 12 1 1 1 11 12 1 1 10 7 12 1 1 11 12 1 1 11 7 12 1 1 1 11 7 12 1 1 1 11 12 1 1 7 1 11 12 1 11 12 1 100 1 100 1 10 12 1 1 11 100 12 1 1 1 11 7 12 1 1 1 11 12 1 11 12 1 10 12 1 1 11 12 1 11 7 12 1 9 7 12 1 1 1 7 1 10 12 7 1 7 1 10 12 1 7 1 10 7 1 11 12 1 11 12 1 1 11 12 1 1 7 1 11 12 1 1 1 1 1 1 1 1 1 1 1 1 1 1 1 1 1 1 1 1 1 1 1 1 1 1 1 1 1 1 1 1 1 1 1 1 1 1 1 1 1 1 1 1 1 1 1 1 1 1 1 1 1 1 1 1 1 1 1 1 1 1 1 1 1 1 1 1 1 1 1 1 1 1 1 1 1 1 1 1 1 1 1 1 1 1 1 1 1 1 1 1 1 1 1 1 1 1 1 1 1 1 1 1 1 1 1 1 1 1 1 1 1 1 1 1 1 1 1 1 1 1 1 1 1 1 100 1 1 1 1 1 1 1 1 1 1 1 1 1 1 1 1 1 1
instanceKlass java/util/Hashtable
ciInstanceKlass java/util/Dictionary 1 1 36 10 7 12 1 1 1 100 1 1 1 1 1 1 1 1 1 1 1 1 1 1 1 1 1 1 1 1 1 1 1 1 1 1 1 1
instanceKlass javax/swing/UIDefaults
instanceKlass java/util/Properties
ciInstanceKlass java/util/Hashtable 1 1 516 100 1 10 7 12 1 1 1 9 7 12 1 1 1 100 1 100 1 10 8 1 10 12 1 1 10 12 1 10 12 1 1 10 12 1 10 7 12 1 1 1 8 1 10 12 1 9 12 1 1 7 1 9 12 1 1 4 10 7 12 1 1 1 9 12 1 4 10 12 1 11 100 12 1 1 1 10 12 1 1 10 12 1 1 9 12 1 10 12 1 1 100 1 10 9 12 1 1 10 7 12 1 1 1 9 12 1 1 10 12 1 10 12 1 3 9 12 1 9 12 1 3 10 12 1 10 12 1 10 12 1 1 11 12 1 1 11 100 12 1 1 1 11 100 12 1 1 1 11 12 1 100 1 11 12 1 11 12 1 10 12 1 1 10 12 1 1 10 12 1 9 12 1 1 9 12 9 12 1 1 10 100 1 100 1 10 12 1 10 8 1 10 10 12 1 8 1 10 8 1 10 100 12 1 1 1 7 1 10 12 1 10 12 1 100 1 10 12 1 10 12 1 1 100 1 10 100 1 10 10 12 1 1 11 12 1 1 11 12 1 100 1 10 10 10 7 12 1 1 11 100 12 1 1 1 100 1 10 11 100 12 1 1 11 100 12 1 10 12 1 10 12 1 1 10 100 12 1 1 10 12 1 1 10 12 1 1 10 12 1 1 10 100 12 1 1 1 8 10 100 12 1 1 100 1 8 1 10 4 4 10 12 1 1 10 12 1 8 1 4 10 12 10 100 12 1 1 1 100 1 11 100 12 1 1 1 10 100 12 1 1 1 10 12 1 10 12 1 1 10 100 1 100 1 1 1 1 1 1 5 0 1 1 1 1 1 3 1 3 1 3 1 1 1 1 1 1 1 1 1 1 1 1 1 1 1 1 1 1 1 1 1 1 1 1 1 100 1 1 1 1 1 1 1 1 1 1 1 1 1 1 1 1 1 1 1 1 1 1 1 1 1 1 1 1 1 100 1 1 1 1 1 1 1 1 1 1 1 1 1 1 100 1 1 1 1 1 1 1 1 1 1 1 1 1 1 1 1 1 1 1 1 1 1 1 1 1 1 1 1 1 1 1 1 1 1 1 1 1 1 1 1 1 1 1 1 100 1 1 1 100 1 1 1 1 1 100 1 1 1 1 1 1 1 1 1 1 1 1 1 1 1 1 1 1
instanceKlass java/security/Security$1
instanceKlass java/security/Provider
instanceKlass com/intellij/openapi/application/PathManager$1
ciInstanceKlass java/util/Properties 1 1 690 10 7 12 1 1 1 100 1 10 7 12 1 1 7 1 10 12 1 9 12 1 1 9 12 1 1 9 12 1 1 10 7 12 1 1 1 10 12 1 1 8 1 10 7 12 1 1 1 7 1 10 12 1 10 12 1 1 8 1 10 12 1 7 1 10 12 10 12 1 1 9 12 1 1 10 12 1 1 7 1 10 12 1 10 12 1 10 12 1 1 100 1 8 1 10 12 1 10 12 1 10 12 1 1 10 12 1 100 1 3 10 10 100 12 1 1 1 10 12 1 10 12 1 1 8 1 10 12 1 10 12 1 1 8 1 10 100 12 1 1 10 12 1 1 10 12 1 10 12 1 1 100 1 10 12 1 10 12 1 1 100 1 9 100 12 1 1 1 10 12 1 10 12 1 1 10 12 1 1 10 12 1 1 100 1 9 12 1 1 7 1 100 1 10 12 1 100 1 11 7 12 1 1 1 11 12 1 1 11 100 12 1 1 1 11 7 12 1 1 1 11 12 1 1 11 12 1 11 12 1 10 12 1 1 8 1 10 12 1 10 100 12 1 1 10 12 1 100 1 10 10 12 1 10 12 1 100 1 10 10 12 1 1 10 100 12 1 1 9 100 12 1 1 10 12 1 1 10 100 12 1 1 1 100 1 100 1 100 1 10 8 1 8 1 10 12 1 10 12 1 10 12 1 1 10 10 12 1 1 10 12 1 1 7 1 10 10 12 1 11 7 12 1 1 10 7 12 1 1 1 8 1 10 100 12 1 1 11 11 7 1 8 1 10 100 1 11 10 12 1 10 10 12 1 10 12 1 1 10 12 1 1 10 12 1 1 10 12 1 10 12 1 10 10 12 1 10 12 1 10 12 1 10 10 12 1 1 10 12 1 1 10 10 12 1 10 12 1 10 12 1 10 12 1 10 12 1 1 10 12 1 1 10 12 1 10 12 1 10 12 1 1 10 12 10 12 1 1 10 12 1 1 10 12 1 10 12 1 1 10 12 1 1 10 12 10 11 12 1 4 11 10 12 1 1 10 100 12 1 1 11 12 1 10 12 1 1 10 100 12 1 1 10 12 1 100 1 8 1 10 12 1 10 10 100 12 1 1 1 100 1 6 0 10 12 1 1 11 100 12 1 1 1 10 12 1 10 12 1 1 1 1 1 5 0 1 1 1 1 1 1 1 1 1 1 1 1 1 1 1 1 1 1 1 1 1 1 1 1 1 1 1 1 1 1 1 1 1 1 1 1 1 1 1 100 1 1 1 1 1 1 1 1 1 1 1 1 1 1 1 1 1 1 1 1 100 1 1 1 1 1 1 1 1 1 1 1 1 100 1 100 1 1 1 1 1 100 1 1 1 1 1 1 1 1 1 1 1 1 1 1 1 1 1 1 1 1 1 1 1 1 1 1 1 1 1 1 1 1 1 1 1 1 1 1 1 1 1 1 1 1 1 1 1 1 1 1 1 1 1 1 1 1 1 1 1 1 1 1 1 1 1 1 1 1 1 1 1 1 1 1 1 1 1 100 1 1 1 1 1 1 1 1 1 1 1 100 1 1
staticfield java/util/Properties UNSAFE Ljdk/internal/misc/Unsafe; jdk/internal/misc/Unsafe
ciInstanceKlass java/lang/Module 1 1 1076 10 7 12 1 1 1 9 7 12 1 1 1 10 7 12 1 1 1 9 12 1 9 12 1 1 9 12 1 1 10 12 1 1 10 12 1 10 12 1 1 10 7 12 1 1 1 7 1 10 7 12 1 1 1 10 12 1 1 11 7 12 1 1 1 10 12 1 1 10 12 1 8 1 10 7 12 1 1 1 10 7 12 1 1 1 10 7 12 1 1 1 10 12 1 1 10 12 1 9 12 1 1 10 7 12 1 1 1 9 7 12 1 1 1 7 1 10 8 1 10 12 1 1 10 12 1 10 12 8 1 10 7 12 1 1 1 10 100 12 1 1 1 10 100 12 1 1 1 8 1 10 12 1 8 1 9 12 1 100 1 8 1 10 12 1 10 8 1 8 1 8 1 10 7 12 1 1 1 8 1 10 100 12 1 1 1 8 1 10 12 1 9 12 1 1 11 12 1 9 7 12 1 1 10 7 12 1 1 1 10 7 12 1 1 1 10 12 1 1 8 1 10 12 1 1 10 12 1 10 12 1 1 9 7 12 1 1 1 10 12 1 1 10 12 1 1 9 12 1 10 12 1 10 12 1 9 12 1 1 11 7 12 1 1 10 12 1 1 9 12 1 9 12 1 10 12 1 10 12 1 100 1 8 1 10 10 12 1 1 10 12 1 8 1 10 12 1 1 8 1 8 1 10 12 1 1 10 12 1 10 12 1 1 10 12 1 18 12 1 1 10 12 1 1 11 12 1 9 12 1 11 12 7 1 10 12 1 18 12 1 11 12 1 1 11 12 1 1 11 12 1 10 12 1 1 10 12 1 1 9 12 1 10 12 10 7 12 1 1 10 7 1 18 12 1 1 11 100 12 1 1 1 18 12 1 11 12 1 1 10 100 12 1 1 1 11 12 1 1 10 7 12 1 1 11 12 1 1 10 12 1 1 7 1 11 12 1 7 1 7 1 10 12 1 10 7 12 1 1 1 10 7 12 1 1 1 10 11 7 12 1 8 1 10 12 1 10 12 1 1 10 7 12 1 1 10 12 1 10 12 1 7 1 10 12 1 10 11 12 1 10 12 11 12 1 1 11 7 12 1 1 11 12 1 1 10 12 1 1 9 12 1 1 100 1 10 10 12 1 1 11 7 1 10 12 1 1 11 12 1 10 11 10 12 1 11 10 12 1 1 10 12 1 1 10 12 1 1 10 7 12 1 1 10 12 1 10 12 1 1 10 10 12 1 1 10 12 1 18 12 1 11 12 1 18 12 1 10 12 1 10 12 1 10 12 7 1 10 12 1 10 12 1 10 12 1 9 12 1 7 1 10 10 10 10 12 1 10 12 1 10 12 1 10 12 1 1 10 12 1 1 10 12 1 9 12 1 10 12 1 100 1 8 1 10 12 1 1 10 12 1 10 100 12 1 1 100 1 10 12 1 1 100 1 8 1 100 1 9 100 12 1 1 1 11 100 12 1 1 10 12 1 1 11 12 1 1 18 12 1 1 11 12 1 1 100 1 10 12 1 10 12 1 1 100 1 100 1 10 12 8 1 10 12 1 1 10 12 1 1 10 7 12 1 1 10 12 1 1 10 12 1 10 12 10 12 1 1 100 1 10 10 12 1 1 10 100 12 1 1 1 100 1 10 7 12 1 1 1 10 7 12 1 1 8 1 18 12 1 1 100 1 100 1 9 12 1 1 9 12 1 9 12 1 11 100 12 1 1 1 100 1 11 12 1 1 100 1 10 12 1 8 1 10 12 1 10 12 10 12 1 8 1 10 10 100 12 1 1 10 12 1 1 7 1 10 10 12 1 10 7 12 1 1 9 12 1 9 12 1 9 12 1 9 12 1 9 12 1 10 12 10 12 1 100 1 1 1 1 1 1 1 1 1 1 1 1 1 1 1 1 1 1 1 1 1 1 1 1 1 1 1 1 1 1 1 1 1 1 1 1 1 1 1 1 1 1 1 1 1 1 1 1 1 1 1 1 1 1 1 1 1 1 1 1 1 1 1 1 1 1 1 1 1 1 1 1 1 1 1 1 1 1 1 1 1 1 1 1 1 1 1 1 1 1 1 1 1 1 1 1 1 1 1 1 1 1 1 1 1 1 1 1 100 100 1 1 1 1 1 1 1 1 1 1 1 1 1 1 1 1 1 1 1 1 1 1 1 1 1 1 100 1 7 1 1 1 1 1 1 1 1 1 1 1 1 1 1 1 1 1 1 100 1 1 1 1 1 1 1 1 1 1 1 1 1 1 1 1 1 1 1 1 1 1 1 1 1 1 1 16 15 10 12 16 15 10 12 16 1 16 15 10 12 16 16 15 10 16 1 15 10 12 16 1 15 10 12 16 1 16 1 15 10 12 16 15 10 7 12 1 1 1 15 10 100 12 1 1 1 1 1 1 1 1 1 1 1 1 1 100 1 100 1 1
staticfield java/lang/Module ALL_UNNAMED_MODULE Ljava/lang/Module; java/lang/Module
staticfield java/lang/Module ALL_UNNAMED_MODULE_SET Ljava/util/Set; java/util/ImmutableCollections$Set12
staticfield java/lang/Module EVERYONE_MODULE Ljava/lang/Module; java/lang/Module
staticfield java/lang/Module EVERYONE_SET Ljava/util/Set; java/util/ImmutableCollections$Set12
staticfield java/lang/Module $assertionsDisabled Z 1
instanceKlass java/lang/reflect/Executable
instanceKlass java/lang/reflect/Field
ciInstanceKlass java/lang/reflect/AccessibleObject 1 1 374 10 7 12 1 1 1 10 100 12 1 1 1 10 7 12 1 1 1 10 12 1 1 9 12 1 1 7 1 10 7 12 1 1 1 11 12 1 100 1 10 12 1 7 1 100 1 10 12 1 1 10 12 1 1 10 12 1 1 10 12 1 1 10 12 1 1 7 1 10 7 12 1 1 1 10 12 1 1 11 10 7 12 1 1 1 10 12 1 1 10 12 1 10 12 1 10 12 1 1 10 12 1 8 1 100 1 100 1 10 10 12 1 1 8 1 10 12 1 10 12 1 8 1 8 1 8 1 8 1 8 1 8 1 8 1 8 1 8 1 100 1 10 12 1 10 12 1 9 7 12 1 1 1 10 12 1 1 10 12 1 10 100 1 100 1 8 1 10 8 1 10 12 1 8 1 10 12 1 10 12 1 1 10 100 1 8 1 10 11 7 12 1 1 1 10 12 1 1 10 12 1 1 10 12 1 1 9 12 1 1 100 1 10 12 1 7 1 10 12 1 10 12 1 1 10 100 1 10 12 1 10 12 10 12 1 10 12 1 10 12 1 1 10 12 1 9 12 1 10 7 12 1 1 8 1 10 12 1 1 8 1 10 100 12 1 1 1 9 12 1 100 1 10 7 1 10 10 7 12 1 1 1 10 7 12 1 1 1 9 12 1 1 1 1 1 1 1 1 1 1 1 1 1 1 1 1 1 1 1 1 1 1 1 1 1 1 1 1 1 1 1 1 1 1 1 1 1 1 1 1 1 1 1 1 1 1 1 1 1 1 1 1 1 1 1 1 1 1 1 1 1 1 1 1 1 1 1 1 1 1 1 1 1 1 1 1 1 1 1 1 1 1 1
staticfield java/lang/reflect/AccessibleObject reflectionFactory Ljdk/internal/reflect/ReflectionFactory; jdk/internal/reflect/ReflectionFactory
ciInstanceKlass java/lang/reflect/Member 1 1 37 100 1 10 12 1 1 100 1 100 1 1 1 1 3 1 3 1 1 1 1 1 1 1 1 1 1 1 1 1 1 1 1 1 1 1 1
ciInstanceKlass java/lang/reflect/Field 1 1 454 9 7 12 1 1 1 10 12 1 1 10 100 12 1 1 1 10 100 12 1 1 9 12 1 1 9 12 1 1 10 12 1 1 10 12 1 1 10 12 1 1 10 100 12 1 1 10 7 12 1 1 1 9 12 1 1 9 12 1 9 12 1 9 12 1 1 9 12 1 1 9 12 1 9 12 1 1 100 1 8 1 10 12 1 10 12 1 9 12 1 1 9 12 1 10 7 12 1 1 10 12 1 1 10 12 1 1 10 12 1 9 12 1 1 10 12 1 1 9 100 12 1 1 1 10 7 12 1 1 1 7 1 10 12 1 1 10 12 1 1 10 12 1 10 12 1 10 7 1 10 100 12 1 1 100 1 10 8 1 10 12 1 1 10 12 1 1 8 1 10 12 10 12 1 8 1 8 1 10 11 100 1 9 12 1 10 12 1 1 10 12 1 1 11 7 12 1 1 1 10 12 1 11 12 1 1 11 12 1 1 11 12 1 1 11 12 1 1 11 12 1 1 11 12 1 1 11 12 1 1 11 12 1 1 11 12 1 1 11 12 1 1 11 12 1 1 11 12 1 1 11 12 1 1 11 12 1 1 11 12 1 1 11 12 1 1 11 12 1 1 10 12 1 10 100 12 1 1 10 12 1 10 12 1 10 12 1 10 12 1 1 10 12 1 1 10 12 1 10 7 12 1 1 10 12 1 1 11 7 1 10 12 1 7 1 10 100 12 1 1 1 10 7 12 1 1 1 9 12 1 10 7 12 1 1 1 11 7 12 1 1 1 10 12 1 1 10 12 1 1 9 100 12 1 1 10 100 12 1 1 1 10 12 1 1 100 1 1 1 1 1 1 1 1 1 1 1 1 1 1 1 1 1 1 1 1 1 1 1 1 1 1 1 1 1 1 1 1 1 1 1 1 1 1 1 100 1 1 1 1 1 1 1 1 1 1 1 1 1 1 1 1 1 1 1 1 1 1 1 1 1 1 1 1 1 1 1 1 100 1 1 1 1 1 1 1 1 100 1 1 100 1 1
ciInstanceKlass java/lang/reflect/Parameter 0 0 256 10 100 12 1 1 1 9 100 12 1 1 1 9 12 1 1 9 12 1 1 9 12 1 10 12 1 1 10 12 1 1 10 100 12 1 1 1 100 1 10 10 12 1 1 11 100 12 1 1 1 10 12 1 10 100 12 1 1 1 10 12 1 1 10 12 1 10 12 1 8 1 8 1 10 100 12 1 1 1 10 12 1 10 12 9 100 12 1 1 1 9 100 12 1 1 1 10 12 1 1 10 12 1 1 10 100 12 1 1 1 10 12 1 8 1 10 12 1 9 12 1 1 10 12 1 1 9 12 1 1 10 12 1 1 10 12 1 1 10 12 1 1 10 12 1 10 10 12 1 10 100 12 1 1 1 10 12 1 1 11 100 12 1 1 10 100 12 1 1 100 1 10 100 12 1 1 1 10 12 1 1 10 12 1 1 10 12 1 1 10 12 1 1 9 12 1 100 1 10 11 12 1 11 12 1 1 100 1 1 1 1 1 1 1 1 1 1 1 1 1 1 1 1 1 1 1 1 1 1 1 1 1 1 1 1 1 1 1 1 1 1 1 1 1 1 1 100 1 1 1 1 1 100 1 1
instanceKlass java/lang/reflect/Constructor
instanceKlass java/lang/reflect/Method
ciInstanceKlass java/lang/reflect/Executable 1 1 587 10 7 12 1 1 1 10 7 12 1 1 1 10 7 12 1 1 1 11 7 12 1 1 1 10 7 12 1 1 1 10 12 1 1 10 7 12 1 1 1 10 100 12 1 1 1 10 12 1 8 1 10 10 12 1 1 10 12 1 1 10 100 12 1 1 1 18 12 1 1 11 100 12 1 1 1 8 1 8 1 8 1 10 100 12 1 1 1 11 12 1 1 100 1 8 1 8 1 10 12 1 100 1 8 1 10 12 1 8 1 11 100 12 1 1 1 100 1 11 100 12 1 1 1 11 12 1 8 1 18 8 1 10 12 1 10 12 1 1 18 8 1 10 12 1 100 1 10 12 1 10 12 1 11 12 1 10 12 1 1 8 1 8 1 10 12 1 1 10 12 1 1 10 10 12 1 9 12 1 1 9 100 12 1 1 1 10 100 12 1 1 1 10 12 1 10 12 1 1 10 7 12 1 1 10 12 1 10 12 1 10 12 1 10 7 12 1 1 100 1 10 100 12 1 1 1 10 12 1 1 10 100 12 1 1 10 12 1 10 12 1 1 9 100 12 1 1 1 10 100 10 12 1 8 1 10 12 1 10 12 1 3 100 1 8 1 10 12 1 10 12 1 10 10 12 1 10 12 1 1 8 1 8 1 8 1 9 12 1 1 9 12 1 10 12 1 100 1 8 1 10 12 1 10 12 1 10 12 1 1 10 12 1 1 10 12 1 10 12 10 12 1 100 1 10 12 1 10 12 1 1 100 1 10 100 12 1 1 1 100 1 10 7 12 1 1 1 10 12 1 1 11 7 12 1 1 10 12 1 10 100 12 1 1 1 10 12 1 1 9 12 1 10 12 1 1 10 12 1 10 12 1 1 9 100 12 1 1 1 10 100 12 1 1 1 10 12 1 10 12 1 1 9 12 1 10 10 10 10 100 12 1 1 1 10 12 1 9 12 1 10 12 1 1 9 12 1 100 1 100 1 1 1 1 1 1 1 1 1 1 1 1 1 1 1 1 1 1 1 1 1 1 1 1 1 1 1 1 1 1 1 1 1 1 1 1 100 1 1 1 1 1 1 1 1 1 1 1 1 1 1 1 1 1 1 1 100 1 1 1 1 1 1 1 1 1 1 1 1 1 1 1 1 1 1 1 1 1 1 1 1 1 1 1 1 1 1 1 1 1 1 1 1 1 1 1 1 1 1 1 100 1 1 1 1 1 1 1 1 1 1 1 1 1 1 1 1 1 1 1 1 1 1 100 1 1 16 15 16 1 16 1 15 10 12 16 15 10 100 12 1 1 1 1 100 1 1 1 100 1 1 100 1 100 1 1
ciInstanceKlass java/lang/reflect/Method 1 1 468 9 7 12 1 1 1 10 7 12 1 1 1 10 7 12 1 1 9 12 1 1 9 12 1 1 10 12 1 1 10 12 1 1 10 12 1 1 10 7 12 1 1 10 7 12 1 1 1 9 12 1 1 9 12 1 9 12 1 1 9 12 1 9 12 1 9 12 1 1 9 12 1 9 12 1 1 9 12 1 9 12 1 100 1 8 1 10 12 1 10 12 1 9 12 1 1 10 7 12 1 1 1 10 12 1 1 10 12 1 1 10 12 1 10 12 1 1 9 100 12 1 1 1 10 12 1 1 10 12 10 7 12 1 1 10 12 1 1 10 12 1 10 12 1 10 12 1 10 7 12 1 1 1 10 12 1 1 9 12 1 10 7 1 10 100 12 1 1 1 10 7 12 1 1 10 12 1 1 10 12 1 1 10 12 1 10 7 12 1 1 1 10 12 1 10 8 1 10 12 1 10 12 1 7 1 8 1 8 1 8 1 10 12 1 10 12 1 1 10 12 1 1 10 10 12 1 1 10 12 1 11 100 1 10 12 1 9 12 1 1 10 12 1 1 10 12 1 10 12 1 1 10 12 1 1 11 7 12 1 1 1 11 12 1 9 12 1 1 10 12 1 10 12 1 10 12 1 10 12 1 10 12 1 10 12 1 9 12 1 1 10 7 12 1 1 1 10 7 12 1 1 10 12 1 1 10 7 12 1 1 1 10 7 12 1 1 1 10 7 12 1 1 1 11 7 12 1 1 1 10 7 12 1 1 1 7 1 100 1 100 1 10 12 1 10 12 1 1 10 12 1 100 1 8 1 10 12 1 10 10 12 1 1 10 12 1 1 10 12 1 1 10 12 1 1 8 1 10 12 1 1 1 1 1 1 1 1 1 1 1 1 1 1 1 1 1 1 1 1 1 1 1 1 1 1 1 1 1 1 1 1 1 1 1 1 1 1 1 1 1 1 1 1 1 1 1 1 1 1 1 1 1 100 1 100 1 100 1 1 1 1 1 1 1 1 1 1 1 1 1 1 1 1 1 1 1 1 1 1 1 1 1 1 1 1 1 1
ciInstanceKlass java/lang/reflect/Constructor 1 1 437 10 100 12 1 1 1 10 100 12 1 1 9 7 12 1 1 1 9 12 1 1 10 12 1 1 10 12 1 1 10 12 1 1 10 100 12 1 1 10 7 12 1 1 1 9 12 1 1 9 12 1 1 9 12 1 9 12 1 1 9 12 1 9 12 1 1 9 12 1 1 9 12 1 100 1 8 1 10 12 1 10 12 1 9 12 1 1 10 7 12 1 1 1 10 12 1 1 10 12 1 1 10 12 1 7 1 100 1 8 1 10 10 12 1 10 12 1 10 12 1 1 9 100 12 1 1 1 10 7 12 1 1 10 12 1 1 10 12 1 10 12 1 1 10 100 12 1 1 1 10 100 12 1 1 10 12 1 1 10 12 1 10 100 12 1 1 1 8 1 10 10 12 1 100 1 8 1 10 12 1 10 12 1 1 10 12 1 1 10 12 1 10 12 1 10 12 1 1 10 12 1 1 9 12 1 1 10 12 1 1 10 12 1 1 10 12 1 1 11 7 12 1 1 1 10 12 1 1 10 12 1 10 12 1 10 12 1 8 1 9 12 1 1 10 7 12 1 1 1 10 7 12 1 1 10 12 1 1 10 12 1 1 10 12 1 1 10 12 1 1 10 12 1 9 100 12 1 1 10 12 1 10 12 1 10 12 1 100 1 8 1 10 10 12 1 1 10 12 1 10 10 12 1 1 10 12 1 1 10 100 12 1 1 1 11 100 12 1 1 1 10 12 1 1 9 100 12 1 1 1 10 100 12 1 1 1 10 12 1 1 1 1 1 1 1 1 1 1 1 1 1 1 1 1 1 1 1 1 1 1 1 1 1 1 1 1 1 1 1 1 1 1 1 1 1 1 1 1 1 1 1 1 1 1 1 1 1 1 1 1 1 1 1 1 100 1 100 1 100 1 100 1 1 1 1 1 1 1 1 1 1 1 1 1 1 1 1 1 1 1 1 1 1 1 1 1 1 1 1 1 1 1 1 100 1 1
ciInstanceKlass jdk/internal/vm/ContinuationScope 0 0 50 10 100 12 1 1 1 10 100 12 1 1 1 100 1 9 100 12 1 1 1 10 12 1 1 10 100 12 1 1 1 10 12 1 1 10 12 1 1 1 1 1 1 1 1 1 1 1 1 1
ciInstanceKlass jdk/internal/vm/Continuation 1 1 551 9 7 12 1 1 1 9 12 1 9 12 1 9 12 1 100 1 100 1 10 12 1 1 8 1 10 12 1 1 10 12 1 10 12 1 1 10 12 1 9 7 12 1 1 1 11 100 12 1 1 1 10 100 1 9 12 1 1 9 12 1 1 10 8 1 10 12 1 9 12 1 1 10 11 12 1 1 100 1 10 100 12 1 1 1 10 12 1 1 10 12 1 10 12 1 1 11 12 1 1 9 12 1 1 10 12 1 1 18 12 1 1 10 100 12 1 1 1 100 1 10 12 1 11 100 12 1 1 1 10 12 1 9 12 1 10 12 1 1 100 1 8 1 10 12 1 10 12 1 1 9 12 1 1 11 12 1 1 9 12 1 1 8 1 10 11 12 1 1 11 12 1 1 10 12 1 1 10 12 1 1 9 12 1 10 12 1 10 10 12 1 8 1 10 12 1 8 1 8 1 10 7 12 1 1 1 10 100 12 1 1 1 10 12 1 9 12 1 11 12 1 100 1 10 12 1 10 12 1 1 9 12 1 1 100 1 10 12 1 1 9 12 1 1 10 12 1 10 12 1 11 100 12 1 1 10 7 1 10 12 1 8 1 10 12 1 1 9 12 1 1 10 7 12 1 1 8 1 8 1 8 1 8 1 10 12 1 1 10 12 1 10 12 1 10 12 1 10 12 1 1 10 12 1 1 8 1 9 12 1 10 12 1 1 9 12 1 1 10 12 1 1 9 12 1 8 1 10 100 12 1 1 1 10 12 1 8 1 100 1 8 1 10 9 12 1 1 8 1 10 100 12 1 1 10 100 12 1 1 8 1 8 1 10 12 10 12 1 1 10 100 1 10 100 12 1 1 1 18 11 100 12 1 1 1 18 12 1 11 12 1 1 100 1 10 7 12 1 1 10 12 1 1 8 10 12 1 1 10 7 12 1 1 1 10 7 12 1 1 10 12 1 8 1 10 12 1 100 1 100 1 10 12 1 1 1 1 1 1 1 1 1 1 1 1 1 1 1 1 1 1 1 1 1 1 1 1 1 1 1 1 1 1 1 1 1 1 1 1 1 1 1 1 1 1 1 1 1 1 1 1 1 1 1 1 1 1 1 1 1 1 1 1 1 1 1 1 1 1 1 1 1 1 1 1 1 1 1 1 100 1 1 16 1 15 10 12 16 15 11 100 12 1 1 1 16 1 16 1 15 10 12 16 15 10 100 12 1 1 1 1 1 1 1 1 100 1 100 1 1
staticfield jdk/internal/vm/Continuation U Ljdk/internal/misc/Unsafe; jdk/internal/misc/Unsafe
staticfield jdk/internal/vm/Continuation MOUNTED_OFFSET J 13
staticfield jdk/internal/vm/Continuation PRESERVE_SCOPED_VALUE_CACHE Z 1
staticfield jdk/internal/vm/Continuation JLA Ljdk/internal/access/JavaLangAccess; java/lang/System$1
staticfield jdk/internal/vm/Continuation $assertionsDisabled Z 1
ciInstanceKlass jdk/internal/vm/StackChunk 1 1 32 10 100 12 1 1 1 9 100 12 1 1 1 9 12 1 1 9 12 1 1 1 1 1 1 1 1 1 1 1 1 1
ciInstanceKlass jdk/internal/reflect/MethodAccessor 1 0 17 100 1 100 1 1 1 1 100 1 100 1 1 1 1 1 1
instanceKlass jdk/internal/reflect/DirectMethodHandleAccessor
ciInstanceKlass jdk/internal/reflect/MethodAccessorImpl 1 1 38 10 7 12 1 1 1 10 100 12 1 1 1 100 1 1 1 1 1 1 1 100 1 100 1 1 1 1 1 1 1 1 1 1 1 1 1 1
ciInstanceKlass jdk/internal/reflect/ConstantPool 1 1 142 10 100 12 1 1 1 9 7 12 1 1 1 10 12 1 1 10 12 1 1 10 12 1 10 12 1 1 10 12 1 1 10 12 1 10 12 1 1 10 12 1 10 12 1 1 10 12 1 10 12 1 10 12 1 10 12 1 1 10 12 1 1 10 12 1 1 10 12 1 1 10 12 1 10 12 1 1 10 100 12 1 1 1 8 11 7 12 1 1 1 10 7 12 1 1 1 1 1 1 1 1 1 1 1 1 1 1 1 1 1 1 1 1 1 1 1 1 1 1 1 1 1 1 1 1 1 1 1 1 1 1 1 1 1 1 1 1 1 1 1 1
ciInstanceKlass java/lang/annotation/Annotation 1 0 17 100 1 100 1 1 1 1 1 1 1 1 1 1 1 1 1
ciInstanceKlass jdk/internal/reflect/CallerSensitive 0 0 17 100 1 100 1 100 1 1 1 1 1 1 1 1 1 1 1
ciInstanceKlass jdk/internal/reflect/ConstructorAccessor 1 0 16 100 1 100 1 1 1 1 100 1 100 1 100 1 1 1
instanceKlass jdk/internal/reflect/DirectConstructorHandleAccessor
instanceKlass jdk/internal/reflect/DirectConstructorHandleAccessor$NativeAccessor
ciInstanceKlass jdk/internal/reflect/ConstructorAccessorImpl 1 1 27 10 7 12 1 1 1 100 1 100 1 1 1 1 1 1 1 1 1 100 1 100 1 100 1 1 1
ciInstanceKlass jdk/internal/reflect/DirectConstructorHandleAccessor$NativeAccessor 0 0 44 10 100 12 1 1 1 9 100 12 1 1 1 10 12 1 1 1 1 1 1 1 1 1 1 1 1 1 1 1 1 1 100 1 100 1 1 1 1 1 100 1 1 1
instanceKlass java/lang/invoke/DelegatingMethodHandle
instanceKlass java/lang/invoke/BoundMethodHandle
instanceKlass java/lang/invoke/DirectMethodHandle
ciInstanceKlass java/lang/invoke/MethodHandle 1 1 734 100 1 9 7 12 1 1 1 10 7 12 1 1 1 10 7 12 1 1 1 7 1 7 1 10 12 1 1 9 12 1 1 10 12 1 10 12 1 1 10 12 1 1 10 7 12 1 1 1 10 12 1 1 10 12 1 1 11 100 12 1 1 1 10 12 1 1 10 12 1 10 12 1 9 12 1 1 9 12 1 1 10 7 12 1 1 1 10 12 1 10 12 1 1 10 12 1 10 12 1 100 1 100 1 10 8 1 10 12 1 1 10 12 1 8 1 10 12 1 1 10 12 1 10 7 12 1 1 1 10 12 1 1 10 12 1 1 10 12 1 1 10 7 12 1 1 1 10 12 1 1 10 12 1 1 10 12 1 10 12 1 1 10 100 12 1 1 10 7 12 1 1 10 12 1 10 12 1 10 12 1 1 10 12 1 1 10 12 1 1 10 12 1 1 10 7 12 1 1 1 10 7 12 1 1 1 10 12 1 1 10 12 1 1 10 12 1 1 8 1 10 7 12 1 1 1 8 1 10 12 1 10 12 1 1 10 12 1 1 10 12 1 8 1 10 12 1 1 8 1 10 12 1 8 1 10 100 12 1 1 1 9 12 1 1 100 1 10 9 100 12 1 1 1 9 100 1 8 1 10 12 1 1 10 12 1 10 12 1 1 10 12 1 10 12 1 1 10 12 1 10 12 1 1 10 12 1 10 12 1 1 10 12 1 1 8 1 10 12 1 1 8 1 10 12 1 10 12 1 1 10 12 1 10 12 1 10 12 1 1 9 100 12 1 1 1 10 12 1 1 11 12 1 10 12 1 10 12 1 1 10 100 12 1 1 100 1 11 12 1 10 100 1 11 12 1 100 1 10 12 1 11 12 1 9 100 12 1 1 1 11 12 1 1 11 100 12 1 1 1 10 12 1 1 9 12 1 11 12 1 9 12 1 9 12 1 9 12 1 11 12 1 1 9 12 1 9 12 1 9 12 1 9 12 1 9 12 1 9 12 1 9 12 1 8 1 10 12 1 10 12 1 8 1 10 12 1 10 12 1 10 12 1 1 10 10 10 7 12 1 1 10 12 1 1 100 1 100 1 8 1 8 1 10 10 12 1 1 10 12 1 10 12 1 100 1 10 100 12 1 1 1 10 9 7 12 1 1 1 10 12 1 1 10 12 1 1 8 1 8 1 10 100 12 1 1 9 12 1 9 12 1 1 9 12 1 1 10 12 1 7 1 10 12 1 10 12 1 1 9 12 1 1 9 12 1 1 10 7 12 1 1 1 11 7 12 1 1 9 12 1 10 12 1 1 9 12 1 10 12 1 8 10 12 1 1 8 1 1 1 1 1 1 1 1 100 1 1 1 1 1 1 1 1 1 1 1 1 1 1 1 1 1 1 1 1 1 1 1 1 1 1 1 1 1 1 1 1 100 1 1 1 1 1 1 1 1 1 1 1 1 1 1 1 1 1 1 1 1 1 1 1 1 1 1 1 1 1 1 1 1 1 1 1 1 1 1 1 1 1 1 1 1 1 1 1 1 1 1 1 1 1 1 1 1 1 1 1 1 1 1 1 1 1 1 1 1 1 1 1 1 1 1 1 1 1 1 1 1 1 1 1 1 1 1 100 1 1 100 1 100 1 100 1 1 100 1 1 100 1 1 1 1
staticfield java/lang/invoke/MethodHandle FORM_OFFSET J 20
staticfield java/lang/invoke/MethodHandle UPDATE_OFFSET J 13
staticfield java/lang/invoke/MethodHandle $assertionsDisabled Z 1
instanceKlass java/lang/invoke/DirectMethodHandle$Special
instanceKlass java/lang/invoke/DirectMethodHandle$Interface
instanceKlass java/lang/invoke/DirectMethodHandle$Constructor
instanceKlass java/lang/invoke/DirectMethodHandle$Accessor
instanceKlass java/lang/invoke/DirectMethodHandle$StaticAccessor
ciInstanceKlass java/lang/invoke/DirectMethodHandle 1 1 929 7 1 100 1 7 1 7 1 10 7 12 1 1 1 10 7 12 1 1 1 100 1 10 12 1 10 12 1 1 10 7 12 1 1 10 12 1 1 10 12 1 10 12 1 7 1 10 12 1 1 10 12 1 1 10 12 1 10 12 1 1 10 7 12 1 1 1 10 12 1 9 7 12 1 1 1 100 1 10 9 12 1 1 9 12 1 10 12 1 10 12 1 10 12 1 1 10 12 1 10 12 1 10 12 1 10 7 12 1 1 1 10 12 1 10 12 1 1 8 1 10 12 1 1 7 1 10 12 1 7 1 10 10 12 1 10 12 1 10 12 1 10 7 12 1 1 1 10 12 1 1 7 1 10 12 1 10 12 1 7 1 10 12 1 10 12 1 1 10 12 1 1 10 12 8 10 7 12 1 1 1 10 12 1 10 12 1 10 12 1 1 10 12 1 9 7 12 1 1 1 7 1 10 12 1 10 7 12 1 1 1 10 12 1 10 12 1 1 9 12 1 1 7 1 10 8 1 10 12 1 1 10 12 1 1 8 1 10 12 1 10 12 1 10 10 12 1 10 12 1 10 12 1 10 12 1 10 12 1 1 10 12 1 10 12 1 10 12 1 1 10 10 7 12 1 1 1 10 12 1 10 12 1 1 10 12 1 10 12 1 1 8 1 9 7 12 1 1 1 8 1 9 12 1 9 12 1 8 1 9 12 1 9 12 1 8 1 9 12 1 9 12 1 8 1 10 12 1 10 12 1 1 10 7 12 1 1 1 10 12 1 10 12 1 1 9 12 1 1 7 1 10 12 1 1 100 1 10 7 12 1 1 1 10 12 1 1 10 12 1 1 7 1 10 12 1 1 10 12 1 10 12 1 1 7 1 10 12 1 1 10 12 1 10 12 1 10 12 1 1 10 12 1 9 12 1 1 10 7 1 9 12 1 10 12 1 7 1 7 1 7 1 10 7 12 1 1 1 9 12 1 1 10 7 12 1 1 1 10 7 12 1 1 10 12 10 12 1 7 1 10 12 1 10 12 1 1 8 1 9 12 1 9 12 1 10 12 1 1 9 12 1 1 10 7 12 1 1 1 9 12 1 1 9 12 1 1 10 12 1 10 12 1 10 12 1 10 12 1 1 10 12 1 9 12 1 9 12 1 10 12 1 10 12 1 10 12 1 10 12 1 1 10 12 1 1 9 12 1 1 10 12 1 1 9 7 12 1 1 1 9 12 1 9 12 1 9 12 1 9 12 1 9 12 1 9 12 1 9 12 1 9 12 1 9 12 1 9 12 1 9 12 1 9 12 1 9 12 1 9 12 1 9 12 1 9 12 1 9 12 1 9 12 1 9 12 1 9 12 1 9 12 1 9 12 1 9 12 1 9 12 1 100 1 10 12 1 8 1 8 1 8 1 8 1 8 1 8 1 8 1 8 1 8 1 10 12 1 10 12 1 8 1 8 1 8 1 9 12 1 1 9 12 1 1 10 12 1 10 12 1 1 10 12 1 1 9 7 1 10 12 1 10 12 10 12 1 10 12 1 10 12 1 10 8 1 8 1 8 1 8 1 10 12 1 1 9 12 1 1 10 12 1 10 100 12 1 1 1 8 9 12 1 1 10 12 1 1 8 1 8 8 9 12 1 8 1 8 8 8 8 8 1 8 10 12 1 7 1 10 12 1 8 1 8 1 10 12 1 10 12 1 10 12 1 9 12 1 10 12 1 1 7 1 1 1 1 3 1 3 1 3 1 3 1 3 1 3 1 3 1 3 1 1 1 1 1 1 1 1 1 1 3 1 3 1 3 1 1 3 1 3 1 1 1 1 1 1 1 1 1 1 1 1 1 1 1 1 1 1 1 1 1 1 1 1 1 1 1 1 1 1 1 1 1 1 1 1 1 1 1 1 1 1 1 1 1 1 1 1 1 1 1 1 1 1 1 1 1 1 1 1 1 1 100 1 1 1 1 1 1 1 1 1 100 1 1 1 1 1 1 1 1 1 1 1 1 1 1 1 1 1 1 1 1 1 1 1 1 1 1 1 1 1 1 1 1 1 1 1 1 1 1 1 1 1 1 1 1 1 1 1 1 1 1 1 1 1
staticfield java/lang/invoke/DirectMethodHandle IMPL_NAMES Ljava/lang/invoke/MemberName$Factory; java/lang/invoke/MemberName$Factory
staticfield java/lang/invoke/DirectMethodHandle FT_UNCHECKED_REF I 8
staticfield java/lang/invoke/DirectMethodHandle FT_CHECKED_REF I 9
staticfield java/lang/invoke/DirectMethodHandle ACCESSOR_FORMS [Ljava/lang/invoke/LambdaForm; 120 [Ljava/lang/invoke/LambdaForm;
staticfield java/lang/invoke/DirectMethodHandle ALL_WRAPPERS [Lsun/invoke/util/Wrapper; 10 [Lsun/invoke/util/Wrapper;
staticfield java/lang/invoke/DirectMethodHandle NFS [Ljava/lang/invoke/LambdaForm$NamedFunction; 12 [Ljava/lang/invoke/LambdaForm$NamedFunction;
staticfield java/lang/invoke/DirectMethodHandle OBJ_OBJ_TYPE Ljava/lang/invoke/MethodType; java/lang/invoke/MethodType
staticfield java/lang/invoke/DirectMethodHandle LONG_OBJ_TYPE Ljava/lang/invoke/MethodType; java/lang/invoke/MethodType
staticfield java/lang/invoke/DirectMethodHandle $assertionsDisabled Z 1
ciInstanceKlass java/lang/invoke/DirectMethodHandle$StaticAccessor 1 1 96 10 7 12 1 1 1 10 7 12 1 1 1 9 7 12 1 1 1 9 12 1 1 9 12 1 1 10 7 12 1 1 1 9 12 1 1 9 12 1 1 10 12 1 9 12 1 10 12 1 1 100 1 10 12 1 9 12 1 1 10 12 1 1 10 12 1 1 1 1 1 1 1 1 1 1 1 1 1 1 1 1 1 1 1 1 1 1 1 1 1 1 1 1 1 1
staticfield java/lang/invoke/DirectMethodHandle$StaticAccessor $assertionsDisabled Z 1
ciInstanceKlass java/lang/invoke/DirectMethodHandle$Accessor 1 1 93 10 7 12 1 1 1 10 7 12 1 1 1 9 7 12 1 1 1 9 12 1 1 10 7 12 1 1 1 9 12 1 1 9 12 1 1 10 12 1 9 12 1 10 12 1 1 100 1 10 12 1 9 12 1 1 10 12 1 1 10 12 1 1 1 1 1 1 1 1 1 1 1 1 1 1 1 1 1 1 1 1 1 1 1 1 1 1 1 1 1 1 1
staticfield java/lang/invoke/DirectMethodHandle$Accessor $assertionsDisabled Z 1
instanceKlass java/lang/invoke/VarHandleInts$Array
instanceKlass java/lang/invoke/LazyInitializingVarHandle
instanceKlass java/lang/invoke/VarHandleReferences$FieldStaticReadOnly
instanceKlass java/lang/invoke/VarHandleByteArrayAsDoubles$ByteArrayViewVarHandle
instanceKlass java/lang/invoke/VarHandleByteArrayAsFloats$ByteArrayViewVarHandle
instanceKlass java/lang/invoke/VarHandleByteArrayAsChars$ByteArrayViewVarHandle
instanceKlass java/lang/invoke/VarHandleByteArrayAsShorts$ByteArrayViewVarHandle
instanceKlass java/lang/invoke/IndirectVarHandle
instanceKlass java/lang/invoke/SegmentVarHandle
instanceKlass java/lang/invoke/VarHandleBooleans$FieldInstanceReadOnly
instanceKlass java/lang/invoke/VarHandleInts$FieldInstanceReadOnly
instanceKlass java/lang/invoke/VarHandleLongs$FieldInstanceReadOnly
instanceKlass java/lang/invoke/VarHandleReferences$FieldInstanceReadOnly
instanceKlass java/lang/invoke/VarHandleReferences$Array
instanceKlass java/lang/invoke/VarHandleByteArrayAsInts$ByteArrayViewVarHandle
instanceKlass java/lang/invoke/VarHandleByteArrayAsLongs$ByteArrayViewVarHandle
ciInstanceKlass java/lang/invoke/VarHandle 1 1 474 10 7 12 1 1 1 10 7 12 1 1 9 12 1 1 9 12 1 1 10 12 1 1 8 1 10 12 1 1 10 7 12 1 1 1 10 12 1 1 10 100 12 1 1 1 9 7 12 1 1 1 10 12 1 1 10 7 12 1 1 1 10 12 1 1 9 12 1 10 12 1 9 12 1 1 10 7 12 1 1 10 12 1 9 7 12 1 1 1 9 12 1 1 10 12 1 1 100 1 100 1 10 8 1 10 12 1 1 10 12 1 8 1 10 12 1 10 12 1 9 12 1 1 9 12 1 10 12 1 10 12 1 1 10 12 1 10 10 100 12 1 1 1 10 12 1 1 10 12 1 1 10 100 12 1 1 1 10 100 12 1 1 1 10 100 12 1 1 1 9 12 1 1 9 10 12 1 10 12 1 1 10 12 1 1 10 12 1 10 100 12 1 1 1 9 12 1 1 10 12 1 1 9 12 1 10 12 1 10 12 1 10 100 12 1 1 100 1 10 9 7 12 1 1 1 9 12 1 1 10 7 12 1 1 1 10 12 1 10 12 1 10 12 1 10 12 1 10 12 1 10 12 1 1 8 10 12 1 1 7 1 10 12 1 1 100 1 1 1 1 1 1 1 1 1 1 1 1 1 1 1 1 1 1 1 1 1 1 1 1 1 1 1 1 1 1 1 1 1 1 1 1 1 1 1 1 1 1 1 1 1 1 1 1 1 1 1 1 1 1 1 1 1 1 1 1 1 1 1 1 1 100 1 1 1 1 1 1 1 1 100 1 1 1 1 1 1 1 1 1 1 1 1 100 1 100 1 1 100 1 100 1 100 1 100 1 100 1 100 1 100 1 100 1 100 1 100 1 100 1 100 1 100 1 100 1 100 1 100 1 100 1 100 1 100 1 100 1 100 1 100 1 100 1 100 1 100 1 100 1 100 1 100 1 100 1 100 1 100 1 100 1 100 1 100 1 100 1 100 1 1 1 1 1 1 100 1 1 1 100 1 1 100 1 100 1 100 1 100 1 100 1 100 1 1 1 1 100 1 100 1 100 1 100 1 100 1 100 1 100 1 100 1
staticfield java/lang/invoke/VarHandle VFORM_OFFSET J 16
staticfield java/lang/invoke/VarHandle $assertionsDisabled Z 1
ciInstanceKlass java/lang/invoke/MemberName 1 1 730 7 1 7 1 100 1 9 12 1 1 10 7 12 1 1 1 9 12 1 1 10 12 1 1 10 12 1 1 10 12 1 1 10 12 1 10 12 1 1 10 7 12 1 1 1 10 12 1 9 7 12 1 1 10 12 1 100 1 7 1 10 12 1 8 1 10 12 1 1 10 12 1 10 12 1 1 10 12 1 9 12 1 1 8 1 10 100 12 1 1 1 7 1 10 10 12 1 1 7 1 7 1 10 12 1 9 12 1 1 100 1 8 1 10 12 1 10 12 1 10 12 1 10 12 1 10 12 1 1 10 12 1 10 12 1 10 12 1 1 8 1 8 1 10 12 1 8 1 9 12 1 1 3 10 12 1 10 12 1 10 12 1 10 10 7 12 1 1 1 10 12 1 10 12 1 10 12 1 10 12 1 7 1 8 10 12 1 1 10 12 1 1 8 1 9 100 1 8 9 100 1 10 12 1 1 10 12 1 10 12 1 8 1 10 12 1 1 10 12 1 10 12 1 10 12 1 10 12 1 1 100 1 10 12 1 1 10 12 1 8 1 10 12 1 10 12 1 8 1 10 12 1 1 10 12 1 1 7 1 10 12 1 1 10 12 8 1 8 1 100 1 10 12 1 10 100 12 1 1 1 100 1 10 12 10 12 1 10 12 1 10 12 1 10 12 1 10 10 12 1 10 12 1 10 12 1 3 10 12 1 3 10 12 1 3 3 3 3 3 3 10 12 1 3 9 12 1 10 12 1 1 3 10 12 1 10 10 7 12 1 1 1 10 12 1 1 10 7 12 1 1 10 10 12 1 10 12 1 1 10 12 1 10 10 12 1 1 10 12 1 10 12 1 10 12 1 100 1 10 10 10 12 100 1 10 10 10 12 1 1 10 12 1 1 10 10 12 1 8 10 7 1 10 12 1 10 7 1 10 12 1 10 12 1 10 12 1 10 10 12 1 10 12 1 1 10 12 1 1 10 12 1 10 12 1 10 12 1 100 1 10 12 1 1 100 1 8 1 10 7 1 10 12 1 10 12 10 12 1 1 10 12 1 10 12 1 8 1 8 1 8 1 8 1 10 12 1 10 12 1 10 7 12 1 1 1 8 1 8 1 10 12 1 8 1 10 10 10 12 1 10 12 1 8 1 8 1 10 10 12 1 8 1 10 7 12 1 1 1 8 1 7 1 10 12 1 10 12 1 1 10 12 1 8 1 8 1 8 1 8 1 7 1 10 8 1 8 1 8 1 8 1 10 12 1 7 1 100 1 7 1 10 100 1 10 7 1 10 7 12 1 1 1 9 7 12 1 1 1 100 1 100 1 1 1 1 1 1 1 3 1 3 1 3 1 3 1 3 1 3 1 1 1 1 1 1 1 1 3 1 3 1 1 1 1 1 1 1 1 1 1 1 1 1 1 1 1 1 1 1 1 1 1 1 1 100 1 1 1 1 1 1 1 1 1 1 1 1 1 1 1 1 1 1 1 1 1 1 1 1 1 1 1 1 1 1 1 1 1 1 1 1 1 1 1 1 1 1 1 1 1 1 1 1 1 1 1 1 1 1 1 1 1 1 1 1 1 1 1 1 1 1 1 1 1 1 1 1 1 1 1 1 100 1 1 1 1 1 1 1 1 1 1 1 1 1 1 1 1
staticfield java/lang/invoke/MemberName $assertionsDisabled Z 1
ciInstanceKlass java/lang/invoke/ResolvedMethodName 1 1 25 10 100 12 1 1 1 9 7 12 1 1 1 1 1 1 1 1 1 1 1 1 1 1 1
ciInstanceKlass java/lang/invoke/MethodHandleImpl 1 1 1424 10 7 12 1 1 1 7 1 10 7 12 1 1 1 10 7 12 1 1 1 100 1 10 8 1 10 12 1 1 10 12 1 10 12 1 1 10 7 12 1 1 1 9 100 12 1 1 1 10 100 12 1 1 1 100 1 10 12 1 1 10 12 1 1 10 12 1 1 10 7 12 1 1 1 9 7 12 1 1 1 10 7 12 1 1 1 100 1 10 9 12 1 1 9 12 1 10 12 1 1 10 12 1 10 12 1 1 10 12 1 1 10 12 1 1 8 1 8 1 10 12 1 1 10 12 1 1 10 12 1 1 10 12 1 1 10 12 1 10 12 1 1 10 7 12 1 1 1 10 12 1 7 1 10 7 12 1 1 1 10 12 1 1 10 12 1 1 11 7 12 1 1 1 11 7 12 1 1 11 12 1 1 7 1 11 12 1 10 12 1 1 10 12 1 1 11 12 1 10 7 12 1 1 10 12 1 1 10 7 12 1 1 10 12 1 10 12 1 1 10 7 12 1 1 1 10 7 12 1 1 1 10 12 1 1 10 12 1 1 9 7 12 1 1 1 10 10 12 1 1 10 12 1 1 10 10 12 1 1 10 12 1 1 10 7 12 1 1 1 10 12 1 1 10 12 1 10 12 1 10 7 12 1 1 1 10 7 12 1 1 1 10 12 1 1 10 12 1 10 12 1 10 12 1 10 12 1 1 10 12 1 10 12 1 1 10 12 1 10 12 1 8 1 100 1 10 12 1 10 12 1 1 10 12 1 10 12 1 1 10 12 1 1 7 1 10 12 1 100 1 8 1 10 12 1 10 100 12 1 1 1 8 1 10 12 1 10 7 12 1 1 1 100 1 9 7 1 10 12 1 1 10 12 1 1 9 12 1 10 12 1 1 10 7 12 1 1 10 12 1 1 10 12 1 1 10 12 1 10 12 1 7 1 10 12 1 1 9 12 1 1 10 12 1 9 7 12 1 1 1 11 7 12 1 1 7 1 9 12 1 7 1 10 12 1 10 12 1 1 7 1 10 12 1 1 10 12 1 1 10 7 12 1 1 1 10 12 1 1 10 12 1 10 12 1 1 10 12 1 10 12 1 1 10 12 1 7 1 9 7 12 1 1 1 10 12 1 10 12 1 9 7 12 1 1 1 10 12 1 1 10 12 1 1 10 12 1 10 100 12 1 1 10 100 12 1 1 1 9 12 1 10 12 1 9 12 10 12 1 10 12 1 10 12 1 10 12 1 1 10 12 1 10 12 1 1 10 12 1 10 12 1 1 10 12 1 1 10 12 1 1 10 12 1 10 12 1 10 12 1 1 10 12 1 10 7 12 1 1 10 12 1 10 100 12 1 1 8 1 10 8 1 100 1 10 9 12 1 100 1 10 12 1 8 1 10 10 12 1 10 10 12 1 1 10 12 1 1 10 12 1 10 12 1 100 1 8 1 10 12 1 10 100 12 1 1 1 10 12 1 1 10 12 1 10 12 1 7 1 10 12 1 10 12 1 10 12 1 1 7 1 10 12 1 10 100 12 1 1 10 12 1 9 12 1 10 12 1 1 10 12 1 1 100 1 10 10 12 1 8 1 8 1 9 12 1 8 1 8 1 8 1 9 12 1 10 12 1 1 9 12 1 1 10 12 1 8 1 9 7 1 10 12 1 1 10 12 1 8 1 8 1 8 1 100 1 100 1 8 8 1 8 1 100 1 8 1 100 1 10 12 1 7 1 10 10 7 12 1 1 1 10 12 1 10 12 10 12 1 10 12 1 11 100 12 1 1 1 18 12 1 11 100 12 1 1 1 18 18 12 1 11 12 1 1 10 12 1 1 10 12 1 10 12 1 11 12 1 9 12 1 9 12 10 10 12 1 1 9 12 1 1 11 12 1 1 18 12 1 1 11 12 1 1 11 12 1 1 10 12 1 11 100 1 10 12 1 10 12 1 10 12 1 9 12 1 9 12 10 12 1 10 100 12 1 1 1 10 12 1 10 12 1 1 10 12 1 10 12 9 12 1 1 10 12 1 10 12 1 1 9 12 1 9 12 1 10 12 1 10 12 1 1 10 12 1 100 1 10 12 1 9 12 1 1 11 100 1 9 12 1 9 12 11 12 1 9 12 1 10 12 10 12 1 1 10 12 1 1 9 7 12 1 1 10 12 1 10 12 1 10 12 1 1 100 1 10 12 1 10 12 1 1 100 1 10 12 1 1 10 12 1 1 100 1 10 12 1 1 10 12 1 1 10 12 1 10 12 1 10 12 1 9 12 1 10 12 1 10 12 1 1 9 7 12 1 1 1 8 10 12 1 1 8 1 10 12 1 8 1 8 1 8 1 8 1 8 1 8 1 100 1 8 1 8 1 10 12 1 9 12 1 10 12 1 1 1 1 1 3 1 1 3 1 3 1 3 1 3 1 3 1 3 1 3 1 3 1 1 1 1 1 1 1 1 1 3 1 3 1 1 1 1 1 1 1 1 1 1 1 1 1 1 1 1 1 1 1 1 1 1 1 1 1 1 1 1 1 1 1 1 1 1 1 1 1 1 1 1 1 1 1 1 1 1 1 1 1 1 1 1 1 1 1 1 1 1 1 1 1 1 1 1 1 1 1 1 1 1 1 1 1 1 1 1 1 1 1 1 1 1 1 1 1 1 1 1 1 1 1 1 1 1 1 1 1 1 1 1 1 1 1 100 1 1 1 1 1 1 1 1 1 1 1 1 1 1 1 1 1 1 1 1 1 1 1 1 1 1 1 1 1 1 1 1 1 1 1 1 1 1 1 1 1 1 1 1 1 1 1 1 1 1 1 1 1 1 1 1 1 1 1 1 1 1 1 1 1 1 1 1 1 1 1 1 1 1 1 1 1 1 1 1 1 1 1 1 1 1 1 1 1 1 1 1 1 1 1 1 1 1 1 1 1 1 1 1 1 1 1 1 1 1 1 1 1 1 1 1 1 1 1 1 1 1 1 1 1 1 1 1 1 1 1 1 1 1 1 1 1 1 1 1 1 1 1 1 1 1 1 1 1 1 1 1 1 1 1 1 1 1 1 1 1 1 1 1 1 1 1 1 1 100 1 100 1 100 1 100 1 100 1 100 1 100 1 1 16 15 10 12 16 15 16 16 1 15 10 12 16 16 15 10 12 16 15 10 100 12 1 1 1 1 1 1 1 1 1 1 1 1 1 1 1 1 1 1 1 1 1 1 1 1
staticfield java/lang/invoke/MethodHandleImpl ARRAYS [Ljava/lang/invoke/MethodHandle; 256 [Ljava/lang/invoke/MethodHandle;
staticfield java/lang/invoke/MethodHandleImpl NFS [Ljava/lang/invoke/LambdaForm$NamedFunction; 7 [Ljava/lang/invoke/LambdaForm$NamedFunction;
staticfield java/lang/invoke/MethodHandleImpl HANDLES [Ljava/lang/invoke/MethodHandle; 9 [Ljava/lang/invoke/MethodHandle;
staticfield java/lang/invoke/MethodHandleImpl $assertionsDisabled Z 1
ciInstanceKlass java/lang/invoke/MethodHandleNatives 1 1 689 100 1 10 7 12 1 1 1 9 7 12 1 1 1 10 12 1 1 100 1 10 10 12 1 1 10 12 1 10 12 1 8 1 8 1 8 1 8 1 8 1 8 1 8 1 8 1 8 1 8 1 10 12 1 1 7 1 10 7 12 1 1 1 10 100 12 1 1 1 7 1 10 10 12 1 1 8 1 10 12 1 8 1 10 12 1 1 8 1 10 12 1 1 9 100 12 1 1 1 8 1 10 100 12 1 1 1 100 1 10 12 100 1 100 1 8 1 7 1 10 10 12 1 7 1 9 7 12 1 1 10 12 1 1 10 12 1 10 7 12 1 1 1 10 12 1 1 9 12 1 8 1 10 12 1 1 10 12 1 8 1 10 12 1 1 7 1 10 12 1 10 7 12 1 1 1 10 12 1 10 12 1 1 10 12 1 1 8 1 10 12 1 1 8 1 10 12 1 8 1 8 1 8 1 100 1 10 12 1 8 1 10 100 12 1 1 1 10 12 1 1 10 100 12 1 1 10 10 12 1 1 10 12 1 10 100 12 1 1 1 100 1 8 1 10 100 12 1 1 1 7 1 8 1 10 12 1 8 1 8 1 8 1 8 1 8 1 10 12 1 1 10 12 1 1 10 12 1 10 12 1 1 10 12 1 1 7 1 10 12 1 100 1 100 1 10 12 1 10 12 1 8 1 8 1 10 10 12 1 1 10 12 1 1 8 1 10 100 12 1 1 8 1 8 1 10 12 1 1 10 7 12 1 1 1 100 1 10 12 1 1 7 1 9 12 1 1 10 7 12 1 1 1 10 10 12 1 9 12 1 10 12 1 9 12 1 9 12 1 10 12 1 1 10 12 1 10 12 1 1 7 1 7 1 10 12 1 1 10 12 1 10 12 1 1 10 7 12 1 1 1 10 12 1 8 1 10 12 1 10 12 1 10 12 1 1 10 12 1 10 7 12 1 1 1 10 12 1 1 100 1 8 1 10 9 7 12 1 1 1 10 12 1 1 10 12 1 1 100 1 10 12 1 1 10 12 1 1 100 1 100 1 10 10 100 1 100 1 10 100 1 10 10 12 1 1 10 100 1 10 12 1 10 12 1 1 10 12 1 1 10 12 1 1 10 12 1 10 12 1 1 10 8 1 10 12 1 10 12 1 10 12 1 10 12 1 10 12 1 1 10 12 1 10 12 1 10 12 1 10 10 7 12 1 1 10 12 1 1 1 1 1 1 1 1 1 1 1 1 1 100 1 1 1 1 1 1 1 1 1 1 1 1 1 1 1 1 1 1 1 1 1 1 1 1 1 1 1 1 1 1 1 1 1 1 1 1 1 1 1 1 1 1 1 1 1 1 1 1 1 1 1 1 1 1 1 1 1 1 1 1 1 1 1 100 1 1 1 1 1 1 1 1 1 1 1 1 1 1 1 1 1 1 1 1 1 1 1 1 1 1 1 1 1 1 1 1 1 1 1 100 1 1 1 1 1 1 1 1 1 1 1 1 1 1 1 1 1 1 1 1 1 1 1 1 1 1 1 1 1 1 1 1 1 1 100 1 1
staticfield java/lang/invoke/MethodHandleNatives $assertionsDisabled Z 1
ciInstanceKlass java/lang/invoke/LambdaForm 1 1 1030 7 1 100 1 10 7 12 1 1 1 9 12 1 1 9 12 1 9 12 1 9 12 1 1 9 12 1 1 9 12 1 1 9 12 1 1 9 12 1 1 9 12 1 10 7 12 1 1 9 12 1 10 12 1 1 100 1 10 10 12 1 1 10 12 1 10 12 1 10 12 1 1 10 12 1 9 12 1 9 12 1 10 12 1 1 9 7 12 1 1 1 9 7 12 1 1 9 12 1 1 10 12 1 9 12 1 10 100 12 1 1 1 10 12 1 1 100 1 10 12 1 1 9 7 12 1 1 1 10 100 12 1 1 1 10 12 1 10 12 1 1 100 1 10 12 1 10 12 1 10 12 1 1 10 12 1 1 10 12 1 10 12 1 10 12 1 10 12 1 10 12 1 1 8 1 10 12 1 10 12 1 10 10 12 1 8 1 8 1 9 12 1 9 12 1 1 10 12 1 1 9 12 1 1 10 7 12 1 1 1 10 12 1 1 10 12 1 10 12 1 1 10 12 1 7 1 10 12 1 10 100 12 1 1 1 9 12 1 10 12 1 8 1 8 1 8 1 8 1 8 1 8 1 8 1 8 1 10 12 1 9 12 1 7 1 10 12 1 1 9 12 1 1 10 12 1 1 10 12 1 1 10 12 10 12 1 10 12 1 1 10 12 1 1 10 12 1 1 10 10 12 1 1 10 12 1 1 100 1 8 1 10 12 1 1 10 12 1 10 12 1 1 10 8 1 10 12 1 1 8 1 8 1 8 1 10 12 1 10 12 1 10 12 1 1 10 100 12 1 1 1 10 7 12 1 1 1 10 12 1 1 9 12 1 1 8 1 10 100 12 1 1 1 10 7 12 1 1 10 12 1 10 12 1 1 10 12 1 1 9 12 1 8 10 12 1 1 100 1 10 12 1 1 10 12 1 9 7 12 1 1 9 100 12 1 1 1 8 1 10 100 12 1 1 10 12 1 1 100 1 100 1 10 10 12 1 1 10 12 1 1 8 1 8 1 100 1 8 1 10 12 10 12 1 10 12 1 10 12 1 10 12 1 1 9 100 12 1 1 10 12 1 8 1 8 1 10 12 1 10 12 1 1 8 1 8 1 8 1 100 1 8 1 100 1 8 1 100 1 8 1 10 12 1 8 1 9 10 100 12 1 1 1 10 12 1 9 12 1 1 10 12 1 10 10 12 1 10 12 1 10 12 1 10 12 1 1 10 12 1 10 12 1 1 10 12 1 1 10 12 1 1 10 12 1 1 8 1 100 10 12 1 10 12 1 9 12 1 1 10 7 12 1 1 8 1 8 1 100 1 8 1 8 1 8 1 8 1 8 1 8 1 8 1 8 1 10 12 1 1 10 12 1 1 10 12 1 10 12 1 10 12 1 10 12 1 8 1 8 1 8 1 10 12 1 8 1 10 12 1 8 1 8 1 8 1 8 1 8 1 10 12 1 10 12 1 10 12 1 1 10 7 12 1 1 1 10 12 1 10 12 1 10 12 1 10 12 1 10 12 1 9 12 1 1 8 1 10 12 1 1 9 12 1 9 12 1 1 10 12 1 1 9 12 1 1 9 12 1 10 12 1 1 9 12 1 1 7 1 10 7 12 1 1 1 9 7 12 1 1 1 10 7 12 1 1 1 10 12 1 1 10 12 1 1 10 12 1 9 12 1 10 12 1 9 12 1 10 12 1 10 12 1 8 1 10 12 1 9 12 1 1 100 1 10 100 12 1 1 1 100 1 10 12 1 9 12 1 10 12 1 10 12 1 10 12 1 1 10 12 1 9 100 12 1 1 10 12 1 1 10 12 1 10 12 1 9 12 1 9 9 12 1 7 9 12 1 1 10 12 1 1 9 12 1 10 12 1 10 7 1 9 1 1 1 1 3 1 3 1 1 3 1 3 1 1 1 1 1 1 1 1 1 1 1 1 1 1 1 1 1 1 1 1 1 1 1 1 1 1 1 1 1 1 1 1 1 1 1 1 1 1 1 1 1 1 1 1 1 100 1 1 1 1 1 1 1 1 1 1 1 1 1 1 1 1 1 1 1 1 1 1 1 1 1 1 1 1 1 1 1 1 1 1 1 1 1 1 1 1 1 1 1 1 1 1 1 1 1 1 1 1 1 1 1 1 1 1 1 1 1 1 1 1 1 1 1 100 1 1 1 1 1 1 1 1 1 1 1 1 1 1 1 1 1 1 1 1 1 1 1 1 1 1 1 1 1 1 1 1 1 1 1 1 100 1 1 1 1 1 1 1 1 1 1 1 1 1 1 100 1 1 1 100 1 1 100 1 1 1 1 1 1 1 1 1 1 1 1
staticfield java/lang/invoke/LambdaForm DEFAULT_CUSTOMIZED Ljava/lang/invoke/MethodHandle; 
staticfield java/lang/invoke/LambdaForm DEFAULT_KIND Ljava/lang/invoke/LambdaForm$Kind; java/lang/invoke/LambdaForm$Kind
staticfield java/lang/invoke/LambdaForm COMPILE_THRESHOLD I 0
staticfield java/lang/invoke/LambdaForm INTERNED_ARGUMENTS [[Ljava/lang/invoke/LambdaForm$Name; 5 [[Ljava/lang/invoke/LambdaForm$Name;
staticfield java/lang/invoke/LambdaForm IMPL_NAMES Ljava/lang/invoke/MemberName$Factory; java/lang/invoke/MemberName$Factory
staticfield java/lang/invoke/LambdaForm LF_identity [Ljava/lang/invoke/LambdaForm; 6 [Ljava/lang/invoke/LambdaForm;
staticfield java/lang/invoke/LambdaForm NF_identity [Ljava/lang/invoke/LambdaForm$NamedFunction; 6 [Ljava/lang/invoke/LambdaForm$NamedFunction;
staticfield java/lang/invoke/LambdaForm LF_constant [Ljava/lang/invoke/LambdaForm; 5 [Ljava/lang/invoke/LambdaForm;
staticfield java/lang/invoke/LambdaForm createIdentityFormLock Ljava/lang/Object; java/lang/Object
staticfield java/lang/invoke/LambdaForm DEBUG_NAME_COUNTERS Ljava/util/HashMap; 
staticfield java/lang/invoke/LambdaForm DEBUG_NAMES Ljava/util/HashMap; 
staticfield java/lang/invoke/LambdaForm TRACE_INTERPRETER Z 0
staticfield java/lang/invoke/LambdaForm $assertionsDisabled Z 1
ciInstanceKlass java/lang/invoke/TypeDescriptor$OfMethod 1 0 43 100 1 100 1 100 1 1 1 1 1 1 1 1 1 1 1 1 1 1 1 1 1 1 1 1 1 1 1 1 1 1 1 1 1 1 1 1 1 1 100 1 1
ciInstanceKlass java/lang/invoke/MethodType 1 1 724 7 1 10 7 12 1 1 1 9 12 1 1 9 12 1 1 9 12 1 1 10 7 12 1 1 1 9 7 12 1 1 8 1 10 100 12 1 1 1 9 7 1 9 7 1 10 12 1 1 7 1 10 8 1 10 12 1 1 10 12 1 10 12 1 1 100 1 8 1 10 12 1 100 1 10 10 12 1 10 12 1 1 10 12 1 1 11 7 12 1 1 1 9 12 1 11 12 1 1 7 10 12 1 1 10 12 1 1 7 1 7 1 10 7 12 1 1 1 10 12 1 10 12 1 9 12 1 1 10 7 12 1 1 10 12 1 1 10 7 12 1 1 1 10 7 12 1 1 1 10 12 1 9 12 1 1 10 12 1 1 10 12 1 1 10 12 1 1 10 12 1 1 10 12 1 1 10 12 1 10 12 1 10 12 1 1 10 12 1 8 1 8 1 10 12 1 1 9 12 1 1 100 1 10 10 12 1 1 10 12 1 10 12 1 1 10 12 1 1 10 12 1 10 12 1 10 12 1 8 1 10 12 1 1 10 100 12 1 1 1 10 12 1 10 12 1 1 10 12 1 10 12 1 10 12 1 1 10 12 1 10 12 1 9 12 1 10 12 1 10 10 12 1 1 10 12 1 9 12 1 1 10 12 1 1 11 12 1 1 10 12 1 1 10 12 1 10 12 1 7 1 8 1 8 1 8 1 10 12 1 10 12 1 10 12 1 1 10 10 12 1 11 12 1 1 11 12 1 10 100 12 1 1 1 9 12 1 10 12 1 10 12 1 1 10 12 1 1 10 12 1 10 12 1 10 100 12 1 1 1 10 12 1 1 10 12 1 10 12 1 10 12 1 10 9 12 1 1 7 1 10 12 1 10 7 12 1 1 1 10 12 1 1 10 7 12 1 1 1 10 12 1 1 8 1 10 7 12 1 1 1 11 12 1 1 9 12 1 1 10 12 1 1 10 12 1 10 12 1 1 10 12 1 1 10 7 12 1 1 10 12 1 10 12 7 1 11 7 12 1 1 10 12 1 11 12 1 10 100 12 1 1 10 12 1 1 10 12 1 1 9 12 1 1 9 100 12 1 1 1 10 100 12 1 1 1 9 12 1 10 100 12 1 1 10 12 1 100 10 12 1 10 12 1 1 10 12 1 7 1 10 10 12 1 1 7 1 7 1 9 12 1 1 100 1 100 1 100 1 1 1 5 0 1 1 1 1 1 1 1 3 1 3 1 3 1 1 1 1 1 1 1 1 1 1 1 1 1 1 1 1 1 1 1 1 1 1 1 1 1 1 1 1 1 1 1 1 1 1 1 1 1 1 1 1 1 1 1 1 1 1 1 1 1 1 1 1 1 1 1 1 1 1 1 1 1 1 1 1 1 1 1 1 1 1 1 1 1 1 1 1 1 1 1 1 1 1 1 1 1 1 1 1 1 1 1 1 1 1 1 1 1 1 1 1 1 1 1 1 1 1 1 1 1 1 1 1 1 1 1 1 1 1 1 1 1 1 1 1 1 1 1 1 100 1 100 1 1 1 1 1 1 1 1 1 1 1 1 1 100 1 1 1 1 100 1 1 1 100 1 1 1 1 1 1 1 1 1 1 1 1 1 1 1 1 1 1 100 1 1 100 1 1
staticfield java/lang/invoke/MethodType internTable Ljdk/internal/util/ReferencedKeySet; jdk/internal/util/ReferencedKeySet
staticfield java/lang/invoke/MethodType NO_PTYPES [Ljava/lang/Class; 0 [Ljava/lang/Class;
staticfield java/lang/invoke/MethodType objectOnlyTypes [Ljava/lang/invoke/MethodType; 20 [Ljava/lang/invoke/MethodType;
staticfield java/lang/invoke/MethodType METHOD_HANDLE_ARRAY [Ljava/lang/Class; 1 [Ljava/lang/Class;
staticfield java/lang/invoke/MethodType serialPersistentFields [Ljava/io/ObjectStreamField; 0 [Ljava/io/ObjectStreamField;
staticfield java/lang/invoke/MethodType $assertionsDisabled Z 1
ciInstanceKlass java/lang/BootstrapMethodError 0 0 45 10 100 12 1 1 1 10 12 1 10 12 1 10 100 12 1 1 1 10 100 12 1 1 1 1 1 1 5 0 1 1 1 1 1 1 1 1 1 1 1 100 1 1 1
instanceKlass java/lang/invoke/VolatileCallSite
instanceKlass java/lang/invoke/MutableCallSite
instanceKlass java/lang/invoke/ConstantCallSite
ciInstanceKlass java/lang/invoke/CallSite 1 1 297 10 7 12 1 1 1 10 7 12 1 1 1 9 12 1 1 10 7 12 1 1 1 10 12 1 100 1 10 12 1 1 10 12 1 1 9 100 12 1 1 1 10 100 12 1 1 10 12 1 1 100 1 100 1 10 10 100 12 1 1 1 10 12 1 1 8 1 10 12 1 10 12 1 1 10 12 1 10 12 1 1 10 12 1 1 10 10 100 12 1 1 10 12 1 1 9 12 1 9 100 12 1 1 1 8 1 10 7 12 1 1 1 10 12 1 1 100 1 10 12 1 1 9 12 1 8 1 100 1 10 12 1 10 12 1 100 1 8 1 10 10 12 1 10 12 1 1 100 1 10 12 1 1 10 12 1 10 12 1 10 12 1 1 10 12 1 1 9 12 1 1 8 10 12 1 1 9 12 1 1 100 1 10 10 12 1 10 100 12 1 1 1 10 12 1 1 10 12 1 1 10 12 1 10 7 12 1 1 1 100 1 8 1 10 10 12 10 12 1 1 100 1 100 1 100 1 8 1 10 12 1 10 7 12 1 1 1 1 1 1 1 1 1 1 1 1 1 1 1 1 1 1 1 1 1 1 1 1 1 1 1 1 1 1 1 1 1 1 1 1 1 1 1 1 1 1 1 1 1 1 1 1 1 1 1 1 1 1 1 1 100 1 100 1 1 1
staticfield java/lang/invoke/CallSite $assertionsDisabled Z 1
ciInstanceKlass jdk/internal/foreign/abi/NativeEntryPoint 0 0 223 10 100 12 1 1 1 9 100 12 1 1 1 9 12 1 1 100 1 8 1 10 12 1 10 12 1 1 100 1 10 100 12 1 1 1 10 12 1 9 12 1 1 18 12 1 1 10 100 12 1 1 1 9 100 12 1 1 1 8 1 10 12 1 1 8 1 8 1 8 1 8 1 10 100 12 1 1 1 100 1 10 10 12 1 1 8 1 10 12 1 8 1 10 12 1 10 12 1 1 10 12 1 1 100 1 8 1 10 12 1 10 12 1 1 100 1 8 1 10 10 12 1 9 12 1 1 18 12 1 1 10 100 12 1 1 1 10 12 1 1 10 12 1 10 100 12 1 1 1 10 1 1 1 1 1 1 1 1 1 1 1 1 1 1 1 1 1 1 1 1 1 1 1 1 1 1 1 1 1 1 1 1 1 1 1 1 1 1 1 1 1 1 1 1 16 1 15 10 12 16 1 16 15 10 12 15 10 100 12 1 1 1 1 1 100 1 1 100 1 100 1 1
ciInstanceKlass jdk/internal/foreign/abi/ABIDescriptor 0 0 55 10 100 12 1 1 1 9 100 12 1 1 1 9 12 1 1 9 12 1 9 12 1 9 12 1 1 9 12 1 9 12 1 1 9 12 1 9 12 1 9 12 1 9 12 1 1 1 1 1 1 1 1 1 1
ciInstanceKlass jdk/internal/foreign/abi/VMStorage 0 0 111 10 100 12 1 1 1 9 100 12 1 1 1 9 12 1 1 9 12 1 1 9 12 1 1 100 1 10 8 1 10 12 1 1 10 12 1 10 12 1 1 10 12 1 100 1 10 100 12 1 1 1 10 100 12 1 1 10 100 12 1 1 10 100 12 1 1 1 18 12 1 1 1 1 1 1 1 1 1 1 1 1 1 1 1 1 1 1 1 1 1 1 8 1 15 15 15 15 15 10 100 12 1 1 1 1 100 1 100 1 1
ciInstanceKlass jdk/internal/foreign/abi/UpcallLinker$CallRegs 0 0 66 10 100 12 1 1 1 9 100 12 1 1 1 9 12 1 18 12 1 1 18 12 1 1 18 12 1 1 1 1 1 1 1 1 1 1 1 1 1 1 1 1 1 1 100 1 1 1 8 1 15 15 15 10 100 12 1 1 1 1 1 100 1 100 1 1
ciInstanceKlass java/lang/invoke/ConstantCallSite 1 1 65 10 7 12 1 1 1 9 7 12 1 1 1 9 12 1 1 10 7 12 1 1 1 10 12 1 100 1 10 12 9 12 1 1 100 1 10 10 12 1 1 10 12 1 1 1 1 1 1 1 1 1 1 1 1 1 100 1 1 1 1 1 1 1 1
staticfield java/lang/invoke/ConstantCallSite UNSAFE Ljdk/internal/misc/Unsafe; jdk/internal/misc/Unsafe
ciInstanceKlass java/lang/invoke/MutableCallSite 0 0 61 10 100 12 1 1 1 10 12 1 9 100 12 1 1 1 10 12 1 10 12 1 1 9 100 12 1 1 1 10 100 12 1 1 1 10 100 12 1 1 1 1 1 1 1 1 1 1 1 1 1 1 1 1 1 1 1 1 100 1 1
ciInstanceKlass java/lang/invoke/VolatileCallSite 0 0 37 10 100 12 1 1 1 10 12 1 10 100 12 1 1 1 10 12 1 10 12 1 1 1 1 1 1 1 1 1 1 1 1 1 1 1 1
ciInstanceKlass java/lang/AssertionStatusDirectives 0 0 24 10 100 12 1 1 1 100 1 1 1 1 1 1 1 1 1 1 1 1 1 1 1 1
ciInstanceKlass java/lang/Appendable 1 0 14 100 1 100 1 1 1 1 100 1 1 1 1 1
instanceKlass java/lang/StringBuilder
instanceKlass java/lang/StringBuffer
ciInstanceKlass java/lang/AbstractStringBuilder 1 1 662 7 1 10 7 12 1 1 1 9 7 12 1 1 1 9 12 1 9 12 1 1 9 12 1 1 10 7 12 1 1 1 10 12 1 1 100 1 3 3 10 12 1 10 12 1 1 10 12 1 1 11 7 1 100 1 100 1 10 8 1 10 12 1 10 12 1 10 12 1 1 10 12 1 10 12 1 9 12 1 10 12 1 9 12 1 1 10 7 12 1 1 1 10 10 12 1 10 12 1 10 12 1 1 9 12 1 100 1 8 1 10 12 1 10 12 1 1 8 1 10 7 12 1 1 1 10 12 1 1 8 1 10 7 12 1 1 1 100 1 8 1 10 100 1 10 12 1 10 12 1 1 10 7 12 1 1 1 10 12 1 1 10 12 1 1 10 12 1 1 10 12 1 1 10 7 12 1 1 1 10 12 1 100 1 10 10 7 12 1 1 1 9 12 1 1 9 12 1 10 12 1 1 10 10 12 1 1 10 12 1 1 10 12 1 1 10 12 1 1 10 12 1 1 10 12 1 1 10 12 1 1 10 12 1 10 10 10 12 1 10 12 1 1 10 8 1 10 12 1 1 10 12 1 10 12 1 10 12 1 10 10 7 12 1 1 1 10 12 1 1 10 12 1 10 12 1 10 12 1 10 12 100 1 9 12 1 1 9 12 1 10 12 1 1 100 1 9 12 1 9 12 10 12 1 10 12 1 1 10 12 1 1 10 12 1 10 12 1 1 10 12 1 10 12 1 1 10 12 1 1 10 10 7 12 1 1 1 10 12 1 10 12 1 10 12 1 1 10 12 1 10 12 1 1 10 12 1 10 12 1 10 12 1 10 12 1 10 12 1 10 12 1 10 12 1 10 12 1 1 10 12 1 10 12 1 10 12 10 12 1 1 18 12 1 1 100 1 10 100 12 1 1 1 18 10 12 1 1 10 12 1 1 10 12 1 10 12 1 10 12 1 1 10 12 1 10 12 1 1 11 12 1 1 10 12 1 10 12 1 1 10 12 1 10 12 1 10 12 1 10 5 0 10 100 1 8 1 10 10 12 1 1 10 100 12 1 1 1 10 12 1 10 12 1 1 100 1 10 12 100 1 10 100 1 10 10 7 12 1 1 100 1 1 1 1 1 1 1 1 1 1 1 100 1 1 1 1 1 1 1 1 1 1 1 1 1 1 1 1 1 1 1 1 1 1 1 1 1 1 1 1 1 1 1 1 1 1 1 1 1 1 1 1 1 1 1 1 1 1 1 1 1 1 1 1 100 1 1 1 1 1 1 1 1 1 1 1 1 1 1 1 1 1 1 1 1 1 1 1 1 1 1 1 1 1 1 1 1 1 1 1 1 1 1 1 1 1 1 1 1 1 1 1 1 1 1 1 1 1 1 1 1 1 1 1 1 1 1 1 100 1 1 1 1 1 1 100 1 1 1 1 1 1 100 1 1 16 1 15 10 12 16 15 10 12 15 10 100 12 1 1 1 1 1 1 1 100 1 100 1 1
staticfield java/lang/AbstractStringBuilder EMPTYVALUE [B 0
staticfield java/lang/AbstractStringBuilder $assertionsDisabled Z 1
ciInstanceKlass java/lang/StringBuffer 1 1 487 10 7 12 1 1 1 10 12 1 10 12 1 10 12 1 1 9 7 12 1 1 1 10 12 1 1 10 12 1 10 12 1 1 9 12 1 1 10 12 1 10 12 1 1 10 12 1 1 10 12 1 10 12 1 1 10 12 1 10 12 1 1 10 12 1 1 10 7 12 1 1 1 10 12 1 1 10 12 1 10 12 1 10 12 1 10 12 1 10 12 1 10 12 1 10 12 1 10 12 1 10 12 1 10 12 1 10 12 1 10 12 1 10 12 1 10 12 1 1 10 12 1 10 12 1 1 10 12 1 1 10 10 12 1 1 10 12 1 10 12 1 10 12 1 10 12 1 10 12 1 10 12 1 10 12 10 12 1 10 12 1 10 12 1 10 12 1 1 10 12 1 10 12 1 10 10 12 1 1 10 12 1 10 12 1 10 12 1 8 1 10 12 1 10 10 100 12 1 1 1 10 10 12 1 1 9 12 1 1 10 100 12 1 1 10 100 1 8 10 100 12 1 1 1 8 10 12 1 8 1 10 12 1 10 12 1 10 100 12 1 1 1 10 100 12 1 1 1 7 1 10 12 100 1 8 1 10 10 12 1 1 10 12 1 1 10 12 1 10 12 1 10 12 1 1 10 12 1 10 12 1 10 12 1 10 12 1 10 12 1 10 12 10 12 1 10 12 1 10 12 1 10 12 1 10 12 1 10 12 1 10 12 1 10 12 1 10 12 1 10 12 1 10 12 10 12 10 12 1 10 12 1 10 12 1 10 12 10 12 1 10 12 1 10 12 1 10 12 1 10 12 1 10 12 1 10 12 1 10 12 1 10 12 1 10 12 1 10 12 1 7 1 10 12 1 9 7 12 1 1 1 9 7 1 9 12 1 1 100 1 100 1 100 1 100 1 1 1 1 5 0 1 1 1 1 1 1 1 1 1 1 1 1 1 1 1 1 1 1 1 1 1 1 1 1 1 1 1 1 1 1 1 1 1 1 1 1 1 1 1 1 1 1 1 1 1 1 1 1 1 1 1 1 1 1 1 1 1 1 1 1 100 1 1 1 1 1 100 1 1 1 1 1 1 1 1 1 1 1 1 1 1 1 1 1 1
staticfield java/lang/StringBuffer serialPersistentFields [Ljava/io/ObjectStreamField; 3 [Ljava/io/ObjectStreamField;
ciInstanceKlass java/lang/StringBuilder 1 1 425 10 7 12 1 1 1 10 12 1 10 12 1 10 12 1 1 10 7 12 1 1 1 10 7 12 1 1 1 10 12 1 10 12 1 10 12 1 10 12 1 10 12 1 10 12 1 10 12 1 10 12 1 10 12 1 10 12 1 10 12 1 10 12 1 10 12 1 10 12 1 1 10 12 1 10 12 1 1 10 12 1 1 10 12 1 10 12 1 10 12 1 10 12 1 10 12 1 10 12 1 10 12 1 10 12 10 12 1 10 12 1 10 12 1 10 12 1 1 10 12 1 10 12 1 10 12 10 12 1 1 10 12 1 10 12 1 10 12 1 1 8 1 10 12 1 10 100 12 1 1 1 9 12 1 1 10 12 1 10 12 1 10 12 1 1 9 12 1 1 10 100 12 1 1 1 10 100 1 10 12 1 1 10 100 12 1 1 10 12 1 10 12 1 1 100 1 100 1 8 1 10 10 12 1 1 10 12 1 10 12 1 10 12 1 1 10 12 1 10 12 1 10 12 1 10 12 1 10 12 1 10 12 10 12 1 10 12 1 10 12 1 10 12 1 10 12 1 10 12 1 10 12 1 10 12 1 10 12 1 1 10 12 1 1 10 12 1 10 12 1 10 12 1 10 12 10 12 10 12 1 10 12 1 10 12 1 10 12 10 12 1 10 12 1 10 12 1 10 12 1 10 12 1 10 12 1 10 12 1 10 12 1 10 12 1 1 10 12 1 10 12 1 1 10 12 1 10 12 1 1 10 12 1 10 12 1 1 10 12 1 10 12 1 10 12 1 10 10 10 12 1 100 1 100 1 100 1 100 1 1 1 1 5 0 1 1 1 1 1 1 1 1 1 1 1 1 1 1 1 1 1 1 1 1 1 1 1 1 1 1 1 1 1 1 1 1 1 1 1 1 1 1 1 1 1 1 1 1 100 1 1 1 100 1 1 1 1 1 1 1 1 1 1 1
ciInstanceKlass jdk/internal/misc/UnsafeConstants 1 1 34 10 100 12 1 1 1 9 7 12 1 1 1 9 12 1 9 12 1 1 9 12 1 9 12 1 1 1 1 1 1 1 1 1
staticfield jdk/internal/misc/UnsafeConstants ADDRESS_SIZE0 I 8
staticfield jdk/internal/misc/UnsafeConstants PAGE_SIZE I 4096
staticfield jdk/internal/misc/UnsafeConstants BIG_ENDIAN Z 0
staticfield jdk/internal/misc/UnsafeConstants UNALIGNED_ACCESS Z 1
staticfield jdk/internal/misc/UnsafeConstants DATA_CACHE_LINE_FLUSH_SIZE I 0
ciInstanceKlass jdk/internal/misc/Unsafe 1 1 1248 10 7 12 1 1 1 10 7 12 1 1 9 12 1 1 9 12 1 1 10 12 1 1 10 100 12 1 1 1 10 12 1 1 10 12 1 1 10 12 1 1 10 12 1 1 10 12 1 1 10 12 1 1 10 12 1 1 10 12 1 1 10 12 1 1 10 12 1 1 10 12 1 1 10 12 1 1 10 12 1 1 10 12 1 10 12 1 100 1 10 10 12 1 1 10 12 1 1 5 0 10 12 1 1 10 12 1 1 10 7 12 1 1 1 10 12 1 1 10 12 1 10 12 1 10 12 1 1 10 12 1 1 10 12 1 10 12 1 100 1 100 1 10 8 1 10 12 1 1 10 12 1 8 1 10 12 1 1 10 12 1 10 12 1 10 12 1 1 10 12 1 10 12 1 1 10 12 1 1 10 12 1 10 12 1 10 12 1 10 12 1 1 10 12 1 10 12 1 10 12 1 1 10 12 1 5 0 5 0 5 0 10 12 1 10 12 1 10 12 1 10 12 1 10 12 1 10 12 1 10 12 1 10 12 1 10 12 1 1 10 12 1 10 12 1 100 1 8 1 10 100 1 10 10 12 1 1 10 12 1 1 10 12 1 10 12 1 1 10 12 1 1 10 12 1 10 12 1 1 10 12 1 9 7 12 1 1 9 12 1 100 1 10 10 12 1 1 8 1 10 8 1 8 1 10 12 1 1 9 7 12 1 1 1 9 100 1 9 100 1 9 7 1 9 9 100 1 9 7 1 9 100 1 10 12 1 1 10 12 1 1 10 12 1 1 10 12 1 1 5 0 5 0 9 12 1 1 10 12 1 10 12 1 10 12 1 1 10 12 1 1 10 12 1 8 1 3 10 12 1 1 10 12 1 1 10 12 1 10 12 1 1 10 12 1 1 10 12 1 10 12 1 10 12 1 10 12 1 10 12 1 10 12 1 1 10 12 1 1 10 12 1 10 12 1 10 12 1 10 12 1 10 12 1 10 12 1 1 10 12 1 1 10 12 1 10 12 1 10 12 1 10 12 1 10 12 1 10 12 1 1 10 12 1 1 10 12 1 1 10 12 1 1 10 12 1 10 12 1 10 12 1 10 12 1 10 12 1 10 12 1 10 12 1 1 10 12 1 1 10 12 1 10 12 1 10 12 1 10 12 1 10 12 1 10 12 1 10 12 1 1 10 12 1 1 10 12 1 10 12 1 10 12 1 10 12 1 10 12 1 10 12 1 10 12 1 10 12 1 1 10 12 1 10 12 1 10 12 1 10 12 1 10 12 1 1 10 12 1 10 12 1 10 12 1 10 12 1 10 12 1 10 12 1 10 12 1 10 12 1 1 10 12 1 10 12 1 10 12 1 10 12 1 10 12 1 10 12 1 1 10 12 1 10 12 1 10 12 1 1 10 12 1 10 12 1 10 12 1 10 12 1 10 12 1 10 12 1 10 12 1 10 12 1 10 12 1 10 12 1 10 12 1 10 12 1 10 12 1 10 12 1 10 12 1 10 12 1 10 12 1 10 12 1 10 12 1 10 12 1 10 12 1 10 12 1 10 12 1 100 1 10 100 1 10 9 12 1 5 0 10 12 1 1 5 0 10 12 1 5 0 10 12 1 10 12 1 10 12 1 1 10 12 1 1 10 12 1 10 12 1 10 12 1 10 12 1 1 10 12 1 10 12 1 10 12 1 10 12 1 10 12 1 1 10 12 1 10 12 1 10 12 1 10 12 1 1 10 12 1 10 12 1 10 12 1 1 10 12 1 10 12 1 10 12 1 10 12 1 1 10 12 1 10 10 12 1 1 10 12 1 10 12 1 1 10 12 1 10 12 5 0 5 0 5 0 10 12 1 1 10 12 1 10 12 1 10 12 10 100 12 1 1 8 1 100 1 11 12 1 1 8 1 11 12 1 1 10 100 12 1 1 10 12 1 10 7 1 10 12 1 1 9 12 1 1 7 1 9 12 1 7 1 9 12 1 7 1 9 12 1 7 1 9 12 1 7 1 9 12 1 7 1 9 12 1 7 1 9 12 1 7 1 9 12 1 10 12 1 9 12 1 9 12 1 9 12 1 9 12 1 9 12 1 9 12 1 9 12 1 9 12 1 9 12 1 9 12 1 1 1 5 0 1 1 1 1 1 1 1 1 1 1 1 1 1 1 1 1 1 1 1 1 1 1 1 1 1 1 1 1 1 1 1 1 1 1 1 1 1 1 1 1 1 1 1 1 1 1 1 1 1 1 1 1 1 1 1 1 1 1 1 1 1 1 1 1 1 1 1 1 1 1 1 1 1 1 1 1 1 1 1 1 1 1 1 1 1 1 1 1 1 1 100 1 1 1 1 1 1 1 1 1 1 1 1 1 1 1 1 1 1 1 1 1 1 1 1 1 1 1 1 1 1 1 1 1 1 1 1 1 1 1 1 1 1 1 1 1 1 1 1 1 1 1 1 1 1 1 1 1 1 1 1 1 1 1 1 1 1 1 1 1 1 1 1 1 1 1 1 1 1 1 1 1 1 1 1 1 1 1 1 1 1 1 1 1 1 1 1 1 1 1 1 1 1 1 1 1 1 1 1 1 1 1 1 1 1 1 1 1 1 1 1 1 1 1 1 1 1 1 1 1 1 1 1 1 1 1 1 1 1 1 1 1 1 1 1 1 1 1 1 1 1 1 1 1 1 1 1 1 1 1 1 1 1 1 1 1 1 1 1 1 1 1 1 1 1 1 1 1 1 1 1 1 1 1 1 1 1 1 1 1 1 1 1 1 1 1 1 1 1 1 1 1 1 1 1 1 1 1 1 1 1 1 1 1
staticfield jdk/internal/misc/Unsafe theUnsafe Ljdk/internal/misc/Unsafe; jdk/internal/misc/Unsafe
staticfield jdk/internal/misc/Unsafe ARRAY_BOOLEAN_BASE_OFFSET J 16
staticfield jdk/internal/misc/Unsafe ARRAY_BYTE_BASE_OFFSET J 16
staticfield jdk/internal/misc/Unsafe ARRAY_SHORT_BASE_OFFSET J 16
staticfield jdk/internal/misc/Unsafe ARRAY_CHAR_BASE_OFFSET J 16
staticfield jdk/internal/misc/Unsafe ARRAY_INT_BASE_OFFSET J 16
staticfield jdk/internal/misc/Unsafe ARRAY_LONG_BASE_OFFSET J 16
staticfield jdk/internal/misc/Unsafe ARRAY_FLOAT_BASE_OFFSET J 16
staticfield jdk/internal/misc/Unsafe ARRAY_DOUBLE_BASE_OFFSET J 16
staticfield jdk/internal/misc/Unsafe ARRAY_OBJECT_BASE_OFFSET J 16
staticfield jdk/internal/misc/Unsafe ARRAY_BOOLEAN_INDEX_SCALE I 1
staticfield jdk/internal/misc/Unsafe ARRAY_BYTE_INDEX_SCALE I 1
staticfield jdk/internal/misc/Unsafe ARRAY_SHORT_INDEX_SCALE I 2
staticfield jdk/internal/misc/Unsafe ARRAY_CHAR_INDEX_SCALE I 2
staticfield jdk/internal/misc/Unsafe ARRAY_INT_INDEX_SCALE I 4
staticfield jdk/internal/misc/Unsafe ARRAY_LONG_INDEX_SCALE I 8
staticfield jdk/internal/misc/Unsafe ARRAY_FLOAT_INDEX_SCALE I 4
staticfield jdk/internal/misc/Unsafe ARRAY_DOUBLE_INDEX_SCALE I 8
staticfield jdk/internal/misc/Unsafe ARRAY_OBJECT_INDEX_SCALE I 4
staticfield jdk/internal/misc/Unsafe ADDRESS_SIZE I 8
ciInstanceKlass jdk/internal/module/Modules 1 1 481 10 100 12 1 1 1 9 7 12 1 1 1 11 7 12 1 1 1 11 12 1 1 11 12 1 1 11 12 1 1 11 12 1 11 12 1 11 12 1 11 12 1 11 12 1 11 12 1 1 10 100 12 1 1 1 10 12 1 1 10 100 12 1 1 10 100 12 1 1 1 10 100 12 1 1 10 12 1 1 11 12 1 9 12 1 1 11 7 12 1 1 1 10 12 1 1 10 10 12 1 10 100 1 9 12 1 1 10 100 12 1 1 10 12 1 1 10 100 12 1 1 1 100 1 11 100 12 1 1 1 10 100 12 1 1 1 11 100 12 1 1 10 12 1 1 10 100 12 1 1 10 100 12 1 1 1 10 12 1 1 10 12 1 1 11 12 1 1 18 12 1 1 11 100 12 1 1 10 100 12 1 1 1 11 100 12 1 1 1 100 1 11 12 1 1 11 100 12 1 1 1 11 12 1 1 10 12 1 1 10 100 12 1 1 18 12 1 1 11 12 1 1 18 12 1 1 11 12 1 1 10 12 1 18 18 10 12 1 1 9 12 1 1 11 100 12 1 1 1 100 1 10 11 12 1 11 12 1 1 10 100 1 10 12 1 1 10 100 12 1 1 10 12 1 1 11 12 10 12 1 1 100 1 10 18 12 1 10 12 1 1 100 1 8 1 10 12 1 10 100 12 1 1 18 12 1 11 11 12 10 12 1 10 10 100 1 18 12 1 10 10 10 7 12 1 1 10 7 12 1 1 1 10 12 1 1 1 1 1 1 1 1 1 1 1 1 1 1 1 1 1 1 1 1 1 1 1 1 1 1 1 1 1 1 1 1 1 1 1 1 1 1 1 1 1 1 1 1 1 1 1 1 1 1 1 1 1 1 1 1 1 1 1 1 1 1 1 1 100 1 1 1 1 1 1 1 1 1 1 1 1 1 1 1 1 1 1 1 1 1 1 1 16 15 10 12 1 16 1 16 1 15 10 12 1 16 1 16 1 15 10 12 16 1 15 10 16 1 15 10 12 16 1 16 15 10 12 16 15 10 12 16 15 10 12 15 10 100 12 1 1 1 1 1 1 100 1 100 1 1
staticfield jdk/internal/module/Modules JLA Ljdk/internal/access/JavaLangAccess; java/lang/System$1
staticfield jdk/internal/module/Modules JLMA Ljdk/internal/access/JavaLangModuleAccess; java/lang/module/ModuleDescriptor$1
staticfield jdk/internal/module/Modules $assertionsDisabled Z 1
ciInstanceKlass java/lang/AutoCloseable 1 0 12 100 1 100 1 1 1 1 100 1 1 1
ciInstanceKlass java/io/Closeable 1 0 14 100 1 100 1 100 1 1 1 1 100 1 1 1
instanceKlass com/intellij/openapi/vfs/impl/ZipHandlerBase$InputStreamWrapper
instanceKlass com/intellij/util/io/keyStorage/AppendableStorageBackedByResizableMappedFile$4
instanceKlass com/intellij/util/io/ReplicatorInputStream
instanceKlass com/fasterxml/jackson/core/io/MergedStream
instanceKlass com/intellij/util/io/UnsyncByteArrayInputStream
instanceKlass com/fasterxml/aalto/in/MergedStream
instanceKlass sun/nio/ch/ChannelInputStream
instanceKlass com/intellij/util/lang/DirectByteBufferBackedInputStream
instanceKlass java/util/zip/ZipFile$ZipFileInputStream
instanceKlass java/io/FilterInputStream
instanceKlass java/io/FileInputStream
instanceKlass java/io/ByteArrayInputStream
ciInstanceKlass java/io/InputStream 1 1 197 100 1 10 7 12 1 1 1 100 1 10 10 7 12 1 1 1 10 100 12 1 1 1 10 12 1 100 1 100 1 3 10 12 1 1 100 1 8 1 10 12 1 10 7 12 1 1 1 3 100 1 8 1 10 10 7 12 1 1 1 100 1 10 11 100 12 1 1 1 10 12 1 1 11 12 1 1 11 100 12 1 1 1 11 12 1 1 100 1 10 100 12 1 1 1 5 0 10 12 1 10 12 1 1 100 1 10 8 1 10 8 1 8 1 10 12 1 1 10 100 12 1 1 1 100 1 5 0 10 12 1 100 1 100 1 1 1 1 3 1 3 1 1 1 1 1 1 1 1 1 1 1 1 1 1 1 1 1 1 1 1 1 1 1 1 1 1 1 1 1 1 1 1 1 1 1 1 1 1 1 1 1 1 1 1 1 1 1 1 1 1 1 1 1 1 1
ciInstanceKlass java/io/ByteArrayInputStream 1 1 135 10 7 12 1 1 1 9 7 12 1 1 1 9 12 1 1 9 12 1 9 12 1 10 7 12 1 1 1 10 7 12 1 1 1 10 7 12 1 1 1 10 7 12 1 1 1 10 12 1 1 10 100 12 1 1 1 100 1 100 1 100 1 3 10 100 1 10 100 12 1 1 1 9 12 1 1 100 1 10 10 7 12 1 1 1 1 1 1 1 1 1 1 1 1 1 1 1 1 1 1 1 1 1 1 1 1 1 1 1 1 1 1 1 1 1 1 1 100 1 100 1 1 1 1 1 1 1 1 1 1 1 1 1 1
staticfield java/io/ByteArrayInputStream $assertionsDisabled Z 1
ciInstanceKlass java/net/URL 1 1 736 10 7 12 1 1 1 10 12 1 10 7 12 1 1 9 12 1 1 9 12 1 10 12 1 1 9 12 1 1 10 7 12 1 1 1 8 1 10 12 1 1 100 1 10 10 12 1 1 8 1 10 12 1 1 9 12 1 100 1 8 1 10 12 1 10 12 1 8 1 9 12 1 10 12 1 1 9 12 1 10 12 1 10 12 1 9 12 1 9 12 1 8 1 9 12 1 10 12 1 1 8 1 9 12 1 1 10 12 1 1 10 7 12 1 1 1 8 1 10 12 1 7 1 10 12 1 10 12 1 10 12 1 10 12 1 1 10 12 1 1 8 1 10 12 1 1 10 12 1 8 1 9 12 1 8 1 10 12 1 10 7 12 1 1 1 100 1 10 12 1 10 12 1 1 10 7 12 1 1 1 100 1 8 1 10 10 12 1 8 1 10 12 1 1 10 12 1 10 12 1 10 12 1 10 12 1 10 12 1 10 12 1 8 1 10 12 1 8 1 10 10 100 1 10 10 12 1 8 1 10 7 12 1 1 1 10 12 1 9 12 1 1 10 12 1 10 100 12 1 1 1 100 1 10 12 1 10 12 1 10 12 1 10 12 1 10 12 1 10 12 10 10 12 1 8 1 100 1 10 100 12 1 1 1 10 12 1 1 10 12 1 10 12 1 1 8 1 9 100 12 1 1 1 10 100 12 1 1 1 10 12 1 10 12 1 10 7 12 1 1 1 10 12 1 1 10 12 1 9 12 1 1 9 12 1 1 100 1 8 1 10 9 12 1 1 10 7 12 1 1 8 1 10 7 12 1 1 8 1 10 12 1 1 10 12 1 8 1 8 1 10 7 12 1 1 1 100 1 10 7 12 1 1 1 10 12 1 10 12 1 9 7 12 1 1 1 10 7 12 1 1 10 12 1 1 10 12 1 8 1 100 1 10 100 12 1 1 1 10 12 1 1 11 100 12 1 1 11 12 1 10 12 1 10 12 1 8 9 100 12 1 1 1 10 12 1 1 10 12 1 10 12 1 1 10 7 12 1 1 11 7 1 10 12 1 10 12 1 9 12 1 10 12 1 1 10 100 12 1 1 10 100 12 1 1 1 8 10 100 12 1 1 100 1 10 8 8 10 12 1 8 8 8 100 1 10 12 1 9 12 1 1 10 12 1 10 12 1 1 10 12 1 10 12 10 12 1 1 10 12 1 1 10 10 10 12 1 10 12 1 10 12 1 10 12 1 10 12 1 10 10 12 1 100 1 8 1 10 10 10 12 1 1 10 12 1 10 12 1 1 8 1 7 1 10 10 7 1 10 12 1 9 7 12 1 1 1 9 12 1 1 7 1 10 10 7 12 1 1 1 100 1 1 1 1 1 5 0 1 1 1 1 1 1 1 1 1 1 1 1 1 1 1 1 1 1 1 1 1 1 1 1 1 1 1 1 1 1 1 1 1 1 1 1 1 1 1 1 1 1 1 1 1 1 100 1 1 1 1 1 1 1 1 1 1 1 1 1 1 1 1 1 1 1 1 1 1 1 1 1 1 1 1 1 1 1 1 1 1 1 1 100 1 1 1 1 1 1 1 1 1 1 1 1 1 1 1 1 1 1 1 1 1 1 1 100 1 1 1 1 1 1 1 1 1 1 1 1 1 1 1 1 1 1 1
staticfield java/net/URL defaultFactory Ljava/net/URLStreamHandlerFactory; java/net/URL$DefaultFactory
staticfield java/net/URL handlers Ljava/util/Hashtable; java/util/Hashtable
staticfield java/net/URL streamHandlerLock Ljava/lang/Object; java/lang/Object
staticfield java/net/URL serialPersistentFields [Ljava/io/ObjectStreamField; 7 [Ljava/io/ObjectStreamField;
instanceKlass com/intellij/openapi/wm/impl/IdeBackgroundUtil$Anchor
instanceKlass com/intellij/openapi/wm/impl/IdeBackgroundUtil$Fill
instanceKlass sun/security/ssl/CipherType
instanceKlass sun/security/ssl/SSLCipher
instanceKlass sun/security/ssl/CipherSuite
instanceKlass io/opentelemetry/sdk/metrics/data/AggregationTemporality
instanceKlass io/opentelemetry/sdk/common/export/MemoryMode
instanceKlass java/security/CryptoPrimitive
instanceKlass sun/security/ssl/SSLScope
instanceKlass sun/security/util/DisabledAlgorithmConstraints$Constraint$Operator
instanceKlass sun/security/ssl/ProtocolVersion
instanceKlass io/opentelemetry/sdk/metrics/InstrumentValueType
instanceKlass com/intellij/diagnostic/JitWatcher$CompilerState
instanceKlass com/intellij/configurationStore/TypeMarker
instanceKlass com/intellij/ide/ui/MainMenuDisplayMode
instanceKlass org/jdom/output/Format$TextMode
instanceKlass io/opentelemetry/sdk/trace/RandomIdGenerator
instanceKlass io/opentelemetry/sdk/trace/samplers/AlwaysOffSampler
instanceKlass com/intellij/ide/ui/ColorBlindness
instanceKlass com/intellij/ide/ui/UIDensity
instanceKlass io/opentelemetry/sdk/trace/samplers/AlwaysOnSampler
instanceKlass com/intellij/ide/ui/NavBarLocation
instanceKlass com/intellij/internal/statistic/utils/PluginType
instanceKlass io/opentelemetry/sdk/metrics/internal/debug/NoSourceInfo
instanceKlass com/intellij/GetPolicy
instanceKlass com/intellij/l10n/LocalizationOrder
instanceKlass io/opentelemetry/sdk/metrics/InstrumentType
instanceKlass com/github/benmanes/caffeine/cache/DisabledScheduler
instanceKlass com/github/benmanes/caffeine/cache/SystemTicker
instanceKlass com/intellij/util/ui/UnixDesktopEnv
instanceKlass com/github/benmanes/caffeine/cache/SingletonWeigher
instanceKlass com/fasterxml/jackson/core/StreamReadFeature
instanceKlass java/util/Comparators$NaturalOrderComparator
instanceKlass com/intellij/diagnostic/logs/DebugLogLevel
instanceKlass java/math/RoundingMode
instanceKlass org/jdom/AttributeType
instanceKlass com/intellij/ide/ui/TargetUIType
instanceKlass org/jdom/Content$CType
instanceKlass com/intellij/util/LineSeparator
instanceKlass com/intellij/openapi/components/StateStorageChooserEx$Resolution
instanceKlass com/intellij/openapi/components/StateStorageOperation
instanceKlass com/intellij/configurationStore/StateLoadPolicy
instanceKlass com/intellij/ide/ProcessCloseConfirmation
instanceKlass com/fasterxml/jackson/core/JsonToken
instanceKlass com/intellij/openapi/components/RoamingType
instanceKlass com/intellij/openapi/components/SettingsCategory
instanceKlass com/intellij/ide/ui/AntialiasingType
instanceKlass com/intellij/util/messages/Topic$BroadcastDirection
instanceKlass com/fasterxml/jackson/core/StreamReadCapability
instanceKlass com/fasterxml/jackson/core/JsonEncoding
instanceKlass sun/util/locale/provider/LocaleProviderAdapter$Type
instanceKlass java/text/MessageFormat$FormatStyle
instanceKlass java/text/MessageFormat$FormatType
instanceKlass com/intellij/util/xmlb/annotations/Property$Style
instanceKlass org/apache/commons/imaging/ImageFormats
instanceKlass com/intellij/util/ThreeState
instanceKlass com/intellij/util/indexing/hints/FileTypeSubstitutionStrategy
instanceKlass com/fasterxml/jackson/core/JsonGenerator$Feature
instanceKlass com/fasterxml/jackson/core/JsonParser$Feature
instanceKlass com/fasterxml/jackson/core/JsonFactory$Feature
instanceKlass io/opentelemetry/api/common/AttributeType
instanceKlass com/intellij/openapi/components/Service$Level
instanceKlass com/intellij/openapi/client/ClientType
instanceKlass java/lang/StackStreamFactory$WalkerState
instanceKlass java/lang/StackWalker$ExtendedOption
instanceKlass com/intellij/ide/plugins/PluginModuleVisibilityCheckOption
instanceKlass jdk/internal/classfile/impl/SignaturesImpl$UnboundedTypeArgImpl
instanceKlass java/lang/classfile/Signature$TypeArg$Bounded$WildcardIndicator
instanceKlass com/intellij/codeWithMe/ClientId$AbsenceBehavior
instanceKlass java/lang/invoke/MethodHandles$Lookup$ClassOption
instanceKlass com/intellij/util/text/VersionComparatorUtil$VersionTokenType
instanceKlass java/lang/classfile/attribute/StackMapFrameInfo$SimpleVerificationTypeInfo
instanceKlass java/lang/reflect/ProxyGenerator$PrimitiveTypeInfo
instanceKlass java/lang/classfile/ClassFile$StackMapsOption
instanceKlass java/awt/Dialog$ModalExclusionType
instanceKlass java/awt/Dialog$ModalityType
instanceKlass java/awt/Window$Type
instanceKlass com/jetbrains/Extensions
instanceKlass com/intellij/ide/plugins/PluginCpuArchRequirement
instanceKlass com/intellij/ide/plugins/IdeaPluginOsRequirement
instanceKlass com/intellij/openapi/client/ClientKind
instanceKlass kotlinx/serialization/json/internal/WriteMode
instanceKlass java/nio/file/attribute/PosixFilePermission
instanceKlass com/intellij/openapi/extensions/ExtensionDescriptor$Os
instanceKlass com/intellij/util/PathUtilRt$Platform
instanceKlass java/time/DayOfWeek
instanceKlass com/intellij/ide/plugins/ModuleVisibility
instanceKlass java/time/format/TextStyle
instanceKlass java/time/format/DateTimeFormatterBuilder$SettingsParser
instanceKlass java/time/format/ResolverStyle
instanceKlass java/time/format/SignStyle
instanceKlass java/time/temporal/JulianFields$Field
instanceKlass java/time/temporal/IsoFields$Unit
instanceKlass java/time/temporal/IsoFields$Field
instanceKlass com/intellij/openapi/components/ServiceDescriptor$PreloadMode
instanceKlass com/intellij/ide/plugins/ModuleLoadingRule
instanceKlass com/intellij/platform/pluginSystem/parser/impl/elements/OSValue
instanceKlass com/intellij/platform/pluginSystem/parser/impl/elements/ClientKindValue
instanceKlass com/intellij/platform/pluginSystem/parser/impl/elements/PreloadModeValue
instanceKlass com/intellij/platform/pluginSystem/parser/impl/elements/ModuleLoadingRuleValue
instanceKlass com/intellij/platform/pluginSystem/parser/impl/elements/ActionElement$ActionElementName
instanceKlass com/intellij/platform/pluginSystem/parser/impl/elements/ModuleVisibilityValue
instanceKlass com/intellij/serviceContainer/ComponentManagerImpl$ContainerState
instanceKlass kotlinx/serialization/json/ClassDiscriminatorMode
instanceKlass java/security/DrbgParameters$Capability
instanceKlass com/sun/java/swing/plaf/windows/TMSchema$Control
instanceKlass com/sun/java/swing/plaf/windows/TMSchema$Part
instanceKlass sun/java2d/SunGraphicsEnvironment$LogDisplay
instanceKlass kotlin/time/DurationUnit
instanceKlass fleet/multiplatform/shims/DispatcherPriority
instanceKlass com/intellij/openapi/application/impl/NonBlockingFlushQueue$WriteIntentLockMode
instanceKlass kotlin/reflect/jvm/internal/impl/resolve/jvm/JvmPrimitiveType
instanceKlass kotlin/reflect/jvm/internal/impl/builtins/PrimitiveType
instanceKlass java/io/JbExtendedOpenOptions
instanceKlass kotlinx/coroutines/channels/BufferOverflow
instanceKlass com/intellij/openapi/keymap/impl/KeyState
instanceKlass jdk/internal/foreign/layout/AbstractGroupLayout$Kind
instanceKlass java/awt/EventFilter$FilterAction
instanceKlass com/intellij/util/system/CpuArch
instanceKlass com/jetbrains/rhizomedb/Cardinality
instanceKlass com/jetbrains/rhizomedb/Indexing
instanceKlass sun/awt/AppContext$State
instanceKlass com/jetbrains/rhizomedb/RefFlags
instanceKlass java/awt/desktop/UserSessionEvent$Reason
instanceKlass sun/font/EAttribute
instanceKlass java/security/Provider$OPType
instanceKlass java/util/Locale$Category
instanceKlass sun/awt/OSInfo$OSType
instanceKlass jdk/internal/util/OperatingSystem
instanceKlass sun/java2d/StateTrackable$State
instanceKlass java/time/temporal/ChronoUnit
instanceKlass java/time/temporal/ChronoField
instanceKlass java/lang/annotation/RetentionPolicy
instanceKlass java/lang/annotation/ElementType
instanceKlass sun/security/util/KnownOIDs
instanceKlass java/security/Security$SecPropLoader$LoadingMode
instanceKlass sun/util/logging/PlatformLogger$Level
instanceKlass java/lang/System$Logger$Level
instanceKlass jdk/internal/logger/BootstrapLogger$LoggingBackend
instanceKlass java/net/StandardProtocolFamily
instanceKlass java/util/stream/MatchOps$MatchKind
instanceKlass com/intellij/diagnostic/ActivityCategory
instanceKlass com/intellij/openapi/diagnostic/LogLevel
instanceKlass java/lang/StackWalker$Option
instanceKlass com/intellij/diagnostic/LoadingState
instanceKlass kotlinx/coroutines/scheduling/CoroutineScheduler$WorkerState
instanceKlass kotlin/coroutines/intrinsics/CoroutineSingletons
instanceKlass kotlinx/coroutines/CoroutineStart
instanceKlass kotlin/LazyThreadSafetyMode
instanceKlass java/util/regex/Pattern$Qtype
instanceKlass com/intellij/util/system/OS
instanceKlass java/nio/file/AccessMode
instanceKlass com/intellij/idea/CommandType
instanceKlass com/intellij/util/lang/JarLoader$Attribute
instanceKlass java/lang/invoke/MethodHandleImpl$ArrayAccess
instanceKlass jdk/internal/vm/Continuation$Pinned
instanceKlass java/util/concurrent/TimeUnit
instanceKlass java/nio/file/LinkOption
instanceKlass sun/nio/fs/WindowsPathType
instanceKlass java/nio/file/StandardOpenOption
instanceKlass jdk/jfr/internal/LogLevel
instanceKlass jdk/jfr/internal/LogTag
instanceKlass java/util/stream/Collector$Characteristics
instanceKlass java/util/stream/StreamShape
instanceKlass java/lang/classfile/Opcode$Kind
instanceKlass java/lang/classfile/Opcode
instanceKlass java/lang/invoke/VarHandle$AccessType
instanceKlass java/lang/invoke/VarHandle$AccessMode
instanceKlass java/lang/invoke/MethodHandleImpl$Intrinsic
instanceKlass java/lang/classfile/AttributeMapper$AttributeStability
instanceKlass jdk/internal/classfile/impl/AbstractPoolEntry$Utf8EntryImpl$State
instanceKlass java/lang/classfile/TypeKind
instanceKlass java/lang/invoke/LambdaForm$BasicType
instanceKlass java/lang/invoke/LambdaForm$Kind
instanceKlass java/lang/constant/DirectMethodHandleDesc$Kind
instanceKlass sun/invoke/util/Wrapper
instanceKlass java/util/stream/StreamOpFlag$Type
instanceKlass java/util/stream/StreamOpFlag
instanceKlass java/io/File$PathStatus
instanceKlass java/lang/module/ModuleDescriptor$Modifier
instanceKlass java/lang/reflect/AccessFlag$Location
instanceKlass java/lang/reflect/AccessFlag
instanceKlass java/lang/module/ModuleDescriptor$Requires$Modifier
instanceKlass jdk/internal/module/ModuleBootstrap$IllegalNativeAccess
instanceKlass com/jetbrains/internal/IoOverNio$Debug
instanceKlass java/lang/reflect/ClassFileFormatVersion
instanceKlass java/lang/Thread$State
ciInstanceKlass java/lang/Enum 1 1 204 9 7 12 1 1 1 9 12 1 1 10 7 12 1 1 1 9 12 1 10 7 12 1 1 1 100 1 10 10 12 1 1 10 12 1 100 1 10 10 7 12 1 1 10 12 1 1 18 12 1 1 10 100 12 1 1 1 10 12 1 1 11 7 12 1 1 1 100 1 8 1 10 12 1 100 1 100 1 10 8 1 10 12 1 1 10 12 1 1 8 1 10 12 1 10 100 1 8 1 10 10 12 1 1 10 100 12 1 1 1 100 1 100 1 100 1 1 1 1 1 1 1 1 1 1 1 1 1 1 1 1 1 1 1 1 1 1 1 1 1 1 1 1 1 1 1 1 1 1 1 1 1 1 1 1 1 1 1 1 1 1 1 3 1 1 1 1 100 1 100 1 1 100 1 1 1 1 1 1 1 1 1 1 1 16 15 10 12 16 15 10 100 12 1 1 1 1 1 100 1 100 1 1
ciInstanceKlass java/util/jar/Manifest 0 0 320 10 100 12 1 1 1 100 1 10 9 100 12 1 1 1 100 1 10 9 12 1 1 9 12 1 1 10 12 1 10 12 1 1 10 12 1 1 10 12 1 1 10 12 1 1 11 100 1 11 12 1 1 10 12 1 1 10 100 12 1 1 1 100 1 100 1 10 8 1 10 12 1 1 10 12 1 1 10 12 1 10 12 1 11 100 1 10 12 1 10 12 1 1 11 12 1 1 10 12 1 11 12 1 1 11 100 12 1 1 1 11 100 12 1 1 11 12 1 1 100 1 10 12 1 8 1 11 12 1 100 1 10 12 1 1 11 12 1 10 12 1 10 12 1 10 9 100 12 1 1 1 10 12 1 1 10 100 12 1 10 12 1 10 12 1 9 100 12 1 1 1 8 1 10 12 1 8 1 8 1 100 1 10 12 1 10 12 1 10 12 1 1 100 1 8 1 10 12 1 1 8 1 10 10 12 1 1 8 1 10 12 1 1 10 100 12 1 1 1 10 12 1 10 11 12 1 1 10 12 1 1 10 100 12 1 1 1 10 12 1 1 10 12 1 10 12 1 1 11 10 12 1 11 10 12 1 100 1 1 1 1 1 1 1 1 1 1 1 1 1 1 1 1 1 1 1 1 1 1 1 1 1 1 1 1 1 1 1 1 1 1 1 100 1 1 1 1 1 1 1 1 1 1 1 1 1 1 100 1 1 1 1 1 1 1 1 1 1 1
instanceKlass jdk/internal/loader/ClassLoaders$BootClassLoader
instanceKlass jdk/internal/loader/ClassLoaders$PlatformClassLoader
instanceKlass jdk/internal/loader/ClassLoaders$AppClassLoader
ciInstanceKlass jdk/internal/loader/BuiltinClassLoader 1 1 670 9 7 12 1 1 1 10 7 12 1 1 1 10 7 12 1 1 1 9 12 1 1 9 12 1 1 7 1 10 12 1 9 12 1 10 12 1 9 12 1 10 7 12 1 1 1 10 7 12 1 1 1 10 7 12 1 1 1 11 7 12 1 1 1 100 1 100 1 10 10 12 1 1 8 1 10 12 1 10 12 7 1 10 12 1 10 12 1 1 11 7 12 1 1 1 11 7 12 1 1 1 11 12 1 1 7 1 8 1 8 1 10 9 12 1 1 10 7 12 1 1 11 12 1 1 10 12 1 1 10 12 1 1 10 12 1 1 11 7 12 1 1 1 10 7 12 1 1 7 1 10 100 12 1 1 1 10 7 12 1 1 1 10 12 1 10 12 1 100 1 8 1 10 12 1 1 10 8 1 10 12 1 1 10 12 1 1 10 12 1 1 11 7 12 1 1 11 12 1 7 1 10 11 12 1 1 11 10 12 1 1 7 1 10 12 1 10 7 12 1 10 12 1 11 12 1 1 11 7 1 11 12 1 100 1 10 12 1 1 100 1 100 1 11 12 1 1 10 12 1 10 12 10 12 1 10 7 12 1 1 1 7 1 10 10 12 1 1 10 12 1 1 10 12 1 1 10 12 1 9 12 1 1 100 1 10 10 12 1 1 10 12 1 1 10 12 1 10 12 10 12 1 1 10 12 1 1 10 12 1 1 10 12 1 10 7 12 1 1 1 10 12 1 1 10 7 12 1 1 100 1 10 12 1 1 10 12 1 1 10 12 1 10 12 1 1 10 12 1 7 1 10 12 10 7 12 1 1 1 10 12 1 11 12 1 7 1 10 12 1 7 1 100 1 10 12 1 10 12 1 11 12 1 1 10 12 1 1 10 12 1 1 10 12 1 1 10 12 1 1 10 12 1 10 12 1 10 12 1 10 12 1 8 1 10 12 1 1 10 7 12 1 1 10 12 1 100 1 8 1 8 1 10 10 12 1 8 1 8 1 10 100 12 1 1 1 11 100 12 1 1 1 9 100 12 1 1 1 10 100 12 1 1 1 9 12 1 9 12 1 9 12 1 9 12 1 9 12 1 9 12 1 10 100 12 1 1 1 8 1 10 12 1 7 1 10 11 12 1 1 10 12 10 12 1 10 12 1 100 1 10 12 1 10 12 1 11 11 12 1 10 7 12 1 1 10 7 12 1 1 8 1 10 7 12 1 1 10 12 1 1 1 1 1 1 1 1 1 1 1 1 1 1 1 1 1 1 1 1 1 1 1 1 1 1 1 1 1 1 1 1 1 1 1 1 1 1 1 1 1 1 1 1 1 1 1 1 1 1 1 1 1 1 1 100 1 1 1 1 1 1 1 1 1 1 1 1 1 100 1 1 1 1 1 1 1 1 1 1 1 1 1 1 1 1 1 1 1 1 1 1 1 1 1 1 1 1 1 1 1 1 1 1 1 1 1 1 1 1 1 1 1 1 1 1 1 1 1 100 1 1 1 1 100 1 1 1 1 1
staticfield jdk/internal/loader/BuiltinClassLoader packageToModule Ljava/util/Map; java/util/concurrent/ConcurrentHashMap
staticfield jdk/internal/loader/BuiltinClassLoader $assertionsDisabled Z 1
ciInstanceKlass jdk/internal/loader/ClassLoaders 1 1 185 10 100 12 1 1 1 10 7 12 1 1 1 10 12 1 1 10 100 12 1 1 1 9 7 12 1 1 1 9 12 1 1 9 12 1 1 7 1 11 100 12 1 1 1 100 1 11 12 1 1 11 12 1 1 10 100 12 1 1 1 10 100 12 1 1 1 100 1 100 1 10 7 12 1 1 1 9 12 1 1 8 1 10 7 12 1 1 1 10 12 1 1 7 1 10 12 1 10 12 1 1 7 1 10 12 1 1 10 12 1 1 10 12 1 7 1 10 12 10 12 1 8 1 10 7 12 1 1 8 1 8 1 10 12 1 7 1 10 10 12 1 10 12 1 1 1 1 1 1 1 1 1 1 1 1 1 1 1 1 1 1 1 1 100 1 1 1 1 1 1 1 1 1 1 1 1 1 1 1 1 1 1 1 1
staticfield jdk/internal/loader/ClassLoaders JLA Ljdk/internal/access/JavaLangAccess; java/lang/System$1
staticfield jdk/internal/loader/ClassLoaders BOOT_LOADER Ljdk/internal/loader/ClassLoaders$BootClassLoader; jdk/internal/loader/ClassLoaders$BootClassLoader
staticfield jdk/internal/loader/ClassLoaders PLATFORM_LOADER Ljdk/internal/loader/ClassLoaders$PlatformClassLoader; jdk/internal/loader/ClassLoaders$PlatformClassLoader
staticfield jdk/internal/loader/ClassLoaders APP_LOADER Ljdk/internal/loader/ClassLoaders$AppClassLoader; jdk/internal/loader/ClassLoaders$AppClassLoader
ciInstanceKlass jdk/internal/loader/ClassLoaders$AppClassLoader 1 1 57 8 1 10 7 12 1 1 1 10 100 12 1 1 1 10 12 1 1 10 7 12 1 1 1 100 1 10 12 1 1 1 1 1 1 1 1 1 1 1 1 1 1 1 1 1 1 1 1 1 1 1 1 100 1 1 1
ciInstanceKlass jdk/internal/loader/ClassLoaders$PlatformClassLoader 1 1 42 8 1 10 7 12 1 1 1 10 7 12 1 1 1 100 1 10 12 1 100 1 1 1 1 1 1 1 1 1 1 1 1 1 1 100 1 1 1 100 1 1
ciInstanceKlass jdk/internal/misc/CDSPreloadHelper 0 0 32 10 100 12 1 1 1 100 1 8 1 10 12 1 10 12 1 1 100 1 1 1 1 1 1 1 1 1 1 1 1 1
ciInstanceKlass java/security/CodeSource 1 1 396 10 7 12 1 1 1 9 7 12 1 1 1 9 12 1 1 9 12 1 1 9 12 1 1 10 7 12 1 1 1 9 12 1 1 10 100 12 1 1 10 100 10 100 12 1 1 1 10 12 1 1 10 12 1 1 100 1 10 10 100 12 1 1 1 10 100 12 1 1 1 10 12 1 1 100 1 10 12 1 1 10 12 1 1 10 12 1 1 10 12 1 10 10 100 1 10 12 1 1 10 100 12 1 1 1 10 12 1 1 10 12 1 10 12 1 8 1 10 12 1 10 12 1 10 12 1 1 10 12 1 8 1 10 12 1 1 10 100 1 10 10 12 1 1 8 1 10 12 1 10 12 1 10 12 1 8 1 8 1 9 12 1 1 100 1 8 1 10 12 1 10 12 1 1 8 1 10 12 1 8 1 8 1 8 1 10 100 12 1 1 10 12 1 1 10 12 1 10 12 1 1 10 12 1 1 10 12 1 1 100 1 100 1 10 12 1 10 12 10 12 1 1 10 100 12 1 1 10 12 1 100 1 10 12 10 100 12 1 1 1 10 8 1 10 12 1 10 12 1 1 100 1 10 12 1 1 100 1 100 1 8 1 8 1 10 10 12 1 1 10 100 12 1 1 1 100 1 10 12 10 12 1 1 11 100 12 1 1 10 10 12 1 11 10 12 1 8 1 100 1 10 12 1 10 12 1 1 10 12 1 11 12 1 1 100 1 1 1 1 5 0 1 1 1 1 1 1 1 1 1 1 1 1 1 1 1 1 1 1 1 1 1 1 1 1 1 1 1 1 1 1 1 1 1 1 1 1 1 1 1 1 1 1 1 1 1 1 1 1 1 1 1 1 1 1 1 1 1 1 1 1 1 1 1 1 1 1 100 1 1 1 1 1 1 1
ciInstanceKlass java/util/concurrent/ConcurrentMap 1 1 201 11 7 12 1 1 1 10 7 12 1 1 11 12 1 1 11 100 12 1 1 1 11 100 12 1 1 1 11 12 1 1 100 1 11 12 1 11 12 1 100 1 11 100 12 1 1 1 18 12 1 11 12 1 1 11 7 12 1 1 11 12 1 1 11 100 12 1 11 12 1 1 11 12 1 1 100 1 100 1 1 1 1 1 1 1 1 1 1 1 1 1 1 1 1 1 1 1 1 1 1 1 1 1 1 1 1 1 1 1 1 1 1 1 1 1 1 1 1 1 1 1 1 1 1 1 1 1 1 1 1 1 1 1 1 1 1 1 1 16 15 11 12 15 10 100 12 1 1 1 1 1 100 1 100 1 1 1 100 1 8 1 1 12 10 1 8 1 1 1 8 1 8 1 1 8 1 1 1 8 1 1 1 8 1 1 8 1 8 1 1 1 8 1 1 8 1 1 1 8 1
instanceKlass com/intellij/concurrency/ConcurrentHashMap
instanceKlass org/h2/mvstore/MVMap
instanceKlass java/util/concurrent/ConcurrentSkipListMap
instanceKlass sun/util/PreHashedMap
instanceKlass com/intellij/util/containers/ConcurrentRefHashMap
instanceKlass kotlin/collections/AbstractMutableMap
instanceKlass sun/awt/SoftCache
instanceKlass java/util/Collections$SingletonMap
instanceKlass com/intellij/util/containers/RefHashMap
instanceKlass java/util/TreeMap
instanceKlass java/util/IdentityHashMap
instanceKlass java/util/EnumMap
instanceKlass java/util/WeakHashMap
instanceKlass java/util/Collections$EmptyMap
instanceKlass java/util/HashMap
instanceKlass java/util/ImmutableCollections$AbstractImmutableMap
instanceKlass java/util/concurrent/ConcurrentHashMap
ciInstanceKlass java/util/AbstractMap 1 1 198 10 7 12 1 1 1 10 7 12 1 1 1 11 7 12 1 1 1 10 11 12 1 1 11 7 12 1 1 1 11 12 1 1 7 1 11 12 1 10 12 1 1 11 12 1 100 1 10 11 12 1 11 7 1 10 12 1 1 11 12 1 9 12 1 1 7 1 10 12 1 9 12 1 1 7 1 10 11 11 12 1 1 11 12 1 100 1 100 1 11 12 1 8 1 100 1 10 10 12 1 1 8 1 10 12 1 10 12 1 1 10 12 1 1 1 1 1 1 1 1 1 1 1 1 1 1 1 1 1 1 1 1 1 1 1 1 1 1 1 1 1 1 1 1 1 1 1 1 1 1 1 1 100 1 1 1 1 1 1 1 100 1 1 1 1 1 1 1 1 1 100 1 1 1 1 1 1 1 1 1 100 1 100 1 100 1 100 1 100 1 1 1 1 1 1 1 1
instanceKlass com/fasterxml/jackson/core/util/InternCache
ciInstanceKlass java/util/concurrent/ConcurrentHashMap 1 1 1219 100 1 7 1 10 7 12 1 1 1 10 12 1 1 9 12 1 1 3 10 7 12 1 1 1 3 100 1 10 7 12 1 1 1 100 1 10 100 12 1 1 1 100 1 11 12 1 1 11 12 1 11 12 1 1 9 12 1 1 9 12 1 9 12 1 1 10 7 12 1 1 1 7 1 10 12 1 1 10 12 1 1 10 7 12 1 1 1 4 10 12 1 11 7 12 1 1 10 12 1 10 12 1 1 100 1 10 5 0 10 12 1 9 12 1 10 12 1 1 5 0 10 12 1 10 12 1 9 12 1 1 10 12 1 1 9 12 1 9 12 1 1 10 12 1 1 9 12 1 10 12 1 1 9 12 1 1 10 12 1 1 100 1 10 100 1 10 12 1 10 12 1 1 10 12 1 1 10 12 1 1 10 12 1 10 12 1 1 10 12 1 1 100 1 10 12 1 1 7 1 100 1 8 1 10 12 1 10 12 1 1 10 12 1 1 10 10 12 1 11 12 1 1 11 7 12 1 1 1 11 7 12 1 1 1 11 12 1 7 1 11 12 1 11 12 1 10 12 1 1 10 12 1 1 9 12 1 1 10 100 12 1 1 1 9 10 12 1 1 9 12 1 10 12 1 1 5 0 9 12 1 1 7 1 10 12 1 9 12 1 1 7 1 10 12 1 9 12 1 7 1 10 100 1 10 10 12 1 1 8 1 10 12 1 10 12 1 1 11 100 1 10 12 1 10 100 12 1 1 1 8 1 10 100 12 1 1 1 8 1 10 12 1 8 1 10 12 1 10 12 1 1 10 100 12 1 1 10 12 1 10 12 1 10 12 1 9 12 1 9 10 12 1 9 12 1 11 100 12 1 1 1 11 7 12 1 1 1 100 1 10 12 11 100 12 1 1 10 11 7 12 1 10 12 1 100 1 10 12 1 100 1 10 10 9 7 12 1 1 1 3 10 7 12 1 1 9 12 1 10 12 1 1 9 12 1 1 9 12 1 10 12 1 1 10 7 12 1 1 9 12 1 9 7 12 1 1 10 12 1 1 10 12 1 3 9 12 1 9 12 1 10 12 1 1 7 1 9 3 100 1 10 12 1 9 12 1 10 12 1 9 12 1 10 12 1 9 12 1 10 100 12 1 1 1 100 10 12 1 100 1 5 0 10 100 12 1 1 100 1 10 12 1 1 10 12 1 10 12 1 100 1 10 12 1 10 100 1 100 1 10 10 12 1 10 100 1 10 12 1 10 100 1 10 12 1 10 100 1 10 12 1 1 100 1 10 12 1 10 10 12 1 100 1 10 12 1 10 10 12 1 100 1 10 12 1 10 100 1 10 12 1 10 100 1 10 12 1 10 100 1 10 12 1 10 100 1 10 12 1 10 100 1 10 12 1 10 100 1 10 12 1 10 100 1 10 12 1 10 100 1 10 10 100 1 10 10 100 1 10 10 100 1 10 12 1 10 100 1 10 12 1 10 100 1 10 12 1 10 100 1 10 12 1 10 100 1 10 12 1 10 100 1 10 10 100 1 10 10 100 1 10 10 100 1 10 12 1 10 100 1 10 12 1 10 100 1 10 12 1 10 100 1 10 12 1 10 100 1 10 12 1 10 10 12 1 10 12 1 7 1 7 1 10 12 1 9 12 1 1 9 12 1 1 10 12 1 1 8 10 12 1 1 8 8 8 8 7 10 12 1 1 10 12 1 1 100 1 8 1 10 7 1 100 1 100 1 1 1 5 0 1 1 3 1 3 1 1 1 1 3 1 3 1 3 1 1 1 1 1 3 1 3 1 3 1 1 1 1 1 1 1 1 1 1 1 1 1 1 1 1 1 1 1 1 1 1 1 1 1 1 1 100 1 1 1 1 1 1 1 1 1 1 1 1 1 1 1 1 1 1 1 1 1 1 1 1 1 1 1 1 1 1 1 1 1 1 1 1 1 1 1 1 1 1 1 1 1 1 1 1 1 1 1 1 1 1 1 1 1 1 1 1 1 1 1 1 1 1 1 1 1 1 1 1 1 1 1 1 1 1 1 1 1 1 1 1 100 1 1 1 1 1 1 1 1 1 1 1 100 1 1 1 1 1 1 1 1 1 1 1 1 1 1 1 1 1 1 1 1 1 1 1 1 1 1 1 1 1 1 1 1 1 1 1 1 1 1 1 1 1 1 1 1 1 1 1 1 1 1 1 1 1 1 1 1 1 1 1 1 1 1 1 1 1 1 1 1 1 1 1 1 1 1 1 1 1 1 1 1 1 1 1 1 1 1 1 1 1 1 1 1 1 1 1 1 1 1 1 1 1 1 1 1 1 1 1 1 1 1 1 1 1 1 1 1 1 1 1 1 1 1 1 1 1 1 1 1 1 1 1 1 1 1 1 1 1 1 1 1 1 1 1 1 1 1 1 1 1 1 1 1 1 1 1 1 1 1 1 1 1 1 1 1 1 1 1 1 1 1 1 1 1 1 1 1 1 1 1 1 1 1 1 1 1 1 1 1 1 1 1 1 1 1 1 1 1 1 1 1 1 1 1 1 1 1 1 1 1 1 1 1 1 1 1 1 1 1 1 1 1 1 1 100 1 100 1 100 1 100 1 100 1 100 1 100 1 100 1 100 1 1 1 1 1 1 1 1 1 1 1 1 1 1 1 1 1 1 1 1 1 1 1 1 1 1 1 1 1 1 1 1 1 1 1 1 1 1 1 1 1 1 1 1 1 1 1 1 1 1 1 1 1 1 1 1 1 1
staticfield java/util/concurrent/ConcurrentHashMap serialPersistentFields [Ljava/io/ObjectStreamField; 3 [Ljava/io/ObjectStreamField;
staticfield java/util/concurrent/ConcurrentHashMap U Ljdk/internal/misc/Unsafe; jdk/internal/misc/Unsafe
staticfield java/util/concurrent/ConcurrentHashMap SIZECTL J 44
staticfield java/util/concurrent/ConcurrentHashMap TRANSFERINDEX J 56
staticfield java/util/concurrent/ConcurrentHashMap BASECOUNT J 48
staticfield java/util/concurrent/ConcurrentHashMap CELLSBUSY J 60
staticfield java/util/concurrent/ConcurrentHashMap CELLVALUE J 144
staticfield java/util/concurrent/ConcurrentHashMap ABASE J 16
staticfield java/util/concurrent/ConcurrentHashMap ASHIFT I 2
ciInstanceKlass java/lang/Iterable 1 1 62 10 7 12 1 1 1 11 7 12 1 1 1 11 7 12 1 1 1 11 12 1 1 11 7 12 1 1 1 10 100 12 1 1 1 100 1 1 1 1 1 1 1 1 1 1 1 1 1 1 1 1 1 1 1 1 1 1 1 1 1 1
ciInstanceKlass java/util/Collection 1 1 115 11 7 12 1 1 1 7 1 11 7 12 1 1 1 10 100 12 1 1 1 11 12 1 1 11 100 12 1 1 1 11 12 1 1 11 100 12 1 1 1 11 12 1 1 10 100 12 1 1 1 11 12 1 10 7 12 1 1 1 100 1 100 1 1 1 1 1 1 1 1 1 1 1 1 1 1 1 1 1 1 1 1 1 1 1 1 1 1 1 1 1 1 1 1 1 1 1 1 1 1 1 1 1 1 1 1 1 1 1 1 1 1 1 1
ciInstanceKlass java/util/SequencedCollection 1 1 104 100 1 10 12 1 1 11 100 12 1 1 1 11 100 12 1 1 1 11 12 1 1 11 12 1 100 1 100 1 1 1 1 1 1 1 1 1 1 1 1 1 1 1 1 1 1 1 1 1 1 1 1 1 1 1 1 1 100 1 8 1 12 10 1 1 8 1 1 1 8 1 1 8 1 1 1 8 1 1 8 1 1 1 8 1 1 8 1 8 1 1 8 1 1 1 8 1 1 8 1 1 8 1
ciInstanceKlass java/util/List 1 1 251 10 100 12 1 1 1 11 100 12 1 1 1 11 100 12 1 1 1 11 12 1 1 11 100 12 1 1 11 12 1 1 11 12 1 1 10 100 12 1 1 1 7 1 7 1 10 12 1 1 100 1 10 100 12 1 1 1 11 12 1 1 11 12 1 11 12 1 100 1 10 12 1 11 12 1 1 11 12 1 1 11 12 1 10 100 12 1 1 1 9 7 12 1 1 1 7 1 10 12 10 12 1 7 1 10 12 1 1 10 12 1 10 12 1 1 11 12 1 1 100 1 1 1 1 1 1 1 1 1 1 1 1 1 1 1 1 1 1 1 1 1 1 1 1 1 1 1 1 1 1 1 1 1 1 1 1 1 1 1 1 1 1 1 1 100 1 100 1 1 1 1 1 1 1 1 1 1 1 1 1 1 1 1 1 1 1 1 1 1 1 1 1 1 1 1 1 1 1 1 1 1 1 1 1 1 1 1 1 1 1 1 1 1 1 1 1 1 1 1 1 1 1 1 1 1 1 1 1 1 1 1 1 1 1 1 1 1 1 1 1 1 1 1 100 1 1 100 1 1 1
ciInstanceKlass java/util/RandomAccess 1 0 7 100 1 100 1 1 1
instanceKlass com/intellij/util/containers/HashSetQueue
instanceKlass com/github/benmanes/caffeine/cache/AbstractLinkedDeque
instanceKlass java/util/TreeMap$Values
instanceKlass it/unimi/dsi/fastutil/ints/AbstractIntCollection
instanceKlass java/util/AbstractMap$2
instanceKlass it/unimi/dsi/fastutil/objects/AbstractReferenceCollection
instanceKlass com/intellij/util/containers/UnsafeWeakList
instanceKlass java/util/concurrent/ConcurrentLinkedDeque
instanceKlass java/util/LinkedHashMap$LinkedValues
instanceKlass com/intellij/util/containers/ImmutableList
instanceKlass it/unimi/dsi/fastutil/objects/AbstractObjectCollection
instanceKlass java/util/IdentityHashMap$Values
instanceKlass java/util/AbstractQueue
instanceKlass java/util/HashMap$Values
instanceKlass java/util/ArrayDeque
instanceKlass java/util/AbstractSet
instanceKlass java/util/ImmutableCollections$AbstractImmutableCollection
instanceKlass java/util/AbstractList
ciInstanceKlass java/util/AbstractCollection 1 1 160 10 7 12 1 1 1 10 7 12 1 1 1 10 12 1 1 11 7 12 1 1 1 11 12 1 1 10 12 1 1 10 100 12 1 1 1 10 12 1 1 10 12 1 1 10 7 12 1 1 10 7 12 1 1 1 7 1 10 100 12 1 1 1 10 100 12 1 1 1 100 1 10 11 12 1 11 7 1 10 12 1 10 12 1 10 100 12 1 1 1 11 8 1 7 1 10 10 12 1 1 8 1 10 12 1 10 12 1 1 1 1 1 1 1 1 1 1 1 1 1 1 1 1 1 1 1 1 1 1 1 1 1 1 1 1 1 1 1 1 1 1 1 1 1 1 1 1 1 1 1 1 1 1 1 1 1 1 1 1
instanceKlass com/intellij/util/containers/FList
instanceKlass org/jdom/ContentList$FilterList
instanceKlass org/jdom/AttributeList
instanceKlass org/jdom/ContentList
instanceKlass sun/awt/util/IdentityArrayList
instanceKlass com/intellij/util/SmartList
instanceKlass java/util/AbstractSequentialList
instanceKlass java/util/Collections$SingletonList
instanceKlass com/intellij/util/containers/DisposableWrapperList
instanceKlass kotlin/collections/AbstractMutableList
instanceKlass java/util/Vector
instanceKlass sun/security/jca/ProviderList$2
instanceKlass java/util/Arrays$ArrayList
instanceKlass java/util/ArrayList$SubList
instanceKlass java/util/Collections$EmptyList
instanceKlass java/util/ArrayList
ciInstanceKlass java/util/AbstractList 1 1 218 10 7 12 1 1 1 9 7 12 1 1 1 10 12 1 1 10 12 1 1 100 1 10 10 12 1 1 11 100 12 1 1 1 11 12 1 1 11 12 1 10 100 12 1 1 1 10 12 1 11 12 1 11 12 1 11 12 1 10 12 1 1 10 12 1 1 11 100 12 1 1 1 11 100 1 11 7 1 10 12 1 7 1 10 12 1 10 12 1 1 100 1 100 1 10 12 1 100 1 10 100 1 100 1 10 8 1 10 12 1 1 10 12 1 10 12 1 1 10 12 1 8 1 100 1 8 1 8 1 8 1 10 100 1 11 10 10 12 1 11 12 1 10 12 1 1 8 1 8 1 1 1 1 1 1 1 1 1 1 1 1 1 1 1 1 1 1 1 1 1 1 1 1 1 1 1 1 1 1 1 1 1 1 1 1 1 1 1 1 1 1 1 1 1 1 1 1 1 1 1 1 1 1 1 1 1 1 100 1 100 1 1 1 1 1 1 1
instanceKlass com/intellij/util/containers/Stack
ciInstanceKlass java/util/ArrayList 1 1 514 10 7 12 1 1 1 7 1 9 7 12 1 1 1 9 12 1 100 1 100 1 10 8 1 10 12 1 1 10 12 1 10 12 1 1 10 12 1 9 12 1 11 7 12 1 1 1 9 12 1 1 11 12 1 1 7 10 7 12 1 1 1 9 12 1 10 12 1 10 12 1 1 10 7 12 1 1 1 10 7 12 1 1 1 10 12 1 1 10 12 1 1 10 12 1 1 10 12 1 10 12 1 1 100 1 100 1 10 12 1 10 10 7 12 1 1 1 10 7 12 1 1 10 12 1 100 1 10 10 12 10 12 1 1 10 12 1 1 10 12 1 10 12 10 12 1 1 100 1 10 12 1 1 10 12 1 1 10 12 1 100 1 10 11 12 1 1 11 100 12 1 1 1 11 12 1 10 12 1 10 12 1 10 12 1 1 100 1 10 12 1 1 10 10 12 1 1 10 12 1 8 1 8 1 8 1 8 1 10 12 1 1 10 12 1 1 11 12 1 100 1 10 100 12 1 1 10 12 1 10 12 1 1 10 100 12 1 1 10 12 1 10 100 12 1 1 1 11 100 12 1 1 1 10 12 1 100 1 8 1 10 100 1 10 12 1 7 1 10 12 1 10 12 1 1 7 1 10 12 1 10 12 1 1 11 7 12 1 1 7 1 10 12 1 10 12 1 1 11 100 12 1 1 10 12 1 1 10 12 1 1 10 12 1 1 10 12 1 1 11 100 12 1 1 10 12 1 1 10 12 1 1 100 1 100 1 100 1 1 1 1 5 0 1 3 1 1 1 1 1 1 1 1 1 1 1 1 1 1 1 1 1 1 1 1 1 1 1 1 1 1 1 1 1 1 1 1 1 1 1 1 1 1 1 1 1 1 1 1 1 1 1 1 1 1 1 1 1 1 1 1 1 1 1 1 1 1 1 1 1 1 1 1 1 1 1 1 1 1 1 1 1 1 1 1 1 1 1 1 1 1 1 1 1 1 1 1 1 1 1 1 1 1 1 1 1 1 1 1 100 1 1 1 1 100 1 1 1 1 1 1 1 1 1 1 1 1 1 1 1 1 1 1 1 1 1 1 1 1 1 1 1 1 1 100 1 1 1 1 1 1 1 1 1 1 1 1 1 1 1 1 1 1 1 100 1 100 1 1 1 1 1 1
staticfield java/util/ArrayList EMPTY_ELEMENTDATA [Ljava/lang/Object; 0 [Ljava/lang/Object;
staticfield java/util/ArrayList DEFAULTCAPACITY_EMPTY_ELEMENTDATA [Ljava/lang/Object; 0 [Ljava/lang/Object;
ciInstanceKlass java/lang/StackTraceElement 1 1 235 10 7 12 1 1 1 10 7 12 1 1 9 12 1 1 9 12 1 1 9 12 1 9 12 1 8 1 10 7 12 1 1 1 7 1 9 12 1 8 1 9 12 1 9 12 1 9 12 1 1 10 12 1 1 10 12 1 8 1 10 7 12 1 1 1 7 1 10 12 1 10 12 1 1 10 12 1 10 12 1 1 10 12 1 10 12 1 10 10 12 1 8 1 10 12 1 10 12 1 1 10 12 1 1 10 12 1 10 12 1 10 12 1 9 12 1 1 10 7 12 1 1 1 10 12 1 1 7 1 10 12 1 1 10 7 12 1 1 10 7 12 1 1 1 10 7 12 1 1 10 7 12 1 1 10 10 12 1 1 10 12 1 1 10 12 1 1 10 12 1 100 1 1 1 1 1 1 1 3 1 3 1 1 5 0 1 1 1 1 1 1 1 1 1 1 1 1 1 1 1 1 1 1 1 1 1 1 1 1 1 1 1 1 1 100 1 100 1 1 1 1 1 1 1 100 1 1 1 1 1 1 1 1 1
instanceKlass java/nio/DoubleBuffer
instanceKlass java/nio/FloatBuffer
instanceKlass java/nio/ShortBuffer
instanceKlass java/nio/IntBuffer
instanceKlass java/nio/LongBuffer
instanceKlass java/nio/CharBuffer
instanceKlass java/nio/ByteBuffer
ciInstanceKlass java/nio/Buffer 1 1 259 100 1 10 7 12 1 1 1 9 7 12 1 1 1 9 12 1 9 12 1 1 9 12 1 9 12 1 1 10 12 1 1 10 12 1 1 10 12 100 1 100 1 10 8 1 10 12 1 1 10 12 1 8 1 8 1 10 12 1 1 10 12 1 8 1 9 12 1 1 100 1 8 1 10 12 1 8 1 8 1 9 12 10 12 1 8 1 8 1 8 1 10 12 1 8 1 8 1 8 1 100 1 10 100 1 10 100 1 10 9 12 1 1 10 7 12 1 1 1 100 1 10 12 1 1 10 12 1 10 100 12 1 1 10 7 12 1 1 1 10 7 12 1 1 1 9 12 1 1 10 7 12 1 1 1 9 12 1 1 7 1 10 10 12 1 1 7 1 10 10 7 12 1 1 1 1 1 3 1 1 1 1 1 1 1 1 1 1 1 1 1 1 100 1 1 1 1 1 1 1 100 1 1 1 1 1 1 1 1 1 1 1 1 1 1 1 1 1 1 1 1 1 1 1 1 1 1 1 1 1 1 1 1 1 1 1 1 1 1 1 1 1 1 100 1 100 1 100 1 100 1 100 1 100 1 100 1 1
staticfield java/nio/Buffer UNSAFE Ljdk/internal/misc/Unsafe; jdk/internal/misc/Unsafe
staticfield java/nio/Buffer SCOPED_MEMORY_ACCESS Ljdk/internal/misc/ScopedMemoryAccess; jdk/internal/misc/ScopedMemoryAccess
staticfield java/nio/Buffer IOOBE_FORMATTER Ljava/util/function/BiFunction; jdk/internal/util/Preconditions$4
staticfield java/nio/Buffer $assertionsDisabled Z 1
ciInstanceKlass java/lang/StackWalker 1 1 236 9 7 12 1 1 1 10 7 12 1 1 1 7 1 10 7 12 1 1 1 10 12 1 1 11 7 12 1 1 1 10 12 1 1 10 12 1 1 100 1 8 1 10 12 1 10 12 1 10 12 1 10 7 12 1 1 9 12 1 1 9 12 1 1 9 12 1 1 9 12 1 1 10 12 1 1 9 12 1 1 9 12 1 1 9 12 1 1 9 12 1 1 10 12 1 1 10 7 12 1 1 1 10 7 12 1 1 1 18 12 1 1 100 1 8 1 10 8 1 10 12 1 1 10 100 12 1 1 1 10 12 1 1 10 12 1 11 12 1 1 9 7 12 1 1 11 100 12 1 1 1 10 12 1 1 1 1 1 1 1 1 1 1 1 1 1 1 1 1 1 1 1 1 1 1 1 1 1 1 1 1 1 1 1 1 1 1 1 1 1 1 1 1 1 1 1 1 1 1 1 1 1 1 1 1 1 1 1 100 1 1 16 15 10 12 16 1 15 10 100 12 1 1 1 1 1 1 1 1 1 100 1 100 1 1
staticfield java/lang/StackWalker DEFAULT_EMPTY_OPTION Ljava/util/EnumSet; java/util/RegularEnumSet
staticfield java/lang/StackWalker DEFAULT_WALKER Ljava/lang/StackWalker; java/lang/StackWalker
instanceKlass java/lang/StackStreamFactory$StackFrameTraverser
ciInstanceKlass java/lang/StackStreamFactory$AbstractStackWalker 1 1 364 7 1 100 1 3 10 7 12 1 1 1 10 7 12 1 1 10 7 12 1 1 1 9 12 1 1 9 12 1 1 9 12 1 1 9 12 1 9 12 1 10 7 12 1 1 1 10 12 1 1 10 100 12 1 1 9 12 1 1 9 12 1 1 10 12 1 1 9 12 1 1 10 7 12 1 1 1 10 12 1 1 9 12 1 1 9 100 12 1 1 1 100 1 10 8 1 10 12 1 1 10 12 1 8 1 10 12 1 1 10 100 12 1 1 1 100 1 8 1 10 12 1 8 1 10 12 10 7 12 1 1 9 12 1 1 8 1 5 0 8 1 8 1 9 12 1 1 10 12 1 1 18 12 1 1 10 100 12 1 1 1 10 12 1 1 10 12 1 10 12 1 9 7 12 1 1 1 10 12 1 1 9 12 1 10 12 1 10 12 1 10 12 1 10 12 1 10 12 1 10 12 1 1 8 1 10 12 1 10 12 1 10 12 1 10 12 1 1 8 1 10 12 1 1 10 12 1 1 10 12 1 1 10 12 1 10 12 1 10 12 1 9 12 1 8 1 10 12 1 8 1 10 12 1 10 12 1 1 10 12 1 10 12 1 10 12 1 1 10 12 1 10 12 1 10 12 1 10 12 1 10 12 1 10 12 1 1 10 12 1 10 12 1 10 12 1 10 12 1 8 1 1 1 1 1 1 1 1 1 1 1 1 1 100 1 1 1 1 1 1 100 1 1 1 1 100 1 1 1 1 1 1 1 1 1 1 1 1 1 1 1 1 1 1 16 15 15 10 100 12 1 1 1 1 1 1 1 1 100 1 100 1 1
ciInstanceKlass java/lang/StackWalker$StackFrame 1 1 41 100 1 10 12 1 1 100 1 100 1 1 1 1 1 1 1 1 1 1 1 1 1 1 1 1 1 1 1 1 1 1 1 1 1 1 1 100 1 1 1
instanceKlass java/lang/StackFrameInfo
ciInstanceKlass java/lang/ClassFrameInfo 1 1 126 10 7 12 1 1 1 9 7 12 1 1 1 7 1 3 9 12 1 1 9 12 1 1 100 1 9 12 1 1 3 11 100 12 1 1 1 11 12 1 10 12 1 1 10 12 1 1 10 12 1 100 1 10 10 12 1 1 8 1 8 1 10 12 100 1 10 10 12 1 1 8 1 10 12 1 8 1 10 12 8 1 10 12 1 10 7 12 1 1 1 100 1 1 1 1 1 1 1 1 1 1 1 1 1 1 1 1 1 1 1 1 1 1 1 1 1 1 1 100 1 1 1 1 1 1
staticfield java/lang/ClassFrameInfo JLIA Ljdk/internal/access/JavaLangInvokeAccess; java/lang/invoke/MethodHandleImpl$1
instanceKlass java/lang/LiveStackFrameInfo
ciInstanceKlass java/lang/StackFrameInfo 1 1 150 10 7 12 1 1 1 9 7 12 1 1 1 9 12 1 1 11 7 12 1 1 1 10 12 1 1 10 7 12 1 1 1 9 12 1 1 10 12 1 1 9 12 1 1 100 1 10 12 10 12 1 9 12 1 100 1 100 1 10 12 1 1 11 12 1 1 10 12 1 10 12 1 10 12 1 1 9 12 1 1 10 12 1 1 10 100 12 1 1 10 12 1 1 9 12 1 10 100 12 1 1 1 9 12 1 1 10 100 1 10 12 1 9 12 1 1 10 12 1 1 10 12 1 1 1 1 1 1 1 1 1 1 1 1 1 1 1 1 100 1 100 1 1 1 1 1 1 1 1
staticfield java/lang/StackFrameInfo $assertionsDisabled Z 1
ciInstanceKlass java/lang/LiveStackFrame 0 0 112 100 1 10 100 12 1 1 1 11 100 12 1 1 1 11 12 1 9 100 12 1 1 1 10 100 12 1 1 1 10 100 12 1 1 1 11 12 1 10 12 1 100 1 100 1 1 1 1 1 1 1 1 1 1 1 1 1 1 1 1 1 1 1 1 1 1 1 1 1 100 1 1 1 1 1 1 1 100 1 8 1 1 12 10 1 1 1 8 1 1 1 8 1 1 1 8 1 1 1 8 1 1 1 8 1 1 8 1 1 8 1
ciInstanceKlass java/lang/LiveStackFrameInfo 0 0 97 10 100 12 1 1 1 9 100 12 1 1 1 9 12 1 9 12 1 9 12 1 9 12 1 1 100 1 10 12 1 1 10 12 1 8 1 10 12 1 1 8 1 8 1 8 1 10 100 1 10 12 1 100 1 10 12 1 100 1 100 1 1 1 3 1 3 1 1 1 1 1 1 1 1 1 1 1 1 1 1 1 1 1 1 1 1 1 1 1 1 1 1 1 100 1 1
instanceKlass java/util/concurrent/locks/AbstractQueuedLongSynchronizer
instanceKlass java/util/concurrent/locks/AbstractQueuedSynchronizer
ciInstanceKlass java/util/concurrent/locks/AbstractOwnableSynchronizer 1 1 32 10 7 12 1 1 1 9 7 12 1 1 1 100 1 1 1 1 5 0 1 1 1 1 1 1 1 1 1 1 1 1
ciInstanceKlass java/lang/Boolean 1 1 146 10 7 12 1 1 1 9 7 12 1 1 1 10 12 1 1 10 12 1 8 1 10 7 12 1 1 9 12 1 1 9 12 1 10 12 1 1 10 12 1 1 10 12 1 1 10 12 1 10 7 12 1 1 1 10 12 1 1 9 100 12 1 1 9 12 10 100 12 1 1 1 10 12 1 1 8 1 10 7 12 1 1 1 9 12 1 1 100 1 100 1 100 1 1 1 1 1 1 5 0 1 1 1 1 1 1 1 1 1 1 1 1 1 1 1 1 1 1 1 1 1 1 1 1 1 1 1 1 1 1 1 1 1 1 1 100 1 1 1 1 1 1 1 1 1
staticfield java/lang/Boolean TRUE Ljava/lang/Boolean; java/lang/Boolean
staticfield java/lang/Boolean FALSE Ljava/lang/Boolean; java/lang/Boolean
staticfield java/lang/Boolean TYPE Ljava/lang/Class; java/lang/Class
ciInstanceKlass java/lang/Character 1 1 603 7 1 100 1 100 1 9 12 1 1 8 1 9 12 1 1 100 1 9 12 1 1 10 100 12 1 1 1 10 100 12 1 1 1 10 100 12 1 1 1 10 7 12 1 1 1 9 7 12 1 1 1 10 12 1 10 12 1 1 10 12 1 1 10 100 12 1 1 10 12 1 1 3 3 3 3 3 10 12 1 1 10 12 1 3 11 7 12 1 1 1 11 12 1 1 10 12 1 1 10 12 1 1 100 1 10 10 12 1 3 10 12 1 1 10 12 1 10 12 1 1 100 1 8 1 10 12 1 1 10 12 1 10 12 1 10 12 1 10 100 12 1 1 1 10 12 1 10 12 1 10 12 1 1 10 12 1 10 7 12 1 1 10 10 12 1 10 10 12 1 10 12 1 1 10 12 1 10 10 12 1 10 12 1 10 12 1 10 12 1 10 12 1 10 12 1 10 12 1 10 12 10 10 12 10 10 12 1 10 10 12 1 10 10 12 1 10 10 12 1 10 12 1 10 12 1 10 12 1 10 12 1 10 12 1 10 12 1 10 10 12 1 10 10 12 1 10 10 12 1 1 10 10 12 1 10 5 0 10 12 1 10 12 1 10 10 12 1 10 10 12 1 1 10 10 12 1 10 10 12 1 9 12 1 1 100 1 10 10 12 1 10 12 1 1 3 10 100 12 1 1 1 10 12 1 10 100 12 1 1 100 1 10 10 12 1 1 10 12 1 1 10 12 1 1 8 1 10 12 1 9 100 12 1 1 1 10 12 1 10 10 12 1 10 12 1 1 10 12 1 10 10 12 1 1 10 10 12 1 1 100 1 8 1 10 12 1 1 10 7 12 1 1 1 8 1 10 12 1 1 9 12 1 1 100 1 100 1 100 1 1 1 1 3 1 3 1 3 1 3 1 1 1 1 1 3 1 1 3 1 3 1 3 1 3 1 3 1 3 1 3 1 3 1 3 1 3 1 3 1 3 1 3 1 3 1 3 1 3 1 3 1 3 1 3 1 3 1 3 1 3 1 3 1 3 1 3 1 3 1 3 1 3 1 1 1 1 1 1 1 1 1 1 1 1 1 1 1 1 1 1 1 3 1 1 1 1 1 1 1 3 1 1 3 1 1 1 1 1 3 1 1 5 0 1 1 1 1 1 1 1 1 1 1 1 1 1 1 1 1 1 1 1 1 1 1 1 1 1 1 1 1 1 1 1 1 1 1 1 1 1 1 1 1 1 1 1 1 1 1 1 1 1 1 1 1 1 1 1 1 1 1 1 1 1 1 1 1 1 1 1 1 1 1 1 1 1 1 1 1 1 1 1 1 1 1 1 1 1 1 1 1 1 100 1 100 1 1 1 1 1 1
staticfield java/lang/Character TYPE Ljava/lang/Class; java/lang/Class
staticfield java/lang/Character $assertionsDisabled Z 1
instanceKlass java/math/BigDecimal
instanceKlass com/sun/jna/IntegerType
instanceKlass java/util/concurrent/atomic/Striped64
instanceKlass java/math/BigInteger
instanceKlass java/util/concurrent/atomic/AtomicLong
instanceKlass java/util/concurrent/atomic/AtomicInteger
instanceKlass java/lang/Long
instanceKlass java/lang/Integer
instanceKlass java/lang/Short
instanceKlass java/lang/Byte
instanceKlass java/lang/Double
instanceKlass java/lang/Float
ciInstanceKlass java/lang/Number 1 1 37 10 7 12 1 1 1 10 100 12 1 1 1 100 1 1 1 1 5 0 1 1 1 1 1 1 1 1 1 1 1 1 1 1 1 1 1
ciInstanceKlass java/lang/Float 1 1 277 7 1 100 1 10 7 12 1 1 1 10 100 12 1 1 1 4 100 1 10 12 1 1 10 12 1 1 8 1 8 1 10 100 12 1 1 1 10 12 1 1 10 12 1 1 10 7 1 4 10 7 12 1 1 9 12 1 1 10 12 1 1 10 12 1 10 10 12 1 1 10 12 1 10 12 1 3 3 100 1 4 4 4 3 10 12 1 1 9 12 1 1 100 1 10 3 3 4 4 10 12 1 3 3 3 10 12 1 1 10 12 1 1 10 12 1 10 100 12 1 1 1 10 12 1 1 10 12 1 1 10 7 12 1 1 1 8 1 10 12 1 1 9 12 1 1 100 1 100 1 100 1 1 1 1 4 1 4 1 1 1 4 1 1 3 1 3 1 3 1 3 1 3 1 1 1 1 5 0 1 1 1 1 1 1 1 1 1 1 100 1 1 1 1 1 1 1 1 1 1 1 1 1 1 1 1 1 1 1 1 1 1 1 1 1 1 1 1 1 1 1 1 1 1 1 1 1 1 1 1 1 1 1 1 1 1 1 1 1 1 1 1 1 1 1 1 1 1 1 1 1 1 1 1 1 1 1 1 1 1 1 1 1 100 1 1 1 1 1 1 1 100 1 100 1 1
staticfield java/lang/Float TYPE Ljava/lang/Class; java/lang/Class
staticfield java/lang/Float $assertionsDisabled Z 1
ciInstanceKlass java/lang/Double 1 1 288 7 1 100 1 10 7 12 1 1 1 10 12 1 1 10 100 1 10 12 1 1 10 100 12 1 1 1 6 0 8 1 10 12 1 1 8 1 10 12 1 1 8 1 6 0 10 12 1 1 100 1 5 0 5 0 8 1 8 1 10 100 12 1 1 1 10 100 12 1 1 1 8 1 10 12 1 1 8 1 8 1 8 1 10 12 1 1 10 12 1 10 12 1 1 10 12 1 10 12 1 10 12 1 1 10 12 1 10 7 1 6 0 10 7 12 1 1 9 12 1 1 10 12 1 10 12 1 10 12 1 10 12 1 10 12 1 5 0 10 12 1 1 10 12 1 10 12 1 10 100 12 1 1 1 10 12 1 1 10 12 1 1 8 1 10 7 12 1 1 1 9 12 1 1 100 1 100 1 100 1 1 1 6 0 1 6 0 1 6 0 1 1 1 6 0 1 1 3 1 3 1 3 1 3 1 3 1 1 1 1 5 0 1 1 1 1 1 1 1 1 1 1 1 1 1 1 1 1 100 1 1 1 1 1 1 1 1 1 1 1 1 1 1 1 1 1 1 1 1 1 1 1 1 1 1 1 1 1 1 1 1 1 1 1 1 1 1 1 1 1 1 1 1 1 100 1 1 1 1 1 1 1 100 1 100 1 1
staticfield java/lang/Double TYPE Ljava/lang/Class; java/lang/Class
ciInstanceKlass java/lang/Byte 1 1 212 7 1 100 1 10 100 12 1 1 1 9 12 1 1 8 1 9 12 1 1 100 1 10 12 1 1 10 12 1 1 10 100 12 1 1 1 10 100 12 1 1 1 9 100 12 1 1 1 10 12 1 1 100 1 100 1 10 12 1 1 8 1 10 12 1 1 8 1 10 12 1 10 12 1 10 12 1 10 12 1 1 10 12 1 10 12 1 10 12 1 1 10 8 1 8 1 10 7 1 9 12 1 1 10 12 1 1 10 12 1 1 10 12 1 1 10 12 1 5 0 10 12 1 1 8 1 10 7 12 1 1 1 9 12 1 1 100 1 100 1 1 1 3 1 3 1 1 1 1 3 1 3 1 1 5 0 1 1 1 1 1 1 1 1 1 1 1 1 1 1 1 1 1 1 1 1 1 1 1 1 1 1 1 1 1 1 1 1 1 1 1 1 1 1 1 1 1 1 1 1 1 1 1 1 1 1 1 1 1 1 1
staticfield java/lang/Byte TYPE Ljava/lang/Class; java/lang/Class
ciInstanceKlass java/lang/Short 1 1 220 7 1 100 1 100 1 10 100 12 1 1 1 10 12 1 1 100 1 100 1 10 12 1 1 8 1 10 12 1 1 8 1 10 12 1 10 12 1 10 12 1 10 12 1 1 10 12 1 1 10 12 1 9 12 1 1 8 1 9 12 1 1 100 1 10 12 1 1 10 12 1 10 100 12 1 1 1 10 100 12 1 1 1 9 7 12 1 1 1 10 12 1 10 12 1 1 10 8 1 8 1 10 7 1 9 12 1 1 10 12 1 1 10 12 1 1 10 12 1 1 10 12 1 3 3 5 0 10 12 1 1 8 1 10 7 12 1 1 1 9 12 1 1 100 1 100 1 1 1 3 1 3 1 1 1 1 3 1 3 1 1 5 0 1 1 1 1 1 1 1 1 1 1 1 1 1 1 1 1 1 1 1 1 1 1 1 1 1 1 1 1 1 1 1 1 1 1 1 1 1 1 1 1 1 1 1 1 1 1 1 1 1 1 1 1 1 1 1 1
staticfield java/lang/Short TYPE Ljava/lang/Class; java/lang/Class
ciInstanceKlass java/lang/Integer 1 1 436 7 1 100 1 7 1 7 1 10 12 1 1 9 12 1 1 9 12 1 1 10 100 12 1 1 1 10 12 1 1 10 100 12 1 1 1 10 10 12 1 1 10 7 12 1 1 1 10 12 1 10 12 1 1 10 7 12 1 1 1 10 12 1 1 10 12 1 1 10 12 1 10 7 12 1 1 10 12 1 1 10 12 1 10 12 1 100 1 8 1 10 12 1 8 1 100 1 10 12 1 1 10 12 1 1 8 1 10 12 1 1 8 1 10 12 1 1 10 12 1 1 10 12 1 1 3 3 10 7 12 1 1 1 11 7 1 10 12 1 1 11 10 12 1 1 10 12 1 1 8 1 10 12 1 10 12 1 8 1 100 1 10 12 1 8 1 10 12 1 1 10 12 1 8 1 10 12 1 10 12 1 7 1 9 12 1 1 9 12 1 1 10 12 1 10 7 1 9 12 1 10 12 1 10 12 1 10 12 1 1 10 12 1 1 10 7 12 1 1 1 10 12 1 1 8 1 8 1 10 12 1 1 8 1 8 1 8 1 8 1 8 1 8 1 10 12 1 10 12 1 10 12 1 5 0 3 3 3 3 10 12 1 10 12 1 3 10 12 1 10 100 12 1 1 1 10 12 1 1 10 12 1 1 8 1 10 7 12 1 1 1 9 12 1 1 100 1 100 1 100 1 1 1 1 3 1 1 1 1 1 3 1 3 1 1 5 0 1 1 1 1 1 1 1 1 1 100 1 1 1 1 1 1 1 1 1 1 1 1 1 1 1 1 1 1 1 1 1 1 1 1 1 1 1 1 1 1 1 1 1 1 1 1 1 1 1 1 1 1 1 1 1 1 1 1 1 1 1 1 1 1 1 1 1 1 1 1 1 1 1 1 1 1 1 1 1 1 1 1 1 1 1 1 1 1 1 1 1 1 1 1 1 1 1 1 1 1 1 1 1 100 1 1 1 1 1 1 1 1 1 100 1 100 1 1
staticfield java/lang/Integer TYPE Ljava/lang/Class; java/lang/Class
staticfield java/lang/Integer digits [B 36
ciInstanceKlass java/lang/Long 1 1 498 7 1 100 1 7 1 7 1 10 12 1 1 9 12 1 1 9 7 12 1 1 1 10 7 12 1 1 1 10 12 1 1 10 100 12 1 1 1 10 10 12 10 12 1 10 12 1 10 12 1 5 0 5 0 100 1 10 12 1 1 10 12 1 1 10 12 1 10 12 1 10 12 1 10 12 1 1 10 100 12 1 1 10 12 1 10 12 1 1 10 12 1 1 10 12 1 1 10 12 1 1 10 7 12 1 1 1 10 12 1 1 10 12 1 10 12 1 10 7 12 1 1 10 12 1 1 10 12 1 10 12 1 100 1 8 1 10 12 1 8 1 100 1 10 12 1 10 12 1 1 8 1 10 12 1 1 8 1 10 12 1 1 10 12 1 1 10 12 1 1 5 0 5 0 10 100 12 1 1 1 11 100 1 10 12 1 1 11 10 12 1 1 10 12 1 1 8 1 5 0 10 12 1 1 10 12 1 1 8 1 8 1 10 12 1 8 1 10 12 1 10 12 1 5 0 5 0 9 7 12 1 1 1 10 12 1 10 12 1 1 8 1 8 1 10 12 1 1 8 1 8 1 8 1 8 1 8 1 8 1 10 12 1 10 12 1 10 7 1 9 12 1 1 10 12 1 10 12 1 1 10 12 1 1 10 7 12 1 1 1 10 12 1 1 10 12 1 10 12 1 10 12 1 5 0 5 0 5 0 10 12 1 1 10 12 1 5 0 5 0 10 12 10 12 1 10 100 12 1 1 1 10 12 1 1 10 12 1 1 8 1 10 7 12 1 1 1 9 12 1 1 100 1 100 1 100 1 1 1 1 5 0 1 1 1 1 3 1 3 1 5 0 1 1 1 1 1 1 1 1 1 100 1 1 1 1 1 1 1 1 1 1 1 1 1 1 1 1 1 1 1 1 1 1 1 1 1 1 1 1 1 1 1 1 1 1 1 1 1 1 1 1 1 1 1 1 1 1 1 1 1 1 1 1 1 1 1 1 1 1 1 1 1 1 1 1 1 1 1 1 1 1 1 1 1 1 1 1 1 1 1 1 1 1 1 1 1 1 1 1 1 1 1 1 1 1 1 1 1 1 1 1 100 1 1 1 1 1 1 1 1 1 100 1 100 1 1
staticfield java/lang/Long TYPE Ljava/lang/Class; java/lang/Class
ciInstanceKlass java/lang/Void 1 1 31 10 100 12 1 1 1 8 1 10 7 12 1 1 1 9 7 12 1 1 1 1 1 1 1 1 1 1 1 1 1
staticfield java/lang/Void TYPE Ljava/lang/Class; java/lang/Class
ciInstanceKlass java/util/Iterator 1 1 53 100 1 8 1 10 12 1 1 10 7 12 1 1 1 11 7 12 1 1 1 11 12 1 1 11 7 12 1 1 1 100 1 1 1 1 1 1 1 1 1 1 1 1 1 1 1 1 1 1 1 1 1
ciInstanceKlass java/lang/reflect/RecordComponent 0 0 196 10 100 12 1 1 1 9 100 12 1 1 1 9 12 1 1 9 12 1 10 12 1 1 10 12 1 1 10 100 12 1 1 1 10 12 1 1 9 12 1 1 10 12 1 1 10 12 1 1 10 12 1 10 100 12 1 1 10 100 12 1 1 9 12 1 1 10 100 12 1 1 1 11 100 12 1 1 1 10 9 100 12 1 1 1 10 100 12 1 1 1 9 12 1 1 10 100 12 1 1 1 10 12 1 1 11 100 12 1 1 10 100 12 1 1 100 1 9 12 1 9 12 1 1 9 12 1 10 100 12 1 1 1 10 12 1 1 10 12 1 1 100 1 10 10 12 1 10 12 1 1 8 1 10 12 1 10 12 1 9 12 1 100 1 1 1 1 1 1 1 1 1 1 1 1 1 1 1 1 1 1 1 1 1 1 100 1 1 1 1 1 1 100 1 1
ciInstanceKlass jdk/internal/vm/vector/VectorSupport 0 0 597 100 1 10 100 12 1 1 1 9 12 1 1 10 100 12 1 1 1 100 1 10 12 1 11 100 12 1 1 1 11 100 12 1 1 1 11 100 12 1 1 1 11 100 12 1 1 11 100 12 1 1 11 100 12 1 1 11 100 12 1 1 11 100 12 1 1 11 100 12 1 1 11 100 12 1 1 11 100 12 1 1 1 11 100 12 1 1 11 100 12 1 1 1 11 100 12 1 1 1 11 100 12 1 1 11 100 12 1 1 1 11 100 12 1 1 100 1 10 12 1 1 11 100 12 1 1 11 100 12 1 1 11 100 12 1 1 11 100 1 11 100 12 1 1 11 100 12 1 1 11 100 12 1 1 9 12 1 1 10 100 12 1 1 11 100 12 1 1 10 100 12 1 1 1 10 100 12 1 1 10 12 1 1 10 12 1 1 1 1 1 3 1 3 1 3 1 3 1 3 1 3 1 3 1 3 1 3 1 3 1 3 1 3 1 3 1 3 1 3 1 3 1 3 1 3 1 3 1 3 1 3 1 3 1 3 1 3 1 3 1 3 1 3 1 3 1 3 1 3 1 3 1 3 1 3 1 3 1 3 1 3 1 3 1 3 1 3 1 3 1 3 1 3 1 3 1 3 1 3 1 3 1 3 1 3 1 3 1 3 1 3 1 3 1 3 1 1 1 3 1 3 1 3 1 3 1 3 1 3 1 1 1 1 1 1 1 1 1 1 1 1 1 1 1 1 1 1 1 1 1 1 1 1 1 1 1 1 1 1 1 1 1 1 1 1 1 1 1 1 1 1 1 1 1 1 1 1 1 1 1 1 1 1 1 1 1 1 1 1 1 1 1 1 1 1 1 1 1 1 1 1 1 1 1 1 1 1 1 1 1 1 1 1 1 1 1 1 1 1 1 1 1 1 1 1 1 1 1 1 1 1 1 1 1 1 1 1 1 1 1 1 1 1 1 1 1 1 1 1 1 1 1 1 1 1 1 1 1 1 1 1 1 1 1 1 1 1 1 1 1 1 1 1 1 1 1 1 1 1 1 1 1 1 1 1 1 1 1 1 1 1 1 1 1 1 1 1 1 1 1 1 1 1 1 1 1 1 1 1 1 1 1 1 1 1 1 1 1 1 1 1 1 1 1 1 1 1 1 1 1 1 1 1 1 1 1 1 1 1 1 1 1 1 1 1 1 1 1 1 1 1 1 1 1 1 1 1 1 1 1 1 1 1 1 1 1 1 1 1 1 1 1 1 1 1 1 100 1 100 1 100 1 100 1 100 1 1 1 1 1 1 1 1 1 1 1 1 1 1 1 1 1 1 1 1 1 1 1 1 1 1 1 1 1 1 1
instanceKlass jdk/internal/vm/vector/VectorSupport$VectorShuffle
instanceKlass jdk/internal/vm/vector/VectorSupport$VectorMask
instanceKlass jdk/internal/vm/vector/VectorSupport$Vector
ciInstanceKlass jdk/internal/vm/vector/VectorSupport$VectorPayload 0 0 32 10 100 12 1 1 1 9 100 12 1 1 1 10 100 12 1 1 1 1 1 1 1 1 1 1 1 1 1 1 1 1
ciInstanceKlass jdk/internal/vm/vector/VectorSupport$Vector 0 0 28 10 100 12 1 1 1 100 1 1 1 1 1 1 1 1 1 1 1 1 1 1 1 100 1 1 1 1
ciInstanceKlass jdk/internal/vm/vector/VectorSupport$VectorMask 0 0 28 10 100 12 1 1 1 100 1 1 1 1 1 1 1 1 1 1 1 1 1 1 1 100 1 1 1 1
ciInstanceKlass jdk/internal/vm/vector/VectorSupport$VectorShuffle 0 0 28 10 100 12 1 1 1 100 1 1 1 1 1 1 1 1 1 1 1 1 1 1 1 100 1 1 1 1
ciInstanceKlass jdk/internal/vm/FillerObject 0 0 16 10 100 12 1 1 1 100 1 1 1 1 1 1 1 1
instanceKlass kotlin/KotlinNullPointerException
ciInstanceKlass java/lang/NullPointerException 1 1 52 10 100 12 1 1 1 10 12 1 9 100 12 1 1 1 10 12 1 1 9 12 1 1 10 12 1 1 10 12 1 1 1 1 5 0 1 1 1 1 1 1 1 1 100 1 100 1 100 1 1 1
ciInstanceKlass java/lang/ArithmeticException 1 1 26 10 100 12 1 1 1 10 12 1 100 1 1 1 1 5 0 1 1 1 1 1 1 1 1 1
ciInstanceKlass java/lang/ArrayIndexOutOfBoundsException 1 1 45 10 100 12 1 1 1 10 12 1 100 1 10 8 1 10 12 1 1 10 12 1 10 12 1 1 100 1 1 1 1 5 0 1 1 1 1 1 1 1 1 1 1 1 1
ciInstanceKlass java/lang/Math 1 1 480 7 1 7 1 10 100 12 1 1 1 10 7 12 1 1 1 10 12 1 10 12 1 10 12 1 10 12 1 10 12 1 6 0 6 0 10 12 1 10 12 1 10 12 1 10 12 1 10 12 1 10 12 1 1 10 12 1 10 12 1 10 12 1 10 12 1 10 12 1 10 7 12 1 1 1 100 1 3 3 3 10 12 1 1 100 1 5 0 5 0 5 0 5 0 5 0 9 100 12 1 1 1 10 100 12 1 1 1 100 1 8 1 10 12 1 8 1 10 12 1 1 10 12 1 1 100 1 5 0 5 0 100 1 3 5 0 3 5 0 10 12 1 10 12 1 10 12 1 10 12 1 10 12 1 8 1 10 12 1 8 1 10 12 1 1 10 12 1 1 9 12 1 1 9 12 1 100 1 100 1 10 10 12 1 1 8 1 10 12 1 10 12 1 1 10 10 12 1 10 12 1 10 12 1 10 12 1 1 8 1 8 1 10 12 1 1 10 12 1 10 12 10 12 10 12 1 10 12 1 10 12 1 10 12 1 10 12 6 0 10 12 1 9 12 1 1 100 1 10 10 12 1 100 1 10 12 1 10 12 1 1 10 12 1 10 12 1 10 12 10 12 1 1 10 12 1 1 10 12 1 1 10 12 6 0 10 12 1 1 10 12 10 12 1 4 10 12 1 10 12 1 10 12 10 12 1 10 12 1 10 12 1 10 12 1 10 12 1 10 12 1 5 0 6 0 4 6 0 4 6 0 4 10 12 1 6 0 6 0 10 12 1 10 12 8 1 10 12 1 10 12 1 8 1 8 1 10 12 10 12 10 7 12 1 1 1 4 6 0 1 1 1 6 0 1 6 0 1 6 0 1 1 1 1 1 1 1 1 1 1 1 1 1 1 1 1 1 1 1 1 1 1 1 1 1 1 1 1 1 1 1 1 1 1 1 1 1 1 1 1 1 1 1 1 1 1 1 1 1 1 1 1 1 1 1 1 1 1 1 1 1 1 1 1 1 1 1 1 1 1 1 1 1 1 1 1 1 1 1 1 1 1 1 1 1 1 1 1 1 1 1 1 1 1 1 1 1 1 1
staticfield java/lang/Math negativeZeroFloatBits J -2147483648
staticfield java/lang/Math negativeZeroDoubleBits J -9223372036854775808
staticfield java/lang/Math $assertionsDisabled Z 1
ciInstanceKlass java/lang/StringLatin1 1 1 400 7 1 10 100 12 1 1 1 10 12 1 1 100 1 10 7 12 1 1 1 10 7 12 1 1 1 10 12 1 10 7 12 1 1 1 10 12 1 1 10 7 12 1 1 1 10 7 12 1 1 1 10 12 1 1 10 12 1 1 10 10 12 1 10 12 1 10 9 7 12 1 1 1 10 12 1 1 10 7 12 1 1 1 10 12 10 12 1 1 10 12 1 1 10 12 1 10 12 1 1 10 12 1 10 7 12 1 1 10 12 1 10 12 1 1 9 12 1 1 100 1 10 10 12 1 1 10 7 12 1 1 1 10 12 1 10 12 1 100 1 100 1 8 1 10 12 1 8 1 10 12 1 1 100 1 10 10 12 1 10 7 12 1 1 1 8 1 8 1 8 1 10 12 1 1 10 12 10 100 12 1 1 10 12 1 10 12 1 1 10 12 1 1 10 12 1 1 10 12 1 10 12 10 12 10 12 1 10 12 10 10 12 1 10 12 1 10 12 1 10 100 12 1 1 1 10 100 12 1 1 1 10 12 1 1 10 10 7 12 1 1 1 1 1 1 1 1 1 1 1 1 1 1 1 1 1 1 1 1 1 1 1 1 1 1 1 1 1 1 1 1 1 1 1 1 1 1 1 1 1 1 1 1 1 1 1 1 1 1 1 1 1 1 100 1 1 1 1 1 1 1 1 1 1 1 1 1 1 1 1 1 1 1 1 1 1 1 1 1 1 1 1 1 1 1 1 1 1 1 1 1 1 1 1 1 1 1 100 1 1 1 1 1 1 1 1 1 1 1 1 1 1 1 1 1 1 1 1 1 1 1 100 1 1 1 1 1 1 1 1 1 1 1 1 1 1 1 1 1 1 1 1 1 1 1 1 1 1 1 1 1 1 1 1 100 1 1 1 1
staticfield java/lang/StringLatin1 $assertionsDisabled Z 1
ciInstanceKlass jdk/internal/util/ArraysSupport 1 1 396 7 1 100 1 8 1 10 12 1 1 10 12 1 1 10 100 12 1 1 9 7 12 1 1 1 9 12 1 1 10 7 12 1 1 1 9 12 1 1 10 7 12 1 1 1 9 12 1 10 12 9 12 1 10 12 1 1 10 12 10 12 1 1 10 7 12 1 1 1 9 12 1 1 11 7 12 1 1 1 10 7 12 1 1 1 7 1 10 12 1 1 10 12 1 100 1 10 12 1 10 12 100 1 10 12 1 100 1 10 12 1 100 1 100 1 10 8 1 10 12 1 1 10 12 1 10 12 1 1 10 9 12 1 1 9 12 1 10 12 1 1 9 12 1 9 12 1 9 12 1 9 12 1 9 12 1 9 12 1 9 12 1 10 12 1 1 10 100 12 1 1 1 9 12 1 9 12 1 10 12 1 1 10 12 1 9 12 1 10 12 1 10 100 12 1 1 1 9 12 1 9 12 1 10 12 1 10 12 1 10 7 12 1 1 1 3 10 12 1 100 1 8 1 8 1 8 1 10 10 100 12 1 1 1 11 100 12 1 1 1 10 12 1 10 100 12 1 1 1 10 12 1 1 10 12 1 1 9 12 1 10 12 1 9 12 1 9 12 1 9 12 1 9 12 1 9 12 1 9 12 1 9 12 1 10 7 12 1 1 1 1 1 3 1 3 1 3 1 3 1 3 1 3 1 3 1 3 1 1 1 1 1 1 1 1 1 1 1 1 1 1 1 1 1 1 1 1 1 1 1 1 1 1 1 1 1 1 1 1 1 1 1 1 1 1 1 1 1 1 1 1 1 1 1 1 1 1 1 1 1 1 1 1 1 1 1 1 1 1 1 1 1 1 1 1 1 1 1 1 1 1 1 1 1 1 1 1 1 1 1 100 1 1 1 1
staticfield jdk/internal/util/ArraysSupport U Ljdk/internal/misc/Unsafe; jdk/internal/misc/Unsafe
staticfield jdk/internal/util/ArraysSupport BIG_ENDIAN Z 0
staticfield jdk/internal/util/ArraysSupport LOG2_ARRAY_BOOLEAN_INDEX_SCALE I 0
staticfield jdk/internal/util/ArraysSupport LOG2_ARRAY_BYTE_INDEX_SCALE I 0
staticfield jdk/internal/util/ArraysSupport LOG2_ARRAY_CHAR_INDEX_SCALE I 1
staticfield jdk/internal/util/ArraysSupport LOG2_ARRAY_SHORT_INDEX_SCALE I 1
staticfield jdk/internal/util/ArraysSupport LOG2_ARRAY_INT_INDEX_SCALE I 2
staticfield jdk/internal/util/ArraysSupport LOG2_ARRAY_LONG_INDEX_SCALE I 3
staticfield jdk/internal/util/ArraysSupport LOG2_ARRAY_FLOAT_INDEX_SCALE I 2
staticfield jdk/internal/util/ArraysSupport LOG2_ARRAY_DOUBLE_INDEX_SCALE I 3
staticfield jdk/internal/util/ArraysSupport LOG2_BYTE_BIT_SIZE I 3
staticfield jdk/internal/util/ArraysSupport JLA Ljdk/internal/access/JavaLangAccess; java/lang/System$1
instanceKlass org/jdom/IllegalDataException
instanceKlass org/jdom/IllegalNameException
instanceKlass org/jdom/IllegalAddException
instanceKlass java/nio/charset/UnsupportedCharsetException
instanceKlass java/nio/charset/IllegalCharsetNameException
instanceKlass java/security/InvalidParameterException
instanceKlass kotlinx/serialization/SerializationException
instanceKlass java/nio/file/InvalidPathException
instanceKlass java/lang/NumberFormatException
ciInstanceKlass java/lang/IllegalArgumentException 1 1 35 10 7 12 1 1 1 10 12 1 10 12 1 10 12 1 100 1 1 1 1 5 0 1 1 1 1 1 1 1 1 1 1 1 1
ciInstanceKlass java/lang/StringUTF16 1 1 603 100 1 7 1 10 100 12 1 1 1 10 7 12 1 1 1 100 1 10 3 100 1 100 1 10 8 1 10 12 1 1 10 12 1 8 1 10 12 1 1 10 12 1 9 12 1 1 10 12 1 1 100 1 8 1 10 12 1 9 12 1 1 9 12 1 10 10 12 1 1 10 12 1 1 10 7 12 1 1 1 10 12 1 10 12 1 1 10 12 1 1 10 12 1 1 10 12 1 1 10 12 1 10 12 1 1 10 12 1 1 10 12 1 1 10 12 1 1 10 12 1 1 10 12 1 10 7 12 1 1 1 10 12 1 1 10 100 12 1 1 1 10 12 1 1 10 12 1 10 12 1 1 10 12 1 1 10 12 1 1 10 12 1 10 12 1 100 1 10 12 1 10 10 12 1 10 12 1 1 10 12 1 10 100 12 1 1 1 10 12 1 1 10 12 10 12 1 1 10 12 1 10 12 1 1 10 12 1 10 12 1 10 12 1 10 12 1 10 7 12 1 1 1 3 10 12 1 10 12 1 10 12 1 10 12 1 10 12 1 10 12 1 1 9 12 1 10 12 1 10 12 10 12 1 1 10 12 1 10 12 1 10 12 1 10 10 12 10 12 10 10 12 1 1 10 12 1 10 12 1 10 12 1 100 1 8 1 8 1 10 12 1 1 100 1 10 10 7 12 1 1 1 10 7 12 1 1 8 1 8 1 8 1 10 12 1 1 10 12 1 1 10 12 10 100 12 1 1 10 12 1 1 10 12 1 1 10 12 1 10 12 10 12 10 12 1 10 12 10 12 1 10 12 1 10 12 1 10 12 1 10 100 12 1 1 1 10 100 12 1 1 1 10 12 1 1 11 100 12 1 1 10 12 1 1 10 12 1 10 12 10 12 10 7 12 1 1 1 10 7 12 1 1 1 10 12 1 1 1 1 1 1 1 1 1 1 1 1 1 1 1 1 1 1 1 1 1 1 1 1 1 1 1 1 1 1 100 1 1 1 1 1 1 1 1 1 1 1 1 1 1 1 1 1 1 1 1 1 1 1 1 1 1 1 1 1 1 1 1 1 1 1 1 1 1 1 1 1 1 1 1 1 1 1 1 1 1 1 1 1 1 1 1 1 1 1 1 1 1 1 1 1 1 1 1 1 1 1 1 1 1 1 1 1 1 1 1 1 1 1 1 1 1 1 1 1 100 1 1 1 1 1 1 1 1 1 1 1 1 1 1 1 1 1 100 1 1 1 1 1 1 1 1 1 1 1 1 1 1 1 1 1 1 1 1 1 1 1 1 1 1 1 1 1 1 1 1 1 1 1 1 1 1 1 1 1 1 1 1 1 1 1 1 1 100 1 100 1 1 1 1 1
staticfield java/lang/StringUTF16 HI_BYTE_SHIFT I 0
staticfield java/lang/StringUTF16 LO_BYTE_SHIFT I 8
staticfield java/lang/StringUTF16 $assertionsDisabled Z 1
ciInstanceKlass com/intellij/util/lang/ResourceFile 1 0 45 100 1 100 1 1 1 1 100 1 1 1 1 1 1 1 1 1 1 1 1 1 1 1 1 1 1 1 1 1 100 1 100 1 1 100 1 100 1 1 100 1 100 1 1
ciInstanceKlass com/intellij/util/lang/ClasspathCache 1 1 253 10 7 12 1 1 1 9 7 12 1 1 1 9 12 1 9 12 1 9 12 1 1 9 12 1 11 7 12 1 1 1 7 1 9 12 1 1 10 12 1 10 12 1 11 12 1 1 11 12 1 1 10 12 1 1 11 12 1 11 12 1 8 1 10 7 12 1 1 1 10 12 1 1 10 12 1 1 11 7 12 1 1 1 7 1 10 12 1 9 7 12 1 1 1 10 7 12 1 1 1 11 7 12 1 1 1 10 12 1 1 7 1 10 12 1 1 10 12 1 1 10 7 12 1 1 1 10 12 1 18 12 1 18 12 1 1 1 1 1 1 1 1 1 1 1 1 1 1 1 1 1 1 1 1 1 1 1 1 1 1 1 1 1 1 1 1 1 1 1 1 1 1 1 1 1 1 1 1 1 1 1 100 1 1 1 1 1 1 1 1 1 1 1 1 16 15 10 12 16 16 15 10 12 16 15 10 7 12 1 1 1 1 1 100 1 1 100 1 100 1 1 100 1 100 1 1 1 1 12 10 1 8 8 8 8 8 8 8 8 8 8 1 1 12 10 1 100 1 12 10 1 100
staticfield com/intellij/util/lang/ClasspathCache ARRAY_FACTORY Ljava/util/function/IntFunction; com/intellij/util/lang/ClasspathCache$$Lambda+0x0000000011083910
staticfield com/intellij/util/lang/ClasspathCache NULL Ljava/util/function/LongFunction; com/intellij/util/lang/ClasspathCache$$Lambda+0x0000000011083b70
ciInstanceKlass com/intellij/util/lang/CharSequenceAccess 1 1 59 10 100 12 1 1 1 10 7 12 1 1 1 9 12 1 1 9 7 12 1 1 1 9 100 1 9 7 12 1 1 1 1 1 1 1 1 1 1 1 100 1 1 1 1 1 1 1 100 1 1 1 100 1 100 1 100 1 1
staticfield com/intellij/util/lang/CharSequenceAccess INSTANCE Lcom/intellij/util/lang/Access; com/intellij/util/lang/CharSequenceAccess$LittleEndianCharSequenceAccess
ciInstanceKlass com/intellij/util/lang/Access 1 1 41 11 7 12 1 1 1 5 0 100 1 1 1 1 1 1 1 1 1 1 1 1 1 1 1 1 1 1 1 1 1 1 1 1 1 1 100 1 100 1 1
ciInstanceKlass com/intellij/util/lang/CharSequenceAccess$LittleEndianCharSequenceAccess 1 1 63 10 7 12 1 1 1 10 7 12 1 1 1 10 12 1 1 10 12 1 1 7 1 10 12 1 1 10 12 1 1 10 12 1 10 12 1 9 12 1 1 1 1 1 1 1 1 1 1 1 1 1 1 1 1 1 1 100 1 1 100 1 1
staticfield com/intellij/util/lang/CharSequenceAccess$LittleEndianCharSequenceAccess INSTANCE Lcom/intellij/util/lang/CharSequenceAccess$BaseCharSequenceAccess; com/intellij/util/lang/CharSequenceAccess$LittleEndianCharSequenceAccess
ciInstanceKlass com/intellij/util/lang/Xxh3Impl 1 1 759 7 1 10 100 12 1 1 1 9 12 1 1 11 7 12 1 1 1 10 7 12 1 1 1 10 12 1 1 10 12 1 5 0 11 12 1 1 11 12 1 10 12 1 11 12 1 10 12 1 1 9 12 1 1 10 12 1 5 0 10 12 1 1 10 12 1 1 5 0 5 0 5 0 5 0 5 0 5 0 5 0 10 12 1 1 5 0 10 12 1 1 5 0 10 12 1 5 0 5 0 5 0 5 0 5 0 5 0 5 0 5 0 5 0 5 0 5 0 5 0 5 0 5 0 5 0 5 0 5 0 5 0 5 0 5 0 5 0 5 0 5 0 5 0 5 0 5 0 5 0 5 0 5 0 5 0 5 0 5 0 5 0 5 0 5 0 5 0 5 0 5 0 5 0 5 0 5 0 5 0 5 0 5 0 5 0 5 0 5 0 5 0 5 0 5 0 5 0 5 0 5 0 5 0 5 0 5 0 5 0 5 0 5 0 5 0 5 0 5 0 5 0 5 0 5 0 5 0 5 0 5 0 5 0 5 0 5 0 5 0 5 0 5 0 5 0 5 0 5 0 5 0 5 0 5 0 5 0 5 0 5 0 5 0 5 0 5 0 5 0 5 0 5 0 5 0 5 0 5 0 5 0 5 0 5 0 5 0 5 0 5 0 5 0 5 0 5 0 5 0 5 0 5 0 5 0 5 0 5 0 5 0 5 0 5 0 5 0 5 0 5 0 5 0 5 0 5 0 5 0 5 0 5 0 5 0 5 0 5 0 5 0 5 0 5 0 5 0 5 0 5 0 5 0 5 0 5 0 5 0 5 0 5 0 5 0 5 0 5 0 5 0 5 0 5 0 5 0 5 0 5 0 5 0 5 0 5 0 5 0 5 0 5 0 5 0 5 0 5 0 5 0 5 0 5 0 5 0 5 0 5 0 5 0 5 0 5 0 5 0 5 0 5 0 5 0 5 0 5 0 5 0 5 0 5 0 5 0 5 0 5 0 5 0 5 0 5 0 5 0 5 0 5 0 5 0 5 0 5 0 5 0 5 0 5 0 3 3 3 3 3 3 3 3 3 3 3 3 3 3 3 3 3 3 3 3 3 3 3 3 3 3 3 3 3 3 3 3 3 3 3 3 3 3 3 3 3 3 3 3 3 3 3 3 3 3 3 3 3 3 3 3 3 3 3 3 3 3 3 3 3 3 3 3 3 3 3 3 3 3 3 3 3 3 3 3 3 3 3 3 3 3 3 3 3 3 3 3 3 3 3 3 3 3 3 3 3 3 3 3 3 3 3 3 3 3 3 3 3 3 3 3 3 3 3 3 3 3 3 3 3 3 3 3 3 3 3 3 3 3 3 3 3 3 3 3 3 3 3 3 3 3 3 3 3 3 3 3 3 3 3 3 3 3 3 3 3 3 3 3 3 3 3 3 3 3 3 3 3 3 3 3 3 3 3 3 3 3 3 3 3 3 3 3 3 1 1 1 1 1 1 1 1 1 1 1 1 3 1 3 1 1 1 1 1 1 1 1 1 1 1 1 1 1 1 1 1 1 1 1 1 1 1 1 1 1 1 1 1 1 1 1 1 1 1 1 1 1 1 1 1 1 1 1 1 1 1 1 1 1 1 1 1 1 1 1 1 1 1 1 1 1 1 1 1 1 1 1 1 1 1 1 1 1 1 1 1 1 1 1 1 1 1 100 1 100 1 1
staticfield com/intellij/util/lang/Xxh3Impl secretLong [J 185
staticfield com/intellij/util/lang/Xxh3Impl secretInt [I 189
ciInstanceKlass com/intellij/util/lang/ZipResourceFile 1 1 264 10 7 12 1 1 1 9 7 12 1 1 1 11 7 12 1 1 1 9 12 1 1 10 7 12 1 1 1 100 1 100 1 10 12 1 11 12 1 1 100 1 8 1 11 12 1 1 10 100 12 1 1 100 1 10 12 1 10 12 1 1 7 1 10 12 1 1 7 1 7 1 10 12 1 7 1 7 1 10 10 12 1 1 7 1 10 12 1 1 9 7 12 1 1 1 10 12 1 1 11 7 12 1 1 1 11 12 1 1 11 12 1 1 11 12 1 1 11 12 1 1 11 12 1 11 12 1 1 7 1 10 12 1 100 1 1 1 1 1 1 1 1 1 1 1 1 1 1 1 100 1 1 1 1 1 1 1 1 1 1 1 1 1 1 1 1 1 1 1 100 1 1 1 1 1 1 1 1 1 100 1 1 1 1 1 1 1 1 1 1 1 1 1 100 1 100 1 1 1 100 1 100 1 1 1 1 100 1 100 1 100 1 1 100 1 1 100 1 1 1 1 1 1 1 100 1 1 1 1 12 10 1 8 1 8 8 8 8 8 8 8 8 8 8 8 8 1 100 1 1 12 10 1 100 12 10 1 100 10 1 100 1 100
ciInstanceKlass com/intellij/util/lang/ClasspathCache$IndexRegistrar 1 1 33 100 1 100 1 1 1 1 1 1 1 1 1 1 1 1 1 1 1 1 1 1 1 1 1 1 1 1 1 1 100 1 1
ciInstanceKlass com/intellij/util/lang/ZipFile 1 1 121 10 7 12 1 1 1 9 7 12 1 1 1 10 12 1 1 10 7 12 1 1 1 100 1 10 100 12 1 1 100 1 100 1 100 1 1 1 1 100 1 1 1 1 1 1 1 1 1 1 1 1 1 1 1 1 1 1 1 1 1 1 1 1 1 1 1 1 1 1 1 1 1 100 1 1 1 100 1 100 1 1 1 1 12 11 1 100 1 8 1 8 8 8 8 1 100 1 1 12 10 1 100 1 1 12 10 1 100 10 1 100 1 100 1 100 1 8 10 1 1
ciInstanceKlass com/intellij/util/lang/Hash 1 1 97 10 100 12 1 1 1 5 0 10 7 12 1 1 1 10 7 12 1 1 1 10 12 1 1 5 0 100 1 100 1 10 8 1 10 12 1 1 10 12 1 8 1 10 12 1 8 1 10 12 1 1 10 12 1 10 7 12 1 1 1 10 12 1 1 1 1 1 4 1 1 3 1 1 1 1 1 1 1 1 1 1 1 1 1 1 1 1 1 1 1 1 100 1 100 1 1
ciInstanceKlass com/intellij/util/lang/ByteArrayAccess 1 1 77 10 7 12 1 1 1 9 7 12 1 1 1 10 7 12 1 1 1 9 12 1 10 12 1 7 1 10 12 1 10 12 1 10 12 1 7 1 9 7 12 1 1 1 10 7 12 1 1 1 7 1 10 9 12 1 1 100 1 1 1 1 1 1 1 1 1 1 1 1 1 1 1 1 1 1 1
staticfield com/intellij/util/lang/ByteArrayAccess LONG_HANDLE Ljava/lang/invoke/VarHandle; java/lang/invoke/VarHandleByteArrayAsLongs$ArrayHandle
staticfield com/intellij/util/lang/ByteArrayAccess INT_HANDLE Ljava/lang/invoke/VarHandle; java/lang/invoke/VarHandleByteArrayAsInts$ArrayHandle
staticfield com/intellij/util/lang/ByteArrayAccess INSTANCE Lcom/intellij/util/lang/ByteArrayAccess; com/intellij/util/lang/ByteArrayAccess
ciInstanceKlass com/intellij/util/lang/HashMapZipFile 1 1 348 100 1 10 7 12 1 1 1 9 7 12 1 1 1 9 12 1 1 9 12 1 1 9 12 1 10 12 1 1 100 1 3 7 1 10 12 1 1 10 100 12 1 1 1 10 7 12 1 1 1 10 12 1 10 7 12 1 1 1 10 12 1 1 10 12 1 1 10 12 1 1 11 100 12 1 1 1 10 12 1 1 11 100 12 1 1 1 10 100 12 1 1 7 1 10 12 1 1 10 12 1 1 10 12 1 1 10 12 1 1 10 12 1 1 7 1 10 12 1 9 7 12 1 1 1 10 12 1 1 10 7 12 1 1 1 10 12 1 1 10 12 1 1 3 100 1 18 12 1 1 10 12 1 10 12 1 1 9 12 1 10 12 1 1 10 12 1 1 10 12 1 1 10 12 1 10 12 1 10 12 1 10 12 1 5 0 9 12 1 1 10 12 1 10 100 12 1 1 1 100 1 1 1 1 1 1 1 1 1 1 100 1 1 1 1 1 1 1 1 1 1 1 1 1 1 1 1 1 1 1 1 100 1 1 1 1 1 1 1 1 1 1 1 1 1 1 1 1 1 1 1 1 1 100 1 1 1 1 1 1 1 1 1 1 1 1 1 1 1 1 1 1 1 1 1 1 1 1 1 1 1 1 100 1 1 1 1 1 1 8 1 15 10 100 12 1 1 1 100 1 1 100 1 100 1 1 100 1 100 1 1 1 12 10 1 8 1 8 8 8 8 8 8 8 8 8 8 8 8 8 8 8 8 1 1 12 10 1 100 10 1 100 10 1 100 1 100
ciInstanceKlass com/intellij/util/lang/ImmutableZipEntry 1 1 268 10 7 12 1 1 1 9 7 12 1 1 1 9 12 1 1 5 0 9 12 1 1 9 12 1 9 12 1 9 12 1 1 10 100 12 1 1 1 100 1 8 1 10 12 1 9 7 12 1 1 100 1 10 9 12 1 1 10 12 1 1 10 7 12 1 1 1 7 1 10 12 1 10 12 1 1 10 12 1 1 100 1 8 1 10 10 12 1 100 1 10 12 1 1 100 1 8 1 10 18 12 1 1 7 1 10 12 1 1 10 12 1 9 7 12 1 1 1 10 12 1 1 11 100 12 1 1 1 10 12 1 1 10 12 1 10 12 1 1 10 12 1 10 12 1 10 12 1 10 12 1 10 12 1 1 3 100 1 18 12 1 10 1 1 3 1 3 1 1 1 1 1 1 1 1 1 1 1 1 1 1 1 1 1 1 1 1 1 1 1 1 1 1 1 1 1 1 1 100 100 1 1 1 1 1 1 1 1 1 1 1 1 1 1 1 1 1 1 1 1 1 1 8 1 8 1 15 10 100 12 1 1 1 100 1 100 1 1 100 1 100 1 1 1 12 10 1 8 1 8 8 8 8 8 8 8 1 1 12 10 1 100 10 1 100 1 100
ciInstanceKlass com/intellij/util/lang/ClasspathCache$LoaderDataBuilder 1 1 117 7 1 10 7 12 1 1 1 7 1 10 9 7 12 1 1 1 9 12 1 10 12 1 1 9 12 1 1 7 1 10 12 1 10 7 12 1 1 10 12 1 1 10 12 1 1 8 1 10 12 1 1 10 12 1 1 100 1 1 1 1 1 1 1 1 1 1 1 1 1 1 1 1 1 1 1 1 1 1 1 1 1 1 1 1 1 1 1 1 1 100 1 100 1 1 1 1 12 10 1 8 8 8 8 8 8 1 1 12 10 1 100 12 10 1 100
ciInstanceKlass com/intellij/util/lang/StrippedLongSet 1 1 116 9 7 12 1 1 1 9 12 1 1 9 12 1 10 7 12 1 1 1 100 1 8 1 10 12 1 8 1 9 12 1 1 10 7 12 1 1 1 9 12 1 10 12 1 9 12 9 12 1 1 4 10 12 1 10 12 1 1 100 1 10 12 1 10 12 1 1 10 12 1 1 10 12 1 1 10 12 1 1 1 1 1 1 1 1 1 1 1 1 1 1 1 1 1 100 1 1 1 1 1 1 1 1 1 1 1 1 1 1 1 1 1 1 1 1
ciMethod java/lang/Object <init> ()V 1024 0 1037732 0 112
ciMethod java/lang/String length ()I 594 0 457113 0 104
ciMethod java/lang/String startsWith (Ljava/lang/String;I)Z 516 0 8750 0 640
ciMethod java/lang/String endsWith (Ljava/lang/String;)Z 512 0 42546 0 0
ciMethod java/lang/String lastIndexOf (I)I 514 0 62311 0 440
ciMethod java/lang/String lastIndexOf (II)I 512 0 64211 0 264
ciMethod java/lang/String coder ()B 810 0 536528 0 80
ciMethod java/lang/String isLatin1 ()Z 526 0 461430 0 88
ciMethod java/lang/Long reverseBytes (J)J 0 0 462 0 -1
ciMethod java/lang/Math ceil (D)D 512 0 1765 0 -1
ciMethod java/lang/Math max (JJ)J 512 0 1518 0 -1
ciMethod java/lang/Math min (II)I 514 0 173437 0 -1
ciMethod java/lang/StringLatin1 canEncode (I)Z 516 0 29122 0 104
ciMethod java/lang/StringLatin1 lastIndexOf ([BII)I 214 16388 793 0 216
ciMethod jdk/internal/util/ArraysSupport vectorizedMismatch (Ljava/lang/Object;JLjava/lang/Object;JII)I 1026 860 746 0 -1
ciMethod jdk/internal/util/ArraysSupport mismatch ([BI[BII)I 444 0 7377 0 536
ciMethodData java/lang/Object <init> ()V 2 1037236 orig 80 1 0 0 0 0 0 0 0 0 0 0 0 0 0 0 0 0 0 0 0 0 0 0 0 0 0 0 0 0 0 0 0 0 0 0 0 0 0 0 0 0 0 0 0 0 0 0 0 0 0 0 0 0 0 0 0 0 0 0 0 0 0 0 0 0 0 0 0 0 0 0 0 0 0 0 0 0 0 0 0 data 4 0x0 0x9 0x1 0x0 oops 0 methods 0
ciMethod java/lang/IllegalArgumentException <init> (Ljava/lang/String;)V 0 0 1 0 -1
ciMethodData java/lang/String isLatin1 ()Z 2 461173 orig 80 1 0 0 0 1 0 0 0 0 0 0 0 0 0 0 0 0 0 0 0 0 0 0 0 0 0 0 0 0 0 0 0 0 0 0 0 0 0 0 3 0 0 0 0 0 0 0 0 0 0 0 0 0 0 0 0 0 0 0 0 0 0 0 0 0 0 0 0 0 0 0 0 0 0 0 0 0 0 0 0 data 18 0x30007 0x0 0x58 0x709a1 0x80000006000a0007 0x124 0x38 0x7085e 0xe0003 0x7087d 0x18 0x0 0x0 0x0 0x0 0x9 0x1 0x0 oops 0 methods 0
ciMethodData java/lang/String coder ()B 2 536168 orig 80 0 0 0 0 0 0 0 0 0 0 0 0 0 0 0 0 0 0 0 0 0 0 0 0 0 0 0 0 0 0 0 0 0 0 0 0 0 0 0 0 0 0 0 0 0 0 0 0 0 0 0 0 0 0 0 0 0 0 0 0 0 0 0 0 0 0 0 0 0 0 0 0 0 0 0 0 0 0 0 0 data 14 0x30007 0x0 0x38 0x82ebc 0xa0003 0x82ef5 0x18 0x0 0x0 0x0 0x0 0x9 0x1 0x0 oops 0 methods 0
ciMethodData java/lang/String length ()I 2 456816 orig 80 0 0 0 0 0 0 0 0 0 0 0 0 0 0 0 0 0 0 0 0 0 0 0 0 0 0 0 0 0 0 0 0 0 0 0 0 0 0 0 0 0 0 0 0 0 0 0 0 0 0 0 0 0 0 0 0 0 0 0 0 0 0 0 0 0 0 0 0 0 0 0 0 0 0 0 0 0 0 0 0 data 15 0x60005 0x0 0x1afbfbb5818 0x6f958 0x0 0x0 0x0 0x0 0x0 0x0 0x0 0x0 0x9 0x1 0x0 oops 1 2 java/lang/String methods 0
ciMethod java/lang/StringUTF16 getChar ([BI)C 42868 0 12872 0 -1
ciMethod java/lang/StringUTF16 lastIndexOf ([BII)I 0 0 1 0 -1
ciMethodData java/lang/String startsWith (Ljava/lang/String;I)Z 2 8492 orig 80 0 0 0 0 0 0 0 0 0 0 0 0 0 0 0 0 0 0 0 0 0 0 0 0 0 0 0 0 0 0 0 0 0 0 0 0 0 0 0 0 0 0 0 0 0 0 0 0 0 0 0 0 0 0 0 0 0 0 0 0 0 0 0 0 0 0 0 0 0 0 0 0 0 0 0 0 0 0 0 0 data 74 0x10007 0xc 0xa0 0x2121 0x60005 0xa 0x1afbfbb5818 0x2117 0x0 0x0 0xa0005 0xa 0x1afbfbb5818 0x2117 0x0 0x0 0xe0007 0x1f60 0x20 0x1c1 0x270005 0x9 0x1afbfbb5818 0x1f57 0x0 0x0 0x2f0005 0x9 0x1afbfbb5818 0x1f57 0x0 0x0 0x320007 0x0 0x88 0x1f60 0x380007 0x1f60 0x20 0x0 0x460002 0x1f60 0x490007 0x1973 0x38 0x5ec 0x4d0003 0x5ec 0x18 0x540007 0x0 0x20 0x0 0x5d0007 0x0 0x50 0x0 0x650002 0x0 0x740007 0x0 0xffffffffffffffd0 0x0 0x0 0x0 0x0 0x0 0x0 0x0 0x9 0x3 0x0 0x0 0x0 oops 4 6 java/lang/String 12 java/lang/String 22 java/lang/String 28 java/lang/String methods 0
ciMethodData jdk/internal/util/ArraysSupport mismatch ([BI[BII)I 2 7155 orig 80 0 0 0 0 0 0 0 0 0 0 0 0 0 0 0 0 0 0 0 0 0 0 0 0 0 0 0 0 0 0 0 0 0 0 0 0 0 0 0 0 0 0 0 0 0 0 0 0 0 0 0 0 0 0 0 0 0 0 0 0 0 0 0 0 0 0 0 0 0 0 0 0 0 0 0 0 0 0 0 0 data 38 0x70007 0xcd8 0x70 0xf1c 0x100007 0x521 0x20 0x9fb 0x300002 0x521 0x370007 0x4de 0x20 0x43 0x4a0007 0x557 0x58 0xd1e 0x590007 0xbf 0x20 0xc5f 0x620003 0xbf 0xffffffffffffffc0 0x0 0x0 0x0 0x0 0x0 0x0 0x9 0x5 0x0 0x0 0x0 0x0 0x0 oops 0 methods 0
ciMethodData java/lang/StringLatin1 canEncode (I)Z 2 28864 orig 80 0 0 0 0 0 0 0 0 0 0 0 0 0 0 0 0 0 0 0 0 0 0 0 0 0 0 0 0 0 0 0 0 0 0 0 0 0 0 0 0 0 0 0 0 0 0 0 0 0 0 0 0 0 0 0 0 0 0 0 0 0 0 0 0 0 0 0 0 0 0 0 0 0 0 0 0 0 0 0 0 data 15 0x10007 0x0 0x58 0x70c0 0x80007 0x0 0x38 0x70c0 0xc0003 0x70c0 0x18 0x0 0x9 0x1 0x0 oops 0 methods 0
ciMethodData java/lang/String endsWith (Ljava/lang/String;)Z 2 42290 orig 80 0 0 0 0 0 0 0 0 0 0 0 0 0 0 0 0 0 0 0 0 0 0 0 0 0 0 0 0 0 0 0 0 0 0 0 0 0 0 0 0 0 0 0 0 0 0 0 0 0 0 0 0 0 0 0 0 0 0 0 0 0 0 0 0 0 0 0 0 0 0 0 0 0 0 0 0 0 0 0 0 data 28 0x30005 0x0 0x1afbfbb5818 0xa534 0x0 0x0 0x70005 0x0 0x1afbfbb5818 0xa535 0x0 0x0 0xb0005 0x0 0x1afbfbb5818 0xa525 0x0 0x0 0x0 0x0 0x0 0x0 0x0 0x0 0x9 0x2 0x0 0x0 oops 3 2 java/lang/String 8 java/lang/String 14 java/lang/String methods 0
ciMethodData java/lang/StringLatin1 lastIndexOf ([BII)I 2 686 orig 80 1 0 0 0 0 0 0 0 0 0 0 0 0 0 0 0 0 0 0 0 0 0 0 0 0 0 0 0 0 0 0 0 0 0 0 1 0 0 0 0 0 0 0 0 0 0 0 0 0 0 0 0 0 0 0 0 0 0 0 0 0 0 0 0 0 0 0 0 0 0 0 0 0 0 0 0 0 0 0 0 data 30 0x10002 0x2ae 0x40007 0x2ae 0x20 0x0 0xe0002 0x2ae 0x130007 0xc1 0x58 0x6638 0x1b0007 0x644a 0x20 0x1ee 0x230003 0x644a 0xffffffffffffffc0 0x0 0x0 0x0 0x0 0x0 0x0 0x9 0x3 0x0 0x0 0x0 oops 0 methods 0
ciMethodData java/lang/String lastIndexOf (II)I 2 63955 orig 80 0 0 0 0 0 0 0 0 0 0 0 0 0 0 0 0 0 0 0 0 0 0 0 0 0 0 0 0 0 0 0 0 0 0 0 0 0 0 0 0 0 0 0 0 0 0 0 0 0 0 0 0 0 0 0 0 0 0 0 0 0 0 0 0 0 0 0 0 0 0 0 0 0 0 0 0 0 0 0 0 data 28 0x10005 0x2 0x1afbfbb5818 0xf9d2 0x0 0x0 0x40007 0x0 0x48 0xf9ce 0xd0002 0xf9cd 0x100003 0xf9d5 0x28 0x190002 0x0 0x0 0x0 0x0 0x0 0x0 0x0 0x9 0x3 0x0 0x0 0x0 oops 1 2 java/lang/String methods 0
ciMethodData java/lang/String lastIndexOf (I)I 2 62065 orig 80 0 0 0 0 0 0 0 0 0 0 0 0 0 0 0 0 0 0 0 0 0 0 0 0 0 0 0 0 0 0 0 0 0 0 0 0 0 0 0 0 0 0 0 0 0 0 0 0 0 0 0 0 0 0 0 0 0 0 0 0 0 0 0 0 0 0 0 0 0 0 0 0 0 0 0 0 0 0 0 0 data 22 0x30005 0x3 0x1afbfbb5818 0xf35b 0x0 0x0 0x80005 0x3 0x1afbfbb5818 0xf31c 0x0 0x0 0x0 0x0 0x0 0x0 0x0 0x0 0x9 0x2 0x0 0x0 oops 2 2 java/lang/String 8 java/lang/String methods 0
ciMethod com/intellij/util/lang/ClasspathCache getPackageNameHash (Ljava/lang/String;I)J 512 0 52796 0 152
ciMethod com/intellij/util/lang/ClasspathCache $$$reportNull$$$0 (I)V 0 0 1 0 -1
ciMethod com/intellij/util/lang/Access i64 (Ljava/lang/Object;I)J 0 0 1 0 -1
ciMethod com/intellij/util/lang/Access u32 (Ljava/lang/Object;I)J 718 0 259 0 -1
ciMethod com/intellij/util/lang/Access i32 (Ljava/lang/Object;I)I 0 0 1 0 -1
ciMethod com/intellij/util/lang/Access i8 (Ljava/lang/Object;I)I 0 0 1 0 -1
ciMethod com/intellij/util/lang/Xxh3Impl hash (Ljava/lang/Object;Lcom/intellij/util/lang/Access;IIJ)J 522 0 78962 0 -1
ciMethod com/intellij/util/lang/Xxh3Impl hashLarge (Ljava/lang/Object;Lcom/intellij/util/lang/Access;IIJ)J 18622 160688 9278 0 -1
ciMethod com/intellij/util/lang/Xxh3Impl XXH64_avalanche (J)J 0 0 101 0 -1
ciMethod com/intellij/util/lang/Xxh3Impl avalanche (J)J 510 0 1360 0 -1
ciMethod com/intellij/util/lang/Xxh3Impl rrmxmx (JJ)J 12 0 371 0 -1
ciMethod com/intellij/util/lang/Xxh3Impl mix16B (JLjava/lang/Object;Lcom/intellij/util/lang/Access;II)J 512 0 7523 0 -1
ciMethod com/intellij/util/lang/Xxh3Impl unsignedLongMulXorFold (JJ)J 512 0 7451 0 -1
ciMethod com/intellij/util/lang/Xxh3Impl unsignedInt (I)J 0 0 202 0 -1
ciMethod com/intellij/util/lang/ZipResourceFile computePackageIndex ()Lcom/intellij/util/lang/ClasspathCache$LoaderDataBuilder; 8 121532 67 0 -1
ciMethod com/intellij/util/lang/ZipResourceFile $$$reportNull$$$0 (I)V 0 0 1 0 -1
ciMethod com/intellij/util/lang/Hash arraySize (IF)I 1942 0 580 0 0
ciMethod com/intellij/util/lang/Hash nextPowerOfTwo (J)J 786 0 580 0 -1
ciMethod com/intellij/util/lang/Hash maxFill (IF)I 1532 0 314 0 0
ciMethodData com/intellij/util/lang/Hash arraySize (IF)I 1 390 orig 80 0 0 0 0 0 0 0 0 0 0 0 0 0 0 0 0 0 0 0 0 0 0 0 0 0 0 0 0 0 0 0 0 0 0 0 0 0 0 0 0 0 0 0 0 0 0 0 0 0 0 0 0 0 0 0 0 0 0 0 0 0 0 0 0 0 0 0 0 0 0 0 0 0 0 0 0 0 0 0 0 data 60 0x80002 0x186 0xc0002 0x186 0xf0002 0x186 0x180007 0x186 0x160 0x0 0x230002 0x0 0x280005 0x0 0x0 0x0 0x0 0x0 0x2c0005 0x0 0x0 0x0 0x0 0x0 0x310005 0x0 0x0 0x0 0x0 0x0 0x350005 0x0 0x0 0x0 0x0 0x0 0x3a0005 0x0 0x0 0x0 0x0 0x0 0x3d0005 0x0 0x0 0x0 0x0 0x0 0x400002 0x0 0x0 0x0 0x0 0x0 0x0 0x0 0x9 0x2 0x0 0x0 oops 0 methods 0
ciMethod com/intellij/util/lang/ClasspathCache$LoaderDataBuilder <init> ()V 8 0 67 0 0
ciMethod com/intellij/util/lang/ClasspathCache$LoaderDataBuilder addPackageFromName (Ljava/lang/String;)V 128450 0 103056 0 1120
ciMethod com/intellij/util/lang/ClasspathCache$LoaderDataBuilder $$$reportNull$$$0 (I)V 0 0 1 0 -1
ciMethod com/intellij/util/lang/HashMapZipFile getRawNameSet ()[Lcom/intellij/util/lang/ImmutableZipEntry; 8 0 4 0 0
ciMethod com/intellij/util/lang/StrippedLongSet <init> (IF)V 16 0 134 0 0
ciMethod com/intellij/util/lang/StrippedLongSet <init> ()V 16 0 134 0 0
ciMethod com/intellij/util/lang/StrippedLongSet realSize ()I 274 0 76 0 -1
ciMethod com/intellij/util/lang/StrippedLongSet add (J)Z 125160 21016 100552 0 448
ciMethod com/intellij/util/lang/StrippedLongSet rehash (I)V 4 188 76 0 0
ciMethodData com/intellij/util/lang/Xxh3Impl hash (Ljava/lang/Object;Lcom/intellij/util/lang/Access;IIJ)J 2 78701 orig 80 0 0 0 0 0 0 0 0 0 0 0 0 0 0 0 0 0 0 0 0 0 0 0 0 0 0 0 0 0 0 0 0 0 0 0 0 0 0 0 0 0 0 0 0 0 0 0 0 0 0 0 0 0 0 0 0 0 0 0 0 0 0 0 0 0 0 0 0 0 0 0 0 0 0 0 0 0 0 0 0 data 133 0x30007 0x131f0 0x260 0x19d 0x90007 0xbf 0xb0 0xde 0x330005 0x0 0x1afe83a3490 0x1c 0x1afe83917d0 0xc2 0x450005 0x0 0x1afe83a3490 0x1c 0x1afe83917d0 0xc2 0x530002 0xde 0x5e0002 0xde 0x660002 0xde 0x6c0007 0x24 0xa0 0x9b 0x770002 0x9b 0x800005 0x0 0x1afe83a3490 0x2 0x1afe83917d0 0x99 0x8f0005 0x0 0x1afe83a3490 0x2 0x1afe83917d0 0x99 0xb90002 0x9b 0xbe0007 0x0 0xe0 0x24 0xc40005 0x0 0x1afe83917d0 0x24 0x0 0x0 0xd60005 0x0 0x1afe83917d0 0x24 0x0 0x0 0xe40005 0x0 0x1afe83917d0 0x24 0x0 0x0 0x1020002 0x24 0x1120002 0x24 0x11f0002 0x24 0x1330002 0x0 0x13b0007 0x5e5 0x110 0x12c14 0x1490007 0xa16 0xc0 0x12225 0x14f0007 0x6c67 0x80 0xb6f1 0x1550007 0x9056 0x40 0x270f 0x1640002 0x270f 0x1780002 0x270d 0x18a0002 0xb6d4 0x19e0002 0xb6dc 0x1b00002 0x12147 0x1c40002 0x12135 0x1d20002 0x12b13 0x1e60002 0x12b3f 0x1ee0002 0x12ba2 0x1f80002 0x5e5 0x0 0x0 0x0 0x0 0x0 0x0 0x0 0x0 0x0 0x0 0x0 0x0 0x0 0x9 0x6 0x0 0x0 0x0 0x0 0x0 0x0 oops 11 10 com/intellij/util/lang/CharSequenceAccess$LittleEndianCharSequenceAccess 12 com/intellij/util/lang/ByteArrayAccess 16 com/intellij/util/lang/CharSequenceAccess$LittleEndianCharSequenceAccess 18 com/intellij/util/lang/ByteArrayAccess 34 com/intellij/util/lang/CharSequenceAccess$LittleEndianCharSequenceAccess 36 com/intellij/util/lang/ByteArrayAccess 40 com/intellij/util/lang/CharSequenceAccess$LittleEndianCharSequenceAccess 42 com/intellij/util/lang/ByteArrayAccess 52 com/intellij/util/lang/ByteArrayAccess 58 com/intellij/util/lang/ByteArrayAccess 64 com/intellij/util/lang/ByteArrayAccess methods 0
ciMethodData com/intellij/util/lang/ClasspathCache getPackageNameHash (Ljava/lang/String;I)J 2 52540 orig 80 0 0 0 0 0 0 0 0 0 0 0 0 0 0 0 0 0 0 0 0 0 0 0 0 0 0 0 0 0 0 0 0 0 0 0 0 0 0 0 0 0 0 0 0 0 0 0 0 0 0 0 0 0 0 0 0 0 0 0 0 0 0 0 0 0 0 0 0 0 0 0 0 0 0 0 0 0 0 0 0 data 25 0x10007 0xcd12 0x30 0x0 0x50002 0x0 0x90007 0xcce2 0x38 0x5f 0xd0003 0x5f 0x28 0x190002 0xcce0 0x0 0x0 0x0 0x0 0x0 0x0 0x9 0x2 0x0 0x0 oops 0 methods 0
ciMethodData com/intellij/util/lang/StrippedLongSet add (J)Z 2 37972 orig 80 0 0 0 0 0 0 0 0 0 0 0 0 0 0 0 0 0 0 0 0 0 0 0 0 0 0 0 0 0 0 0 0 0 0 0 0 0 0 0 0 0 0 0 0 0 0 0 0 0 0 0 0 0 0 0 0 0 0 0 0 0 0 0 0 0 0 0 0 0 0 0 0 0 0 0 0 0 0 0 0 data 48 0x30007 0x93c4 0x58 0x67 0xa0007 0x1d 0x20 0x4a 0x140003 0x1d 0x98 0x2e0007 0x3fb 0x80 0x9009 0x350007 0x1015 0x20 0x8007 0x4c0007 0x1c3 0x40 0x16f8 0x530007 0x8a8 0xffffffffffffffe0 0xe52 0x6c0007 0x5bf 0x40 0x1c 0x7a0002 0x1c 0x7d0002 0x1c 0x0 0x0 0x0 0x0 0x0 0x0 0x0 0x0 0x9 0x3 0x0 0x0 0x0 oops 0 methods 0
ciMethodData com/intellij/util/lang/ClasspathCache$LoaderDataBuilder addPackageFromName (Ljava/lang/String;)V 2 38831 orig 80 0 0 0 0 0 0 0 0 0 0 0 0 0 0 0 0 0 0 0 0 0 0 0 0 0 0 0 0 0 0 0 0 0 0 0 0 0 0 0 0 0 0 0 0 0 0 0 0 0 0 0 0 0 0 0 0 0 0 0 0 0 0 0 0 0 0 0 0 0 0 0 0 0 0 0 0 0 0 0 0 data 43 0x10007 0x983f 0x30 0x0 0x50002 0x0 0xb0005 0x113 0x1afbfbb5818 0x9779 0x0 0x0 0xe0007 0x14e3 0x38 0x83b7 0x150003 0x83b5 0x18 0x220005 0x113 0x1afbfbb5818 0x9761 0x0 0x0 0x250002 0x9844 0x280005 0x113 0x1afc4244d00 0x977b 0x0 0x0 0x0 0x0 0x0 0x0 0x0 0x0 0x9 0x2 0x0 0x0 oops 3 8 java/lang/String 21 java/lang/String 29 com/intellij/util/lang/StrippedLongSet methods 0
ciMethodData com/intellij/util/lang/StrippedLongSet rehash (I)V 2 74 orig 80 0 0 0 0 0 0 0 0 0 0 0 0 0 0 0 0 0 0 0 0 0 0 0 0 0 0 0 0 0 0 0 0 0 0 0 0 0 0 0 0 0 0 0 0 0 0 0 0 0 0 0 0 0 0 0 0 0 0 0 0 0 0 0 0 0 0 0 0 0 0 0 0 0 0 0 0 0 0 0 0 data 40 0x170002 0x4a 0x210007 0x4a 0xc8 0x5166 0x2d0007 0x5166 0x38 0x5096 0x300003 0x5096 0xffffffffffffffe0 0x420007 0x47d6 0x58 0x990 0x530007 0x990 0x38 0x3d1 0x560003 0x3d1 0xffffffffffffffe0 0x620003 0x5166 0xffffffffffffff50 0x780002 0x4a 0x0 0x0 0x0 0x0 0x0 0x0 0x0 0x9 0x2 0x3e 0x0 oops 0 methods 0
ciMethodData com/intellij/util/lang/ZipResourceFile computePackageIndex ()Lcom/intellij/util/lang/ClasspathCache$LoaderDataBuilder; 2 63 orig 80 0 0 0 0 0 0 0 0 0 0 0 0 0 0 0 0 0 0 0 0 0 0 0 0 0 0 0 0 0 0 0 0 0 0 0 0 0 0 0 0 0 0 0 0 0 0 0 0 0 0 0 0 0 0 0 0 0 0 0 0 0 0 0 0 0 0 0 0 0 0 0 0 0 0 0 0 0 0 0 0 data 46 0x40002 0x3f 0xc0004 0x0 0x1afc423e670 0x3f 0x0 0x0 0xf0005 0x0 0x1afc423e670 0x3f 0x0 0x0 0x1c0007 0x3e 0x88 0x25cc6 0x270007 0x12ef9 0x50 0x12e6f 0x300005 0x47f 0x1afc423e3a8 0x129f1 0x0 0x0 0x360003 0x25ce7 0xffffffffffffff90 0x3b0007 0x3e 0x30 0x0 0x3f0002 0x0 0x0 0x0 0x0 0x0 0x0 0x0 0x9 0x1 0x0 oops 3 4 com/intellij/util/lang/HashMapZipFile 10 com/intellij/util/lang/HashMapZipFile 24 com/intellij/util/lang/ClasspathCache$LoaderDataBuilder methods 0
ciMethodData com/intellij/util/lang/ClasspathCache$LoaderDataBuilder <init> ()V 1 63 orig 80 0 0 0 0 0 0 0 0 0 0 0 0 0 0 0 0 0 0 0 0 0 0 0 0 0 0 0 0 0 0 0 0 0 0 0 0 0 0 0 0 0 0 0 0 0 0 0 0 0 0 0 0 0 0 0 0 0 0 0 0 0 0 0 0 0 0 0 0 0 0 0 0 0 0 0 0 0 0 0 0 data 13 0x10002 0x3f 0x90002 0x3f 0x140002 0x3f 0x0 0x0 0x0 0x0 0x9 0x1 0x6 oops 0 methods 0
ciMethodData com/intellij/util/lang/StrippedLongSet <init> ()V 1 126 orig 80 0 0 0 0 0 0 0 0 0 0 0 0 0 0 0 0 0 0 0 0 0 0 0 0 0 0 0 0 0 0 0 0 0 0 0 0 0 0 0 0 0 0 0 0 0 0 0 0 0 0 0 0 0 0 0 0 0 0 0 0 0 0 0 0 0 0 0 0 0 0 0 0 0 0 0 0 0 0 0 0 data 8 0x50002 0x7e 0x0 0x0 0x0 0x9 0x1 0x0 oops 0 methods 0
ciMethodData com/intellij/util/lang/StrippedLongSet <init> (IF)V 1 126 orig 80 0 0 0 0 0 0 0 0 0 0 0 0 0 0 0 0 0 0 0 0 0 0 0 0 0 0 0 0 0 0 0 0 0 0 0 0 0 0 0 0 0 0 0 0 0 0 0 0 0 0 0 0 0 0 0 0 0 0 0 0 0 0 0 0 0 0 0 0 0 0 0 0 0 0 0 0 0 0 0 0 data 34 0x10002 0x7e 0x70007 0x0 0x40 0x7e 0xd0007 0x7e 0x30 0x0 0x160002 0x0 0x1b0007 0x7e 0x30 0x0 0x240002 0x0 0x300002 0x7e 0x460002 0x7e 0x0 0x0 0x0 0x0 0x0 0x0 0x0 0x9 0x3 0x3e 0x0 0x0 oops 0 methods 0
compile com/intellij/util/lang/ZipResourceFile computePackageIndex ()Lcom/intellij/util/lang/ClasspathCache$LoaderDataBuilder; -1 4 inline 33 0 -1 0 com/intellij/util/lang/ZipResourceFile computePackageIndex ()Lcom/intellij/util/lang/ClasspathCache$LoaderDataBuilder; 1 4 0 com/intellij/util/lang/ClasspathCache$LoaderDataBuilder <init> ()V 2 1 0 java/lang/Object <init> ()V 2 9 0 com/intellij/util/lang/StrippedLongSet <init> ()V 3 5 0 com/intellij/util/lang/StrippedLongSet <init> (IF)V 4 1 0 java/lang/Object <init> ()V 2 20 0 com/intellij/util/lang/StrippedLongSet <init> ()V 3 5 0 com/intellij/util/lang/StrippedLongSet <init> (IF)V 4 1 0 java/lang/Object <init> ()V 1 15 0 com/intellij/util/lang/HashMapZipFile getRawNameSet ()[Lcom/intellij/util/lang/ImmutableZipEntry; 1 48 0 com/intellij/util/lang/ClasspathCache$LoaderDataBuilder addPackageFromName (Ljava/lang/String;)V 2 11 0 java/lang/String endsWith (Ljava/lang/String;)Z 3 3 0 java/lang/String length ()I 4 6 0 java/lang/String coder ()B 3 7 0 java/lang/String length ()I 4 6 0 java/lang/String coder ()B 3 11 0 java/lang/String startsWith (Ljava/lang/String;I)Z 4 6 0 java/lang/String length ()I 5 6 0 java/lang/String coder ()B 4 10 0 java/lang/String length ()I 5 6 0 java/lang/String coder ()B 4 39 0 java/lang/String coder ()B 4 47 0 java/lang/String coder ()B 4 70 0 jdk/internal/util/ArraysSupport mismatch ([BI[BII)I 2 34 0 java/lang/String lastIndexOf (I)I 3 3 0 java/lang/String length ()I 4 6 0 java/lang/String coder ()B 3 8 0 java/lang/String lastIndexOf (II)I 4 1 0 java/lang/String isLatin1 ()Z 4 13 0 java/lang/StringLatin1 lastIndexOf ([BII)I 5 1 0 java/lang/StringLatin1 canEncode (I)Z 2 37 0 com/intellij/util/lang/ClasspathCache getPackageNameHash (Ljava/lang/String;I)J 2 40 0 com/intellij/util/lang/StrippedLongSet add (J)Z
